rsid,chr,pos,nearest_gene,gene_distance,gene_location,in_clinvar,clinical_significance,conditions,source_file,ID,P,CHR,BP,gene_biotype,all_nearby_genes,clinvar_id,error
rs12740374,1,109817590.0,CELSR2,0,within,True,association,Low density lipoprotein cholesterol level quantitative trait locus 6 (LDLCQ6),best_GxC_snps_apolipoprotein_b_sex.txt,rs12740374,4.15683e-08,,,protein_coding,CELSR2|PSRC1,7081.0,
rs58542926,19,19379549.0,AC138430.4,0,within,False,,,best_GxC_snps_apolipoprotein_b_sex.txt,rs58542926,9.242299999999999e-21,,,processed_transcript,AC138430.4|TM6SF2|HAPLN4|SUGP1,,
rs16996148,19,19658472.0,CILP2,1004,downstream,False,,,best_GxC_snps_apolipoprotein_b_sex.txt,rs16996148,4.49662e-15,,,protein_coding,CILP2,,
rs429358,19,45411941.0,APOE,0,within,True,risk factor|drug response|Likely pathogenic|Conflicting interpretations of pathogenicity; other; risk factor|Uncertain significance|not provided|Pathogenic/Established risk allele|association|Pathogenic,"Alzheimer disease 2 (AD2)|Warfarin response|Alzheimer disease|Familial hypercholesterolemia|not specified|Lipoprotein glomerulopathy (LPG)|APOE5 VARIANT|Alzheimer disease 4 (AD4)|Primary degenerative dementia of the Alzheimer type, presenile onset|not provided|Familial type 3 hyperlipoproteinemia|APOE4(-)-FREIBURG",best_GxC_snps_apolipoprotein_b_sex.txt,rs429358,5.39774e-14,,,protein_coding,APOE|TOMM40|APOC1,441269.0,
rs1065853,19,45413233.0,APOE,583,downstream,False,,,best_GxC_snps_apolipoprotein_b_sex.txt,rs1065853,2.94402e-23,,,protein_coding,APOE|APOC1|TOMM40,,
rs183421879,15,33133208.0,FMN1,0,within,False,,,best_GxC_snps_arm_fat-free_mass_avg_statins.txt,rs183421879,4.58881e-09,,,protein_coding,FMN1|RP11-758N13.3,,
rs9370162,6,52728779.0,RP11-392A23.4,0,within,False,,,best_GxC_snps_shbg_0_statins.txt,rs9370162,4.4123e-08,,,pseudogene,RP11-392A23.4|RP11-392A23.5,,
rs738409,22,44324727.0,PNPLA3,0,within,False,,,best_GxC_snps_shbg_0_statins.txt,rs738409,2.40869e-10,,,protein_coding,PNPLA3,,
rs77883160,1,52121900.0,OSBPL9,0,within,False,,,best_GxC_snps_urea_statins.txt,rs77883160,2.12708e-08,,,protein_coding,OSBPL9,,
rs116790778,1,172009049.0,DNM3,0,within,False,,,best_GxC_snps_urea_statins.txt,rs116790778,1.69768e-08,,,protein_coding,DNM3,,
rs6735124,2,129013404.0,HS6ST1,0,within,False,,,best_GxC_snps_urea_statins.txt,rs6735124,2.1056e-08,,,protein_coding,HS6ST1,,
rs11705896,3,99053815.0,RP11-121C1.1,8419,downstream,False,,,best_GxC_snps_urea_statins.txt,rs11705896,1.502e-10,,,pseudogene,RP11-121C1.1,,
rs117891277,8,107012675.0,RP11-152P17.2,0,within,False,,,best_GxC_snps_urea_statins.txt,rs117891277,2.30757e-10,,,processed_transcript,RP11-152P17.2,,
rs147648947,10,108226109.0,None within 10kb,N/A,N/A,False,,,best_GxC_snps_urea_statins.txt,rs147648947,8.04942e-10,,,N/A,,,
rs7237806,18,63623731.0,None within 10kb,N/A,N/A,False,,,best_GxC_snps_urea_statins.txt,rs7237806,3.69619e-08,,,N/A,,,
18:66711976_AGTT_A,,,Position unknown,N/A,N/A,False,,,best_GxC_snps_urea_statins.txt,18:66711976_AGTT_A,7.25426e-09,,,N/A,,,404 Client Error: Not Found. for url: https://myvariant.info/v1/variant/18:66711976_AGTT_A?fields=clinvar.rcv.clinical_significance%2Cclinvar.rcv.conditions.name%2Cclinvar.variant_id&assembly=hg19
rs9977156,21,32450388.0,None within 10kb,N/A,N/A,False,,,best_GxC_snps_urea_statins.txt,rs9977156,2.73577e-09,,,N/A,,,
rs314276,6,105407999.0,LIN28B,0,within,False,,,best_GxC_snps_igf-1_sex.txt,rs314276,7.96253e-14,,,protein_coding,LIN28B,,
rs4764939,12,103522952.0,RP11-328J6.1,0,within,False,,,best_GxC_snps_igf-1_sex.txt,rs4764939,2.22677e-09,,,antisense,RP11-328J6.1,,
rs112635299,14,94838142.0,SERPINA1,4942,upstream,False,,,best_GxC_snps_igf-1_sex.txt,rs112635299,1.02924e-09,,,protein_coding,SERPINA1|SERPINA2P,,
rs5388,17,61995170.0,CSHL1,0,within,True,Benign|Likely benign|Uncertain significance,Decreased response to growth hormone stimulation test|not provided|not specified,best_GxC_snps_igf-1_sex.txt,rs5388,8.14293e-10,,,protein_coding,CSHL1|GH1,197151.0,
rs1563189,18,1618782.0,RP11-476K15.1,0,within,False,,,best_GxC_snps_igf-1_sex.txt,rs1563189,1.23098e-08,,,lincRNA,RP11-476K15.1,,
rs4305335,20,21199624.0,PLK1S1,0,within,False,,,best_GxC_snps_igf-1_sex.txt,rs4305335,9.14308e-13,,,processed_transcript,PLK1S1|RP4-777D9.2,,
rs12484809,22,44325631.0,PNPLA3,0,within,False,,,best_GxC_snps_igf-1_sex.txt,rs12484809,4.08156e-09,,,protein_coding,PNPLA3,,
6:68435263_CTT_C,,,Position unknown,N/A,N/A,False,,,best_GxC_snps_height_0_age.txt,6:68435263_CTT_C,2.59358e-08,,,N/A,,,404 Client Error: Not Found. for url: https://myvariant.info/v1/variant/6:68435263_CTT_C?fields=clinvar.rcv.clinical_significance%2Cclinvar.rcv.conditions.name%2Cclinvar.variant_id&assembly=hg19
rs35198068,10,114754784.0,TCF7L2,0,within,False,,,best_GxC_snps_hba1c_sex.txt,rs35198068,7.77689e-12,,,protein_coding,TCF7L2|RP11-139K1.2,,
rs188423074,2,103979906.0,None within 10kb,N/A,N/A,False,,,best_GxC_snps_monocyte_count_age.txt,rs188423074,5.1535e-11,,,N/A,,,
3:128747484_CTTTTTTT_C,,,Position unknown,N/A,N/A,False,,,best_GxC_snps_monocyte_count_age.txt,3:128747484_CTTTTTTT_C,4.15291e-08,,,N/A,,,404 Client Error: Not Found. for url: https://myvariant.info/v1/variant/3:128747484_CTTTTTTT_C?fields=clinvar.rcv.clinical_significance%2Cclinvar.rcv.conditions.name%2Cclinvar.variant_id&assembly=hg19
rs112139586,3,142546054.0,RP11-372E1.1,0,within,False,,,best_GxC_snps_monocyte_count_age.txt,rs112139586,2.03122e-08,,,pseudogene,RP11-372E1.1|PCOLCE2,,
rs80014631,6,140567326.0,None within 10kb,N/A,N/A,False,,,best_GxC_snps_monocyte_count_age.txt,rs80014631,3.93606e-09,,,N/A,,,
rs117777882,7,15921754.0,None within 10kb,N/A,N/A,False,,,best_GxC_snps_monocyte_count_age.txt,rs117777882,2.45122e-09,,,N/A,,,
rs141755905,8,134499306.0,ST3GAL1,0,within,False,,,best_GxC_snps_monocyte_count_age.txt,rs141755905,1.43562e-11,,,protein_coding,ST3GAL1,,
rs61976197,14,27602402.0,RP11-384J4.2,0,within,False,,,best_GxC_snps_monocyte_count_age.txt,rs61976197,2.35045e-10,,,lincRNA,RP11-384J4.2,,
rs145243699,14,47923397.0,MDGA2,0,within,False,,,best_GxC_snps_monocyte_count_age.txt,rs145243699,2.79099e-09,,,protein_coding,MDGA2|MDGA2|RPS15AP3,,
rs35994109,1,2025886.0,PRKCZ,0,within,False,,,best_GxC_snps_hba1c_0_statins.txt,rs35994109,1.97928e-08,,,protein_coding,PRKCZ,,
rs11591147,1,55505647.0,PCSK9,0,within,False,,,best_GxC_snps_hba1c_0_statins.txt,rs11591147,5.96626e-09,,,protein_coding,PCSK9,,
rs12130010,1,64467276.0,ROR1,0,within,False,,,best_GxC_snps_hba1c_0_statins.txt,rs12130010,3.14402e-08,,,protein_coding,ROR1,,
rs76878563,1,86566521.0,COL24A1,0,within,False,,,best_GxC_snps_hba1c_0_statins.txt,rs76878563,4.83158e-08,,,protein_coding,COL24A1,,
rs116378212,1,99834728.0,None within 10kb,N/A,N/A,False,,,best_GxC_snps_hba1c_0_statins.txt,rs116378212,2.49322e-11,,,N/A,,,
rs602633,1,109821511.0,PSRC1,667,upstream,False,,,best_GxC_snps_hba1c_0_statins.txt,rs602633,8.34218e-11,,,protein_coding,PSRC1|CELSR2,,
1:117114700_CACAT_C,,,Position unknown,N/A,N/A,False,,,best_GxC_snps_hba1c_0_statins.txt,1:117114700_CACAT_C,3.639e-08,,,N/A,,,404 Client Error: Not Found. for url: https://myvariant.info/v1/variant/1:117114700_CACAT_C?fields=clinvar.rcv.clinical_significance%2Cclinvar.rcv.conditions.name%2Cclinvar.variant_id&assembly=hg19
rs2493389,1,120474178.0,NOTCH2,0,within,False,,,best_GxC_snps_hba1c_0_statins.txt,rs2493389,8.57737e-11,,,protein_coding,NOTCH2,,
rs17544816,1,215168863.0,None within 10kb,N/A,N/A,False,,,best_GxC_snps_hba1c_0_statins.txt,rs17544816,1.12809e-08,,,N/A,,,
rs1260326,2,27730940.0,GCKR,0,within,False,,,best_GxC_snps_hba1c_0_statins.txt,rs1260326,4.46195e-16,,,protein_coding,GCKR,,
rs4264572,2,84362791.0,None within 10kb,N/A,N/A,False,,,best_GxC_snps_hba1c_0_statins.txt,rs4264572,2.49036e-08,,,N/A,,,
rs115829785,2,178850138.0,AC011998.1,0,within,False,,,best_GxC_snps_hba1c_0_statins.txt,rs115829785,1.93941e-08,,,sense_intronic,AC011998.1|PDE11A,,
rs2943640,2,227093585.0,None within 10kb,N/A,N/A,False,,,best_GxC_snps_hba1c_0_statins.txt,rs2943640,3.97602e-08,,,N/A,,,
rs75158816,3,36000376.0,None within 10kb,N/A,N/A,False,,,best_GxC_snps_hba1c_0_statins.txt,rs75158816,1.62882e-09,,,N/A,,,
rs7650631,3,152091186.0,MBNL1,0,within,False,,,best_GxC_snps_hba1c_0_statins.txt,rs7650631,7.58302e-09,,,protein_coding,MBNL1,,
rs28629420,3,159856496.0,IL12A-AS1,0,within,False,,,best_GxC_snps_hba1c_0_statins.txt,rs28629420,1.66175e-08,,,antisense,IL12A-AS1,,
rs143018845,3,172808323.0,SPATA16,0,within,False,,,best_GxC_snps_hba1c_0_statins.txt,rs143018845,3.86429e-11,,,protein_coding,SPATA16,,
rs9859406,3,185534482.0,IGF2BP2,0,within,False,,,best_GxC_snps_hba1c_0_statins.txt,rs9859406,9.91599e-10,,,protein_coding,IGF2BP2,,
rs56337234,4,1784403.0,None within 10kb,N/A,N/A,False,,,best_GxC_snps_hba1c_0_statins.txt,rs56337234,3.84027e-08,,,N/A,,,
rs10937719,4,6295322.0,WFS1,0,within,False,,,best_GxC_snps_hba1c_0_statins.txt,rs10937719,2.92627e-09,,,protein_coding,WFS1,,
rs62323099,4,126048555.0,None within 10kb,N/A,N/A,False,,,best_GxC_snps_hba1c_0_statins.txt,rs62323099,4.82029e-08,,,N/A,,,
rs72926691,4,126150041.0,None within 10kb,N/A,N/A,False,,,best_GxC_snps_hba1c_0_statins.txt,rs72926691,1.86715e-08,,,N/A,,,
rs116557990,4,189114612.0,None within 10kb,N/A,N/A,False,,,best_GxC_snps_hba1c_0_statins.txt,rs116557990,2.41194e-08,,,N/A,,,
rs77776199,5,51558744.0,None within 10kb,N/A,N/A,False,,,best_GxC_snps_hba1c_0_statins.txt,rs77776199,1.69321e-10,,,N/A,,,
rs114308908,5,99240242.0,None within 10kb,N/A,N/A,False,,,best_GxC_snps_hba1c_0_statins.txt,rs114308908,2.72339e-08,,,N/A,,,
rs77460585,5,101123995.0,None within 10kb,N/A,N/A,False,,,best_GxC_snps_hba1c_0_statins.txt,rs77460585,1.70341e-09,,,N/A,,,
rs143011543,5,101448514.0,None within 10kb,N/A,N/A,False,,,best_GxC_snps_hba1c_0_statins.txt,rs143011543,2.54783e-10,,,N/A,,,
rs145762933,5,101870140.0,None within 10kb,N/A,N/A,False,,,best_GxC_snps_hba1c_0_statins.txt,rs145762933,1.33593e-15,,,N/A,,,
rs76177300,5,102143311.0,PAM,0,within,False,,,best_GxC_snps_hba1c_0_statins.txt,rs76177300,4.62549e-16,,,protein_coding,PAM,,
rs75432112,5,102586407.0,CTC-503K11.2,0,within,False,,,best_GxC_snps_hba1c_0_statins.txt,rs75432112,2.51077e-16,,,antisense,CTC-503K11.2|C5orf30,,
rs1229743,5,136710961.0,SPOCK1,0,within,False,,,best_GxC_snps_hba1c_0_statins.txt,rs1229743,2.00441e-08,,,protein_coding,SPOCK1,,
rs1433038,5,145014043.0,PRELID2,0,within,False,,,best_GxC_snps_hba1c_0_statins.txt,rs1433038,2.51171e-08,,,protein_coding,PRELID2,,
rs30282,5,155670993.0,SGCD,0,within,False,,,best_GxC_snps_hba1c_0_statins.txt,rs30282,1.60789e-09,,,protein_coding,SGCD,,
rs7766070,6,20686573.0,CDKAL1,0,within,False,,,best_GxC_snps_hba1c_0_statins.txt,rs7766070,7.39088e-13,,,protein_coding,CDKAL1,,
6:26561226_GT_G,,,Position unknown,N/A,N/A,False,,,best_GxC_snps_hba1c_0_statins.txt,6:26561226_GT_G,1.05084e-09,,,N/A,,,404 Client Error: Not Found. for url: https://myvariant.info/v1/variant/6:26561226_GT_G?fields=clinvar.rcv.clinical_significance%2Cclinvar.rcv.conditions.name%2Cclinvar.variant_id&assembly=hg19
rs182315770,6,26916211.0,GUSBP2,0,within,False,,,best_GxC_snps_hba1c_0_statins.txt,rs182315770,1.08204e-09,,,pseudogene,GUSBP2|LINC00240,,
6:31525738_TG_T,,,Position unknown,N/A,N/A,False,,,best_GxC_snps_hba1c_0_statins.txt,6:31525738_TG_T,4.51897e-10,,,N/A,,,404 Client Error: Not Found. for url: https://myvariant.info/v1/variant/6:31525738_TG_T?fields=clinvar.rcv.clinical_significance%2Cclinvar.rcv.conditions.name%2Cclinvar.variant_id&assembly=hg19
rs622076,6,31826705.0,NEU1,0,within,False,,,best_GxC_snps_hba1c_0_statins.txt,rs622076,1.40273e-08,,,protein_coding,NEU1|SLC44A4,,
rs115277907,6,31901090.0,C2,0,within,False,,,best_GxC_snps_hba1c_0_statins.txt,rs115277907,5.97272e-13,,,protein_coding,C2|CFB|CFB,,
rs9268230,6,32287567.0,C6orf10,0,within,False,,,best_GxC_snps_hba1c_0_statins.txt,rs9268230,3.54015e-12,,,protein_coding,C6orf10|HNRNPA1P2,,
rs3806155,6,32373378.0,BTNL2,0,within,False,,,best_GxC_snps_hba1c_0_statins.txt,rs3806155,2.59005e-19,,,protein_coding,BTNL2,,
rs146733600,6,32573760.0,None within 10kb,N/A,N/A,False,,,best_GxC_snps_hba1c_0_statins.txt,rs146733600,1.06981e-19,,,N/A,,,
rs9273368,6,32626475.0,HLA-DQB1,769,upstream,False,,,best_GxC_snps_hba1c_0_statins.txt,rs9273368,2.4444799999999997e-31,,,protein_coding,HLA-DQB1|HLA-DQB1-AS1|XXbac-BPG254F23.6,,
rs9273375,6,32626786.0,HLA-DQB1,458,upstream,False,,,best_GxC_snps_hba1c_0_statins.txt,rs9273375,1.23439e-10,,,protein_coding,HLA-DQB1|HLA-DQB1-AS1|XXbac-BPG254F23.6,,
rs115018313,6,32710407.0,HLA-DQA2,0,within,False,,,best_GxC_snps_hba1c_0_statins.txt,rs115018313,2.5935199999999998e-20,,,protein_coding,HLA-DQA2|MIR3135B,,
rs11434142,,,Position unknown,N/A,N/A,False,,,best_GxC_snps_hba1c_0_statins.txt,rs11434142,4.72194e-08,,,N/A,,,404 Client Error: Not Found. for url: https://myvariant.info/v1/variant/rs11434142?fields=clinvar.rcv.clinical_significance%2Cclinvar.rcv.conditions.name%2Cclinvar.variant_id&assembly=hg19
rs115469976,6,32986508.0,HLA-DOA,9119,downstream,False,,,best_GxC_snps_hba1c_0_statins.txt,rs115469976,1.08388e-16,,,protein_coding,HLA-DOA,,
rs116647495,6,33614871.0,ITPR3,0,within,False,,,best_GxC_snps_hba1c_0_statins.txt,rs116647495,8.53063e-11,,,protein_coding,ITPR3,,
rs72874552,6,67232390.0,None within 10kb,N/A,N/A,False,,,best_GxC_snps_hba1c_0_statins.txt,rs72874552,7.19516e-09,,,N/A,,,
rs141580957,6,79558029.0,None within 10kb,N/A,N/A,False,,,best_GxC_snps_hba1c_0_statins.txt,rs141580957,2.2862e-08,,,N/A,,,
rs562286238,6,83008499.0,None within 10kb,N/A,N/A,False,,,best_GxC_snps_hba1c_0_statins.txt,rs562286238,3.31582e-08,,,N/A,,,
rs189352680,6,98144027.0,RP1-104O17.1,6130,upstream,False,,,best_GxC_snps_hba1c_0_statins.txt,rs189352680,1.05286e-08,,,lincRNA,RP1-104O17.1,,
rs12202499,6,112605735.0,RP11-506B6.6,0,within,False,,,best_GxC_snps_hba1c_0_statins.txt,rs12202499,5.11684e-10,,,antisense,RP11-506B6.6,,
rs7775698,6,135418635.0,HBS1L,0,within,False,,,best_GxC_snps_hba1c_0_statins.txt,rs7775698,4.23668e-08,,,protein_coding,HBS1L,,
rs117719291,6,169437647.0,RP3-495K2.2,1910,downstream,False,,,best_GxC_snps_hba1c_0_statins.txt,rs117719291,8.22789e-09,,,lincRNA,RP3-495K2.2,,
rs75760835,7,36766732.0,AOAH,2578,downstream,False,,,best_GxC_snps_hba1c_0_statins.txt,rs75760835,1.73385e-08,,,protein_coding,AOAH|RP11-85E16.1,,
rs11171,7,100486110.0,SRRT,0,within,False,,,best_GxC_snps_hba1c_0_statins.txt,rs11171,2.73337e-09,,,protein_coding,SRRT|UFSP1|ACHE,,
rs75475294,7,125881373.0,None within 10kb,N/A,N/A,False,,,best_GxC_snps_hba1c_0_statins.txt,rs75475294,2.09574e-08,,,N/A,,,
rs7796577,7,150203682.0,STRADBP1,5965,upstream,False,,,best_GxC_snps_hba1c_0_statins.txt,rs7796577,3.17417e-09,,,pseudogene,STRADBP1|GIMAP7,,
rs80042324,8,20958436.0,None within 10kb,N/A,N/A,False,,,best_GxC_snps_hba1c_0_statins.txt,rs80042324,3.65187e-09,,,N/A,,,
rs17578359,8,21038078.0,None within 10kb,N/A,N/A,False,,,best_GxC_snps_hba1c_0_statins.txt,rs17578359,8.83934e-10,,,N/A,,,
rs146795784,8,42525637.0,None within 10kb,N/A,N/A,False,,,best_GxC_snps_hba1c_0_statins.txt,rs146795784,1.63638e-10,,,N/A,,,
rs138828009,8,43272859.0,None within 10kb,N/A,N/A,False,,,best_GxC_snps_hba1c_0_statins.txt,rs138828009,2.84744e-08,,,N/A,,,
rs13279074,8,65493664.0,RP11-21C4.1,0,within,False,,,best_GxC_snps_hba1c_0_statins.txt,rs13279074,4.90805e-09,,,antisense,RP11-21C4.1|BHLHE22|CYP7B1|RP11-21C4.5,,
rs2954021,8,126482077.0,RP11-136O12.2,0,within,False,,,best_GxC_snps_hba1c_0_statins.txt,rs2954021,1.61391e-08,,,lincRNA,RP11-136O12.2,,
rs11990695,8,141111180.0,TRAPPC9,0,within,False,,,best_GxC_snps_hba1c_0_statins.txt,rs11990695,8.8172e-09,,,protein_coding,TRAPPC9,,
rs143688313,9,1545600.0,None within 10kb,N/A,N/A,False,,,best_GxC_snps_hba1c_0_statins.txt,rs143688313,1.62588e-09,,,N/A,,,
rs10117864,9,2304143.0,None within 10kb,N/A,N/A,False,,,best_GxC_snps_hba1c_0_statins.txt,rs10117864,8.16162e-09,,,N/A,,,
rs10811660,9,22134068.0,None within 10kb,N/A,N/A,False,,,best_GxC_snps_hba1c_0_statins.txt,rs10811660,5.47113e-17,,,N/A,,,
rs16917121,10,18555987.0,CACNB2,0,within,False,,,best_GxC_snps_hba1c_0_statins.txt,rs16917121,1.5446e-09,,,protein_coding,CACNB2|RP11-109I13.2,,
rs117223419,10,33596567.0,NRP1,0,within,False,,,best_GxC_snps_hba1c_0_statins.txt,rs117223419,9.19087e-14,,,protein_coding,NRP1,,
rs138623397,10,43514135.0,None within 10kb,N/A,N/A,False,,,best_GxC_snps_hba1c_0_statins.txt,rs138623397,5.94892e-09,,,N/A,,,
rs1907729,10,78678167.0,RP11-443A13.5,0,within,False,,,best_GxC_snps_hba1c_0_statins.txt,rs1907729,3.34586e-08,,,antisense,RP11-443A13.5|KCNMA1,,
rs35992865,10,79704541.0,H2AFZP5,8712,upstream,False,,,best_GxC_snps_hba1c_0_statins.txt,rs35992865,8.40955e-11,,,pseudogene,H2AFZP5,,
rs2243895,10,79867511.0,None within 10kb,N/A,N/A,False,,,best_GxC_snps_hba1c_0_statins.txt,rs2243895,1.74604e-08,,,N/A,,,
rs61851406,10,82668644.0,None within 10kb,N/A,N/A,False,,,best_GxC_snps_hba1c_0_statins.txt,rs61851406,1.78825e-08,,,N/A,,,
rs12219514,10,94466439.0,Y_RNA,3817,upstream,False,,,best_GxC_snps_hba1c_0_statins.txt,rs12219514,1.77763e-08,,,misc_RNA,Y_RNA,,
rs111744999,10,114673248.0,RP11-57H14.3,7378,downstream,False,,,best_GxC_snps_hba1c_0_statins.txt,rs111744999,5.6251e-11,,,sense_intronic,RP11-57H14.3,,
rs35198068,10,114754784.0,TCF7L2,0,within,False,,,best_GxC_snps_hba1c_0_statins.txt,rs35198068,1.75407e-67,,,protein_coding,TCF7L2|RP11-139K1.2,,
rs57225583,10,114771843.0,TCF7L2,0,within,False,,,best_GxC_snps_hba1c_0_statins.txt,rs57225583,5.20643e-18,,,protein_coding,TCF7L2,,
rs2237895,11,2857194.0,KCNQ1,0,within,False,,,best_GxC_snps_hba1c_0_statins.txt,rs2237895,9.16952e-14,,,protein_coding,KCNQ1|KCNQ1-AS1,,
rs61888307,11,27074645.0,RP11-1L12.3,0,within,False,,,best_GxC_snps_hba1c_0_statins.txt,rs61888307,3.90474e-08,,,antisense,RP11-1L12.3|BBOX1,,
rs149757539,11,74838045.0,CTD-2562J17.2,0,within,False,,,best_GxC_snps_hba1c_0_statins.txt,rs149757539,2.92976e-08,,,antisense,CTD-2562J17.2|SLCO2B1|OR2AT1P,,
rs139228172,11,87759718.0,None within 10kb,N/A,N/A,False,,,best_GxC_snps_hba1c_0_statins.txt,rs139228172,3.27109e-09,,,N/A,,,
rs78107022,11,110154814.0,RDX,0,within,False,,,best_GxC_snps_hba1c_0_statins.txt,rs78107022,3.69741e-08,,,protein_coding,RDX,,
rs522098,11,116326686.0,None within 10kb,N/A,N/A,False,,,best_GxC_snps_hba1c_0_statins.txt,rs522098,3.99155e-08,,,N/A,,,
rs2155138,11,128542201.0,RP11-744N12.3,0,within,False,,,best_GxC_snps_hba1c_0_statins.txt,rs2155138,3.46433e-12,,,antisense,RP11-744N12.3,,
12:32219585_TA_T,,,Position unknown,N/A,N/A,False,,,best_GxC_snps_hba1c_0_statins.txt,12:32219585_TA_T,3.68738e-09,,,N/A,,,404 Client Error: Not Found. for url: https://myvariant.info/v1/variant/12:32219585_TA_T?fields=clinvar.rcv.clinical_significance%2Cclinvar.rcv.conditions.name%2Cclinvar.variant_id&assembly=hg19
rs78784585,12,63547715.0,AVPR1A,2993,downstream,False,,,best_GxC_snps_hba1c_0_statins.txt,rs78784585,9.96597e-09,,,protein_coding,AVPR1A,,
rs1359790,13,80717156.0,None within 10kb,N/A,N/A,False,,,best_GxC_snps_hba1c_0_statins.txt,rs1359790,4.85418e-09,,,N/A,,,
rs113351515,13,81578619.0,None within 10kb,N/A,N/A,False,,,best_GxC_snps_hba1c_0_statins.txt,rs113351515,4.05139e-11,,,N/A,,,
rs72712526,14,63647182.0,None within 10kb,N/A,N/A,False,,,best_GxC_snps_hba1c_0_statins.txt,rs72712526,3.22756e-08,,,N/A,,,
rs77936052,14,86962442.0,None within 10kb,N/A,N/A,False,,,best_GxC_snps_hba1c_0_statins.txt,rs77936052,3.49523e-08,,,N/A,,,
rs117618513,14,103914841.0,MARK3,0,within,False,,,best_GxC_snps_hba1c_0_statins.txt,rs117618513,6.50879e-09,,,protein_coding,MARK3,,
rs117046521,15,51684922.0,GLDN,0,within,False,,,best_GxC_snps_hba1c_0_statins.txt,rs117046521,4.19126e-08,,,protein_coding,GLDN,,
rs117669544,15,54846189.0,UNC13C,0,within,False,,,best_GxC_snps_hba1c_0_statins.txt,rs117669544,1.22877e-08,,,protein_coding,UNC13C,,
rs28428678,15,92818423.0,RP11-152L20.3,0,within,False,,,best_GxC_snps_hba1c_0_statins.txt,rs28428678,7.79978e-10,,,antisense,RP11-152L20.3|DUXAP6,,
rs77513705,16,12866987.0,CPPED1,0,within,False,,,best_GxC_snps_hba1c_0_statins.txt,rs77513705,1.55629e-10,,,protein_coding,CPPED1,,
rs7204488,16,88178062.0,None within 10kb,N/A,N/A,False,,,best_GxC_snps_hba1c_0_statins.txt,rs7204488,1.81007e-10,,,N/A,,,
rs116908225,17,13108326.0,None within 10kb,N/A,N/A,False,,,best_GxC_snps_hba1c_0_statins.txt,rs116908225,4.31395e-09,,,N/A,,,
rs2058258,17,52864735.0,None within 10kb,N/A,N/A,False,,,best_GxC_snps_hba1c_0_statins.txt,rs2058258,4.03738e-10,,,N/A,,,
rs77542162,17,67081278.0,ABCA6,0,within,False,,,best_GxC_snps_hba1c_0_statins.txt,rs77542162,3.37147e-08,,,protein_coding,ABCA6|LOC100421166,,
rs4798813,18,9431604.0,None within 10kb,N/A,N/A,False,,,best_GxC_snps_hba1c_0_statins.txt,rs4798813,4.68258e-08,,,N/A,,,
rs183715875,18,19935080.0,RP11-535A5.1,6865,downstream,False,,,best_GxC_snps_hba1c_0_statins.txt,rs183715875,2.21963e-08,,,lincRNA,RP11-535A5.1,,
rs62084728,18,26252876.0,None within 10kb,N/A,N/A,False,,,best_GxC_snps_hba1c_0_statins.txt,rs62084728,1.03313e-08,,,N/A,,,
rs72928269,18,51254450.0,None within 10kb,N/A,N/A,False,,,best_GxC_snps_hba1c_0_statins.txt,rs72928269,4.95851e-08,,,N/A,,,
rs147985405,19,11197751.0,LDLR,2287,upstream,False,,,best_GxC_snps_hba1c_0_statins.txt,rs147985405,4.83727e-08,,,protein_coding,LDLR,,
rs429358,19,45411941.0,APOE,0,within,True,risk factor|drug response|Likely pathogenic|Conflicting interpretations of pathogenicity; other; risk factor|Uncertain significance|not provided|Pathogenic/Established risk allele|association|Pathogenic,"Alzheimer disease 2 (AD2)|Warfarin response|Alzheimer disease|Familial hypercholesterolemia|not specified|Lipoprotein glomerulopathy (LPG)|APOE5 VARIANT|Alzheimer disease 4 (AD4)|Primary degenerative dementia of the Alzheimer type, presenile onset|not provided|Familial type 3 hyperlipoproteinemia|APOE4(-)-FREIBURG",best_GxC_snps_hba1c_0_statins.txt,rs429358,3.29615e-24,,,protein_coding,APOE|TOMM40|APOC1,441269.0,
rs1065853,19,45413233.0,APOE,583,downstream,False,,,best_GxC_snps_hba1c_0_statins.txt,rs1065853,3.6908e-18,,,protein_coding,APOE|APOC1|TOMM40,,
rs55669001,19,46177235.0,GIPR,0,within,False,,,best_GxC_snps_hba1c_0_statins.txt,rs55669001,4.64257e-09,,,protein_coding,GIPR|MIR642A,,
rs201943458,19,47846223.0,C5AR2,0,within,False,,,best_GxC_snps_hba1c_0_statins.txt,rs201943458,4.1909e-08,,,protein_coding,C5AR2|CTD-3023J11.2|DHX34,,
rs34556787,19,53295871.0,ZNF28,4791,upstream,False,,,best_GxC_snps_hba1c_0_statins.txt,rs34556787,3.22522e-08,,,protein_coding,ZNF28|ZNF600,,
rs55980097,19,56817667.0,ZSCAN5A,0,within,False,,,best_GxC_snps_hba1c_0_statins.txt,rs55980097,1.02426e-09,,,protein_coding,ZSCAN5A|AC006116.20|AC006116.19|AC006116.17,,
rs181639670,20,491024.0,CSNK2A1,0,within,False,,,best_GxC_snps_hba1c_0_statins.txt,rs181639670,4.32292e-11,,,protein_coding,CSNK2A1,,
rs4813483,20,23223392.0,None within 10kb,N/A,N/A,False,,,best_GxC_snps_hba1c_0_statins.txt,rs4813483,3.90769e-09,,,N/A,,,
rs1800961,20,43042364.0,HNF4A,0,within,True,Benign|Likely benign|Benign/Likely benign,Type 2 diabetes mellitus|not specified|Maturity-onset diabetes of the young type 1|not provided|Familial hyperinsulinism|Maturity onset diabetes mellitus in young (MODY)|Monogenic diabetes,best_GxC_snps_hba1c_0_statins.txt,rs1800961,5.32717e-12,,,protein_coding,HNF4A|MIR3646,129240.0,
rs117432102,20,48622359.0,None within 10kb,N/A,N/A,False,,,best_GxC_snps_hba1c_0_statins.txt,rs117432102,8.99437e-09,,,N/A,,,
rs816925,20,62651978.0,ZNF512B,0,within,False,,,best_GxC_snps_hba1c_0_statins.txt,rs816925,6.14797e-09,,,protein_coding,ZNF512B|PRPF6,,
rs11702783,21,22065742.0,None within 10kb,N/A,N/A,False,,,best_GxC_snps_hba1c_0_statins.txt,rs11702783,3.92141e-09,,,N/A,,,
rs7279814,21,42007391.0,DSCAM,0,within,False,,,best_GxC_snps_hba1c_0_statins.txt,rs7279814,1.37421e-08,,,protein_coding,DSCAM|DSCAM-IT1,,
rs189342694,22,32022479.0,PISD,0,within,False,,,best_GxC_snps_hba1c_0_statins.txt,rs189342694,3.85552e-08,,,protein_coding,PISD|SFI1,,
rs2235168,22,32649431.0,RP1-90G24.10,0,within,False,,,best_GxC_snps_hba1c_0_statins.txt,rs2235168,1.60799e-08,,,antisense,RP1-90G24.10|SLC5A4,,
rs118051910,22,39063163.0,RP3-508I15.10,0,within,False,,,best_GxC_snps_hba1c_0_statins.txt,rs118051910,3.5701e-08,,,antisense,RP3-508I15.10|CBY1|RP3-508I15.9,,
rs5759251,22,43674249.0,Z99756.1,0,within,False,,,best_GxC_snps_hba1c_0_statins.txt,rs5759251,1.56462e-08,,,antisense,Z99756.1|SCUBE1,,
rs2282620,11,71183477.0,NADSYN1,0,within,False,,,best_GxC_snps_vitamin_d_sex.txt,rs2282620,2.59056e-09,,,protein_coding,NADSYN1,,
rs10455872,6,161010118.0,LPA,0,within,True,Benign,LIPOPROTEIN(a) POLYMORPHISM,best_GxC_snps_lipoprotein_a_statins.txt,rs10455872,2.53844e-30,,,protein_coding,LPA,225938.0,
rs17476364,10,71094504.0,HK1,0,within,False,,,best_GxC_snps_hba1c_0_sex.txt,rs17476364,6.23014e-11,,,protein_coding,HK1,,
rs35198068,10,114754784.0,TCF7L2,0,within,False,,,best_GxC_snps_hba1c_0_sex.txt,rs35198068,3.10117e-11,,,protein_coding,TCF7L2|RP11-139K1.2,,
rs34210653,17,4535314.0,ALOX15,0,within,True,Benign,"Asthma, nasal polyps, and aspirin intolerance|not provided",best_GxC_snps_eosinophill_count_sex.txt,rs34210653,1.46305e-08,,,protein_coding,ALOX15,624559.0,
1:96368829_AG_A,,,Position unknown,N/A,N/A,False,,,best_GxC_snps_lymphocyte_count_sex.txt,1:96368829_AG_A,4.73345e-08,,,N/A,,,404 Client Error: Not Found. for url: https://myvariant.info/v1/variant/1:96368829_AG_A?fields=clinvar.rcv.clinical_significance%2Cclinvar.rcv.conditions.name%2Cclinvar.variant_id&assembly=hg19
rs6577118,1,100143163.0,PALMD,0,within,False,,,best_GxC_snps_lymphocyte_count_sex.txt,rs6577118,4.86622e-09,,,protein_coding,PALMD,,
rs72893989,2,186934558.0,AC097500.2,0,within,False,,,best_GxC_snps_lymphocyte_count_sex.txt,rs72893989,4.53782e-08,,,lincRNA,AC097500.2,,
rs11746479,5,6847845.0,RN7SKP79,395,upstream,False,,,best_GxC_snps_lymphocyte_count_sex.txt,rs11746479,1.82351e-09,,,misc_RNA,RN7SKP79,,
rs77259131,5,94736888.0,FAM81B,0,within,False,,,best_GxC_snps_lymphocyte_count_sex.txt,rs77259131,2.2954e-08,,,protein_coding,FAM81B,,
rs138974280,6,20274889.0,RP11-239H6.2,0,within,False,,,best_GxC_snps_lymphocyte_count_sex.txt,rs138974280,1.31964e-09,,,antisense,RP11-239H6.2,,
rs62414705,6,116068877.0,None within 10kb,N/A,N/A,False,,,best_GxC_snps_lymphocyte_count_sex.txt,rs62414705,1.80103e-08,,,N/A,,,
rs145583033,6,117663234.0,ROS1,0,within,False,,,best_GxC_snps_lymphocyte_count_sex.txt,rs145583033,1.88562e-09,,,protein_coding,ROS1|GOPC,,
rs78139297,8,10199783.0,MSRA,0,within,False,,,best_GxC_snps_lymphocyte_count_sex.txt,rs78139297,4.68991e-08,,,protein_coding,MSRA|RP11-212F11.1,,
rs188165956,8,118875293.0,EXT1,0,within,False,,,best_GxC_snps_lymphocyte_count_sex.txt,rs188165956,8.12826e-12,,,protein_coding,EXT1,,
rs11220850,11,127146916.0,RP11-480C22.1,0,within,False,,,best_GxC_snps_lymphocyte_count_sex.txt,rs11220850,1.61004e-08,,,lincRNA,RP11-480C22.1,,
rs76542874,12,53411079.0,RP11-983P16.4,0,within,False,,,best_GxC_snps_lymphocyte_count_sex.txt,rs76542874,3.76095e-08,,,antisense,RP11-983P16.4|EIF4B|RP11-983P16.2,,
rs58244395,6,36974607.0,FGD2,0,within,False,,,best_GxC_snps_ldl_sex.txt,rs58244395,4.01702e-08,,,protein_coding,FGD2,,
rs964184,11,116648917.0,ZNF259,0,within,False,,,best_GxC_snps_ldl_sex.txt,rs964184,4.72742e-10,,,protein_coding,ZNF259|AP006216.11|AP006216.10|BUD13,,
rs821840,16,56993886.0,CETP,1876,upstream,False,,,best_GxC_snps_ldl_sex.txt,rs821840,1.90187e-08,,,protein_coding,CETP|AC012181.1,,
rs118146573,16,57000938.0,CETP,0,within,False,,,best_GxC_snps_ldl_sex.txt,rs118146573,2.23928e-08,,,protein_coding,CETP|AC012181.1,,
rs58542926,19,19379549.0,AC138430.4,0,within,False,,,best_GxC_snps_ldl_sex.txt,rs58542926,2.09743e-13,,,processed_transcript,AC138430.4|TM6SF2|HAPLN4|SUGP1,,
rs16996148,19,19658472.0,CILP2,1004,downstream,False,,,best_GxC_snps_ldl_sex.txt,rs16996148,1.88441e-10,,,protein_coding,CILP2,,
rs10402271,19,45329214.0,BCAM,4541,downstream,False,,,best_GxC_snps_ldl_sex.txt,rs10402271,3.94418e-08,,,protein_coding,BCAM,,
rs429358,19,45411941.0,APOE,0,within,True,risk factor|drug response|Likely pathogenic|Conflicting interpretations of pathogenicity; other; risk factor|Uncertain significance|not provided|Pathogenic/Established risk allele|association|Pathogenic,"Alzheimer disease 2 (AD2)|Warfarin response|Alzheimer disease|Familial hypercholesterolemia|not specified|Lipoprotein glomerulopathy (LPG)|APOE5 VARIANT|Alzheimer disease 4 (AD4)|Primary degenerative dementia of the Alzheimer type, presenile onset|not provided|Familial type 3 hyperlipoproteinemia|APOE4(-)-FREIBURG",best_GxC_snps_ldl_sex.txt,rs429358,1.44543e-25,,,protein_coding,APOE|TOMM40|APOC1,441269.0,
rs7412,19,45412079.0,APOE,0,within,True,drug response|Uncertain significance|no classifications from unflagged records|Likely benign; other; risk factor|Benign|Pathogenic,Warfarin response|atorvastatin response - Efficacy|not specified|not provided|Hyperlipoproteinemia due to APOE1|Familial type 3 hyperlipoproteinemia|Hypercholesterolemia,best_GxC_snps_ldl_sex.txt,rs7412,5.67102e-43,,,protein_coding,APOE|TOMM40|APOC1,441265.0,
7:130438531_CTTTTTT_C,,,Position unknown,N/A,N/A,False,,,best_GxC_snps_hdl_0_sex.txt,7:130438531_CTTTTTT_C,3.83552e-08,,,N/A,,,404 Client Error: Not Found. for url: https://myvariant.info/v1/variant/7:130438531_CTTTTTT_C?fields=clinvar.rcv.clinical_significance%2Cclinvar.rcv.conditions.name%2Cclinvar.variant_id&assembly=hg19
rs2925979,16,81534790.0,CMIP,0,within,False,,,best_GxC_snps_hdl_0_sex.txt,rs2925979,1.32429e-13,,,protein_coding,CMIP,,
rs7412,19,45412079.0,APOE,0,within,True,drug response|Uncertain significance|no classifications from unflagged records|Likely benign; other; risk factor|Benign|Pathogenic,Warfarin response|atorvastatin response - Efficacy|not specified|not provided|Hyperlipoproteinemia due to APOE1|Familial type 3 hyperlipoproteinemia|Hypercholesterolemia,best_GxC_snps_hdl_0_sex.txt,rs7412,2.62142e-09,,,protein_coding,APOE|TOMM40|APOC1,441265.0,
rs6073958,20,44551855.0,None within 10kb,N/A,N/A,False,,,best_GxC_snps_hdl_0_sex.txt,rs6073958,8.73049e-09,,,N/A,,,
rs11591147,1,55505647.0,PCSK9,0,within,False,,,best_GxC_snps_ldl_0_age.txt,rs11591147,7.55241e-12,,,protein_coding,PCSK9,,
rs12740374,1,109817590.0,CELSR2,0,within,True,association,Low density lipoprotein cholesterol level quantitative trait locus 6 (LDLCQ6),best_GxC_snps_ldl_0_age.txt,rs12740374,2.32663e-11,,,protein_coding,CELSR2|PSRC1,7081.0,
rs17042000,2,21422928.0,RP11-79J24.1,1160,downstream,False,,,best_GxC_snps_ldl_0_age.txt,rs17042000,1.35254e-08,,,pseudogene,RP11-79J24.1,,
19:11202194_GC_G,,,Position unknown,N/A,N/A,False,,,best_GxC_snps_ldl_0_age.txt,19:11202194_GC_G,1.78378e-19,,,N/A,,,404 Client Error: Not Found. for url: https://myvariant.info/v1/variant/19:11202194_GC_G?fields=clinvar.rcv.clinical_significance%2Cclinvar.rcv.conditions.name%2Cclinvar.variant_id&assembly=hg19
rs429358,19,45411941.0,APOE,0,within,True,risk factor|drug response|Likely pathogenic|Conflicting interpretations of pathogenicity; other; risk factor|Uncertain significance|not provided|Pathogenic/Established risk allele|association|Pathogenic,"Alzheimer disease 2 (AD2)|Warfarin response|Alzheimer disease|Familial hypercholesterolemia|not specified|Lipoprotein glomerulopathy (LPG)|APOE5 VARIANT|Alzheimer disease 4 (AD4)|Primary degenerative dementia of the Alzheimer type, presenile onset|not provided|Familial type 3 hyperlipoproteinemia|APOE4(-)-FREIBURG",best_GxC_snps_ldl_0_age.txt,rs429358,2.40919e-17,,,protein_coding,APOE|TOMM40|APOC1,441269.0,
rs7412,19,45412079.0,APOE,0,within,True,drug response|Uncertain significance|no classifications from unflagged records|Likely benign; other; risk factor|Benign|Pathogenic,Warfarin response|atorvastatin response - Efficacy|not specified|not provided|Hyperlipoproteinemia due to APOE1|Familial type 3 hyperlipoproteinemia|Hypercholesterolemia,best_GxC_snps_ldl_0_age.txt,rs7412,4.22832e-34,,,protein_coding,APOE|TOMM40|APOC1,441265.0,
rs72630676,1,6129954.0,KCNAB2,0,within,False,,,best_GxC_snps_hba1c_statins.txt,rs72630676,1.14974e-08,,,protein_coding,KCNAB2,,
rs56701086,1,7207053.0,CAMTA1,0,within,False,,,best_GxC_snps_hba1c_statins.txt,rs56701086,4.12781e-10,,,protein_coding,CAMTA1,,
rs12754997,1,14395050.0,None within 10kb,N/A,N/A,False,,,best_GxC_snps_hba1c_statins.txt,rs12754997,3.0644e-08,,,N/A,,,
rs10890292,1,44586814.0,KLF17,0,within,False,,,best_GxC_snps_hba1c_statins.txt,rs10890292,3.75958e-08,,,protein_coding,KLF17|RP11-570P14.1|RN7SL479P,,
rs10888857,1,55012359.0,ACOT11,0,within,False,,,best_GxC_snps_hba1c_statins.txt,rs10888857,3.32911e-08,,,protein_coding,ACOT11|HNRNPA1P63,,
rs11591147,1,55505647.0,PCSK9,0,within,False,,,best_GxC_snps_hba1c_statins.txt,rs11591147,1.31412e-09,,,protein_coding,PCSK9,,
rs7533296,1,61659403.0,NFIA,0,within,False,,,best_GxC_snps_hba1c_statins.txt,rs7533296,1.18702e-08,,,protein_coding,NFIA,,
rs75545967,1,64357911.0,ROR1,0,within,False,,,best_GxC_snps_hba1c_statins.txt,rs75545967,9.35434e-11,,,protein_coding,ROR1,,
rs140032995,1,64803529.0,None within 10kb,N/A,N/A,False,,,best_GxC_snps_hba1c_statins.txt,rs140032995,1.19987e-10,,,N/A,,,
rs4460680,1,64927347.0,CACHD1,9081,upstream,False,,,best_GxC_snps_hba1c_statins.txt,rs4460680,3.00192e-08,,,protein_coding,CACHD1,,
rs7551342,1,67767988.0,IL12RB2,5059,upstream,False,,,best_GxC_snps_hba1c_statins.txt,rs7551342,4.77942e-08,,,protein_coding,IL12RB2,,
rs76878563,1,86566521.0,COL24A1,0,within,False,,,best_GxC_snps_hba1c_statins.txt,rs76878563,1.24645e-09,,,protein_coding,COL24A1,,
rs76568195,1,90405394.0,RP11-302M6.5,0,within,False,,,best_GxC_snps_hba1c_statins.txt,rs76568195,2.86364e-10,,,lincRNA,RP11-302M6.5|LRRC8D|RP11-302M6.4,,
rs137918383,1,95070818.0,None within 10kb,N/A,N/A,False,,,best_GxC_snps_hba1c_statins.txt,rs137918383,4.93185e-08,,,N/A,,,
rs1571502,1,99425070.0,LPPR5,0,within,False,,,best_GxC_snps_hba1c_statins.txt,rs1571502,3.85229e-10,,,protein_coding,LPPR5,,
rs116378212,1,99834728.0,None within 10kb,N/A,N/A,False,,,best_GxC_snps_hba1c_statins.txt,rs116378212,3.74802e-15,,,N/A,,,
rs12049511,1,107850037.0,NTNG1,0,within,False,,,best_GxC_snps_hba1c_statins.txt,rs12049511,3.03673e-09,,,protein_coding,NTNG1,,
rs602633,1,109821511.0,PSRC1,667,upstream,False,,,best_GxC_snps_hba1c_statins.txt,rs602633,4.2816e-14,,,protein_coding,PSRC1|CELSR2,,
1:117114700_CACAT_C,,,Position unknown,N/A,N/A,False,,,best_GxC_snps_hba1c_statins.txt,1:117114700_CACAT_C,3.15681e-08,,,N/A,,,404 Client Error: Not Found. for url: https://myvariant.info/v1/variant/1:117114700_CACAT_C?fields=clinvar.rcv.clinical_significance%2Cclinvar.rcv.conditions.name%2Cclinvar.variant_id&assembly=hg19
rs2493389,1,120474178.0,NOTCH2,0,within,False,,,best_GxC_snps_hba1c_statins.txt,rs2493389,5.51299e-12,,,protein_coding,NOTCH2,,
rs114408398,1,150724531.0,CTSS,0,within,False,,,best_GxC_snps_hba1c_statins.txt,rs114408398,4.29759e-09,,,protein_coding,CTSS,,
rs77811702,1,150853901.0,RP11-235D19.2,0,within,False,,,best_GxC_snps_hba1c_statins.txt,rs77811702,1.88703e-11,,,pseudogene,RP11-235D19.2|Y_RNA|ARNT,,
rs74132410,1,180216169.0,LHX4,0,within,False,,,best_GxC_snps_hba1c_statins.txt,rs74132410,4.44395e-08,,,protein_coding,LHX4,,
rs114430054,1,182399901.0,RP1-223H12.5,3127,upstream,False,,,best_GxC_snps_hba1c_statins.txt,rs114430054,1.40549e-09,,,pseudogene,RP1-223H12.5,,
rs141772389,1,207461354.0,RP11-6J21.2,0,within,False,,,best_GxC_snps_hba1c_statins.txt,rs141772389,3.91109e-08,,,lincRNA,RP11-6J21.2,,
rs17544816,1,215168863.0,None within 10kb,N/A,N/A,False,,,best_GxC_snps_hba1c_statins.txt,rs17544816,2.15675e-10,,,N/A,,,
rs2789718,1,216886001.0,ESRRG,0,within,False,,,best_GxC_snps_hba1c_statins.txt,rs2789718,1.08867e-08,,,protein_coding,ESRRG,,
1:217239597_CTTTT_C,,,Position unknown,N/A,N/A,False,,,best_GxC_snps_hba1c_statins.txt,1:217239597_CTTTT_C,8.19085e-09,,,N/A,,,404 Client Error: Not Found. for url: https://myvariant.info/v1/variant/1:217239597_CTTTT_C?fields=clinvar.rcv.clinical_significance%2Cclinvar.rcv.conditions.name%2Cclinvar.variant_id&assembly=hg19
rs114182036,1,227635520.0,None within 10kb,N/A,N/A,False,,,best_GxC_snps_hba1c_statins.txt,rs114182036,6.50415e-09,,,N/A,,,
rs115406854,1,235542050.0,TBCE,0,within,False,,,best_GxC_snps_hba1c_statins.txt,rs115406854,1.2647e-12,,,protein_coding,TBCE,,
rs9728351,1,240652848.0,GREM2,25,upstream,False,,,best_GxC_snps_hba1c_statins.txt,rs9728351,1.37292e-08,,,protein_coding,GREM2|AL646016.1,,
rs13008766,2,2315621.0,MYT1L,0,within,False,,,best_GxC_snps_hba1c_statins.txt,rs13008766,3.30535e-08,,,protein_coding,MYT1L|MYT1L-AS1,,
rs6727619,2,2865786.0,AC011995.3,8544,upstream,False,,,best_GxC_snps_hba1c_statins.txt,rs6727619,1.30392e-08,,,lincRNA,AC011995.3,,
rs6727285,2,5488456.0,None within 10kb,N/A,N/A,False,,,best_GxC_snps_hba1c_statins.txt,rs6727285,2.09928e-09,,,N/A,,,
rs4669423,2,9839447.0,RP11-521D12.2,0,within,False,,,best_GxC_snps_hba1c_statins.txt,rs4669423,5.85605e-11,,,lincRNA,RP11-521D12.2,,
rs116808398,2,10673767.0,None within 10kb,N/A,N/A,False,,,best_GxC_snps_hba1c_statins.txt,rs116808398,1.25058e-09,,,N/A,,,
rs189933467,2,13437428.0,None within 10kb,N/A,N/A,False,,,best_GxC_snps_hba1c_statins.txt,rs189933467,1.12943e-13,,,N/A,,,
rs149593931,2,15014319.0,None within 10kb,N/A,N/A,False,,,best_GxC_snps_hba1c_statins.txt,rs149593931,2.10602e-08,,,N/A,,,
rs6734883,2,15198973.0,None within 10kb,N/A,N/A,False,,,best_GxC_snps_hba1c_statins.txt,rs6734883,8.32065e-09,,,N/A,,,
rs80045309,2,15332768.0,NBAS,0,within,False,,,best_GxC_snps_hba1c_statins.txt,rs80045309,5.53938e-09,,,protein_coding,NBAS,,
rs7604788,2,21190024.0,None within 10kb,N/A,N/A,False,,,best_GxC_snps_hba1c_statins.txt,rs7604788,5.22169e-09,,,N/A,,,
rs13001266,2,27710421.0,IFT172,0,within,False,,,best_GxC_snps_hba1c_statins.txt,rs13001266,9.38001e-09,,,protein_coding,IFT172|FNDC4|GCKR,,
rs1260326,2,27730940.0,GCKR,0,within,False,,,best_GxC_snps_hba1c_statins.txt,rs1260326,1.3366399999999998e-21,,,protein_coding,GCKR,,
rs138438295,2,34675132.0,AC073218.1,0,within,False,,,best_GxC_snps_hba1c_statins.txt,rs138438295,4.93116e-08,,,lincRNA,AC073218.1,,
rs181442696,2,38511911.0,GAPDHP25,641,upstream,False,,,best_GxC_snps_hba1c_statins.txt,rs181442696,2.00208e-08,,,pseudogene,GAPDHP25,,
2:50010132_TA_T,,,Position unknown,N/A,N/A,False,,,best_GxC_snps_hba1c_statins.txt,2:50010132_TA_T,1.47932e-10,,,N/A,,,404 Client Error: Not Found. for url: https://myvariant.info/v1/variant/2:50010132_TA_T?fields=clinvar.rcv.clinical_significance%2Cclinvar.rcv.conditions.name%2Cclinvar.variant_id&assembly=hg19
rs149614053,2,50029903.0,None within 10kb,N/A,N/A,False,,,best_GxC_snps_hba1c_statins.txt,rs149614053,6.88327e-10,,,N/A,,,
rs7596912,2,52843812.0,None within 10kb,N/A,N/A,False,,,best_GxC_snps_hba1c_statins.txt,rs7596912,1.55331e-09,,,N/A,,,
rs111293807,2,59119614.0,LINC01122,0,within,False,,,best_GxC_snps_hba1c_statins.txt,rs111293807,1.25248e-08,,,lincRNA,LINC01122,,
rs11675107,2,65670908.0,AC074391.1,0,within,False,,,best_GxC_snps_hba1c_statins.txt,rs11675107,7.20489e-09,,,lincRNA,AC074391.1|AC012370.3,,
rs149577302,2,71281612.0,AC007040.8,0,within,False,,,best_GxC_snps_hba1c_statins.txt,rs149577302,4.39906e-08,,,antisense,AC007040.8|OR7E62P|NAGK,,
rs4264572,2,84362791.0,None within 10kb,N/A,N/A,False,,,best_GxC_snps_hba1c_statins.txt,rs4264572,4.77019e-10,,,N/A,,,
rs113993274,2,113250021.0,TTL,0,within,False,,,best_GxC_snps_hba1c_statins.txt,rs113993274,2.91962e-08,,,protein_coding,TTL,,
rs7575942,2,123396005.0,None within 10kb,N/A,N/A,False,,,best_GxC_snps_hba1c_statins.txt,rs7575942,3.98658e-09,,,N/A,,,
rs13034969,2,130119329.0,None within 10kb,N/A,N/A,False,,,best_GxC_snps_hba1c_statins.txt,rs13034969,2.10495e-08,,,N/A,,,
rs114855281,2,150902755.0,None within 10kb,N/A,N/A,False,,,best_GxC_snps_hba1c_statins.txt,rs114855281,2.30257e-12,,,N/A,,,
rs149442486,2,159684988.0,DAPL1,0,within,False,,,best_GxC_snps_hba1c_statins.txt,rs149442486,1.13787e-12,,,protein_coding,DAPL1,,
rs17616990,2,168005566.0,XIRP2,0,within,False,,,best_GxC_snps_hba1c_statins.txt,rs17616990,3.10898e-08,,,protein_coding,XIRP2|XIRP2-AS1,,
rs115829785,2,178850138.0,AC011998.1,0,within,False,,,best_GxC_snps_hba1c_statins.txt,rs115829785,8.78559e-09,,,sense_intronic,AC011998.1|PDE11A,,
rs4666980,2,181807345.0,AC104076.2,3320,downstream,False,,,best_GxC_snps_hba1c_statins.txt,rs4666980,6.55121e-09,,,pseudogene,AC104076.2,,
rs2196711,2,200743984.0,AC073043.1,0,within,False,,,best_GxC_snps_hba1c_statins.txt,rs2196711,6.00305e-09,,,processed_transcript,AC073043.1|AC108032.1,,
rs75141422,2,204212616.0,ABI2,0,within,False,,,best_GxC_snps_hba1c_statins.txt,rs75141422,2.77971e-09,,,protein_coding,ABI2,,
rs114517948,2,209389905.0,AC019185.4,0,within,False,,,best_GxC_snps_hba1c_statins.txt,rs114517948,3.78809e-09,,,sense_intronic,AC019185.4|PTH2R|AC019185.3,,
rs207849,2,217108221.0,None within 10kb,N/A,N/A,False,,,best_GxC_snps_hba1c_statins.txt,rs207849,2.98528e-09,,,N/A,,,
2:223739962_TTTTATCACTGATAAAAC_T,,,Position unknown,N/A,N/A,False,,,best_GxC_snps_hba1c_statins.txt,2:223739962_TTTTATCACTGATAAAAC_T,4.93919e-08,,,N/A,,,404 Client Error: Not Found. for url: https://myvariant.info/v1/variant/2:223739962_TTTTATCACTGATAAAAC_T?fields=clinvar.rcv.clinical_significance%2Cclinvar.rcv.conditions.name%2Cclinvar.variant_id&assembly=hg19
rs2943640,2,227093585.0,None within 10kb,N/A,N/A,False,,,best_GxC_snps_hba1c_statins.txt,rs2943640,2.8145e-08,,,N/A,,,
rs150807864,2,229050888.0,SPHKAP,4527,downstream,False,,,best_GxC_snps_hba1c_statins.txt,rs150807864,4.11286e-08,,,protein_coding,SPHKAP,,
rs76711578,2,241324349.0,None within 10kb,N/A,N/A,False,,,best_GxC_snps_hba1c_statins.txt,rs76711578,2.4278e-08,,,N/A,,,
rs143155394,3,13845736.0,None within 10kb,N/A,N/A,False,,,best_GxC_snps_hba1c_statins.txt,rs143155394,1.35065e-08,,,N/A,,,
rs115997803,3,17204569.0,TBC1D5,0,within,False,,,best_GxC_snps_hba1c_statins.txt,rs115997803,4.42213e-08,,,protein_coding,TBC1D5,,
rs13066071,3,21484189.0,ZNF385D,0,within,False,,,best_GxC_snps_hba1c_statins.txt,rs13066071,4.36753e-08,,,protein_coding,ZNF385D,,
rs79481742,3,30012468.0,RBMS3,0,within,False,,,best_GxC_snps_hba1c_statins.txt,rs79481742,1.72585e-08,,,protein_coding,RBMS3,,
rs78446028,3,30108481.0,None within 10kb,N/A,N/A,False,,,best_GxC_snps_hba1c_statins.txt,rs78446028,9.10655e-11,,,N/A,,,
rs79528456,3,30997001.0,None within 10kb,N/A,N/A,False,,,best_GxC_snps_hba1c_statins.txt,rs79528456,1.34187e-08,,,N/A,,,
rs78738141,3,32711513.0,None within 10kb,N/A,N/A,False,,,best_GxC_snps_hba1c_statins.txt,rs78738141,3.837e-08,,,N/A,,,
rs75158816,3,36000376.0,None within 10kb,N/A,N/A,False,,,best_GxC_snps_hba1c_statins.txt,rs75158816,2.57917e-13,,,N/A,,,
rs79903620,3,37739511.0,ITGA9,0,within,False,,,best_GxC_snps_hba1c_statins.txt,rs79903620,5.37688e-09,,,protein_coding,ITGA9,,
rs34810691,3,49815618.0,IP6K1,0,within,False,,,best_GxC_snps_hba1c_statins.txt,rs34810691,7.0962e-09,,,protein_coding,IP6K1|RP13-1056D16.2,,
rs77095362,3,56164674.0,ERC2,0,within,False,,,best_GxC_snps_hba1c_statins.txt,rs77095362,3.44152e-09,,,protein_coding,ERC2,,
rs75120128,3,77865994.0,RNU6-217P,4999,downstream,False,,,best_GxC_snps_hba1c_statins.txt,rs75120128,3.51695e-08,,,snRNA,RNU6-217P,,
rs75149813,3,78205852.0,RN7SKP61,4997,upstream,False,,,best_GxC_snps_hba1c_statins.txt,rs75149813,6.52766e-09,,,misc_RNA,RN7SKP61,,
rs78466786,3,81901789.0,RP11-359D24.1,0,within,False,,,best_GxC_snps_hba1c_statins.txt,rs78466786,1.14535e-08,,,lincRNA,RP11-359D24.1,,
rs62277730,3,90298313.0,PROSP,0,within,False,,,best_GxC_snps_hba1c_statins.txt,rs62277730,7.0175e-09,,,pseudogene,PROSP,,
rs1666290,3,98443111.0,ST3GAL6-AS1,0,within,False,,,best_GxC_snps_hba1c_statins.txt,rs1666290,1.81793e-08,,,antisense,ST3GAL6-AS1|ST3GAL6,,
rs77480368,3,99839782.0,CMSS1,0,within,False,,,best_GxC_snps_hba1c_statins.txt,rs77480368,6.94878e-09,,,protein_coding,CMSS1|FILIP1L,,
rs77417924,3,102593713.0,None within 10kb,N/A,N/A,False,,,best_GxC_snps_hba1c_statins.txt,rs77417924,4.94022e-09,,,N/A,,,
rs1092743,3,120007075.0,GPR156,3134,downstream,False,,,best_GxC_snps_hba1c_statins.txt,rs1092743,2.28438e-08,,,protein_coding,GPR156,,
rs4241351,3,131254432.0,CPNE4,0,within,False,,,best_GxC_snps_hba1c_statins.txt,rs4241351,4.25584e-08,,,protein_coding,CPNE4|RP11-517B11.6|RP11-517B11.2,,
rs1225060,3,131637173.0,CPNE4,0,within,False,,,best_GxC_snps_hba1c_statins.txt,rs1225060,1.32859e-08,,,protein_coding,CPNE4,,
rs7650631,3,152091186.0,MBNL1,0,within,False,,,best_GxC_snps_hba1c_statins.txt,rs7650631,3.6215e-10,,,protein_coding,MBNL1,,
rs28629420,3,159856496.0,IL12A-AS1,0,within,False,,,best_GxC_snps_hba1c_statins.txt,rs28629420,8.35202e-11,,,antisense,IL12A-AS1,,
rs115931492,3,161225430.0,OTOL1,3700,downstream,False,,,best_GxC_snps_hba1c_statins.txt,rs115931492,1.78979e-08,,,protein_coding,OTOL1,,
rs10755118,3,161879131.0,None within 10kb,N/A,N/A,False,,,best_GxC_snps_hba1c_statins.txt,rs10755118,3.24155e-09,,,N/A,,,
rs143018845,3,172808323.0,SPATA16,0,within,False,,,best_GxC_snps_hba1c_statins.txt,rs143018845,1.39134e-14,,,protein_coding,SPATA16,,
rs77040122,3,174433329.0,NAALADL2,0,within,False,,,best_GxC_snps_hba1c_statins.txt,rs77040122,2.48633e-08,,,protein_coding,NAALADL2,,
rs2292611,3,183852861.0,RP11-778D9.12,0,within,True,Benign,Vanishing white matter disease|not provided,best_GxC_snps_hba1c_statins.txt,rs2292611,4.64269e-08,,,antisense,RP11-778D9.12|EIF2B5|RP11-778D9.13,344322.0,
rs115910779,3,184046612.0,EIF2B5,0,within,False,,,best_GxC_snps_hba1c_statins.txt,rs115910779,1.36197e-09,,,protein_coding,EIF2B5|EIF4G1|SNORD66|FAM131A,,
rs9859406,3,185534482.0,IGF2BP2,0,within,False,,,best_GxC_snps_hba1c_statins.txt,rs9859406,2.54001e-12,,,protein_coding,IGF2BP2,,
rs17374212,3,186685974.0,ST6GAL1,0,within,False,,,best_GxC_snps_hba1c_statins.txt,rs17374212,5.18527e-12,,,protein_coding,ST6GAL1,,
rs561803712,3,186821890.0,None within 10kb,N/A,N/A,False,,,best_GxC_snps_hba1c_statins.txt,rs561803712,5.37514e-10,,,N/A,,,
rs114642883,3,189627812.0,None within 10kb,N/A,N/A,False,,,best_GxC_snps_hba1c_statins.txt,rs114642883,2.34342e-08,,,N/A,,,
rs56337234,4,1784403.0,None within 10kb,N/A,N/A,False,,,best_GxC_snps_hba1c_statins.txt,rs56337234,5.26278e-09,,,N/A,,,
rs116166150,4,2249043.0,MXD4,116,upstream,False,,,best_GxC_snps_hba1c_statins.txt,rs116166150,1.83759e-08,,,protein_coding,MXD4|MIR4800|HAUS3|POLN,,
rs78709230,4,3673036.0,RP3-513G18.2,2284,upstream,False,,,best_GxC_snps_hba1c_statins.txt,rs78709230,4.65417e-08,,,lincRNA,RP3-513G18.2,,
rs10937719,4,6295322.0,WFS1,0,within,False,,,best_GxC_snps_hba1c_statins.txt,rs10937719,4.24236e-10,,,protein_coding,WFS1,,
rs61792844,4,32887475.0,None within 10kb,N/A,N/A,False,,,best_GxC_snps_hba1c_statins.txt,rs61792844,1.96051e-08,,,N/A,,,
rs115949670,4,34683787.0,None within 10kb,N/A,N/A,False,,,best_GxC_snps_hba1c_statins.txt,rs115949670,1.37875e-08,,,N/A,,,
rs79925007,4,34713434.0,None within 10kb,N/A,N/A,False,,,best_GxC_snps_hba1c_statins.txt,rs79925007,3.48108e-08,,,N/A,,,
rs317015,4,35404340.0,None within 10kb,N/A,N/A,False,,,best_GxC_snps_hba1c_statins.txt,rs317015,1.81704e-08,,,N/A,,,
rs115814386,4,36324352.0,DTHD1,0,within,False,,,best_GxC_snps_hba1c_statins.txt,rs115814386,8.86286e-09,,,protein_coding,DTHD1|RP11-431M7.2,,
rs10018687,4,38722055.0,None within 10kb,N/A,N/A,False,,,best_GxC_snps_hba1c_statins.txt,rs10018687,1.15373e-08,,,N/A,,,
rs74555424,4,44732063.0,GNPDA2,3451,downstream,False,,,best_GxC_snps_hba1c_statins.txt,rs74555424,8.28045e-09,,,protein_coding,GNPDA2,,
rs114332667,4,66307341.0,EPHA5,0,within,False,,,best_GxC_snps_hba1c_statins.txt,rs114332667,1.75126e-08,,,protein_coding,EPHA5,,
rs77189927,4,96495802.0,None within 10kb,N/A,N/A,False,,,best_GxC_snps_hba1c_statins.txt,rs77189927,5.85305e-09,,,N/A,,,
rs2054158,4,96848737.0,None within 10kb,N/A,N/A,False,,,best_GxC_snps_hba1c_statins.txt,rs2054158,2.75186e-08,,,N/A,,,
rs2168803,4,103428615.0,NFKB1,0,within,False,,,best_GxC_snps_hba1c_statins.txt,rs2168803,2.28268e-08,,,protein_coding,NFKB1|AF213884.2,,
rs7678153,4,118307188.0,None within 10kb,N/A,N/A,False,,,best_GxC_snps_hba1c_statins.txt,rs7678153,3.54507e-08,,,N/A,,,
rs34457804,4,125946201.0,None within 10kb,N/A,N/A,False,,,best_GxC_snps_hba1c_statins.txt,rs34457804,4.53108e-08,,,N/A,,,
rs62323099,4,126048555.0,None within 10kb,N/A,N/A,False,,,best_GxC_snps_hba1c_statins.txt,rs62323099,2.79223e-10,,,N/A,,,
rs72926691,4,126150041.0,None within 10kb,N/A,N/A,False,,,best_GxC_snps_hba1c_statins.txt,rs72926691,4.12651e-11,,,N/A,,,
rs75542561,4,141084662.0,MAML3,9324,downstream,False,,,best_GxC_snps_hba1c_statins.txt,rs75542561,1.54608e-08,,,protein_coding,MAML3,,
rs3796563,4,156688729.0,GUCY1B3,0,within,False,,,best_GxC_snps_hba1c_statins.txt,rs3796563,3.74738e-08,,,protein_coding,GUCY1B3,,
rs79528961,4,159392711.0,RXFP1,0,within,False,,,best_GxC_snps_hba1c_statins.txt,rs79528961,3.70565e-08,,,protein_coding,RXFP1|RP11-781M16.1,,
rs140919394,4,167025237.0,TLL1,190,downstream,False,,,best_GxC_snps_hba1c_statins.txt,rs140919394,3.26212e-08,,,protein_coding,TLL1,,
rs77788684,4,170277015.0,None within 10kb,N/A,N/A,False,,,best_GxC_snps_hba1c_statins.txt,rs77788684,4.57502e-08,,,N/A,,,
rs12510933,4,177336714.0,None within 10kb,N/A,N/A,False,,,best_GxC_snps_hba1c_statins.txt,rs12510933,3.43365e-08,,,N/A,,,
rs4504302,4,183171268.0,TENM3,0,within,False,,,best_GxC_snps_hba1c_statins.txt,rs4504302,4.6049e-08,,,protein_coding,TENM3,,
rs78633472,4,187088633.0,FAM149A,0,within,False,,,best_GxC_snps_hba1c_statins.txt,rs78633472,2.31185e-09,,,protein_coding,FAM149A|ORAOV1P1|RP11-173M11.2,,
rs116557990,4,189114612.0,None within 10kb,N/A,N/A,False,,,best_GxC_snps_hba1c_statins.txt,rs116557990,6.15263e-10,,,N/A,,,
rs2625205,5,16855060.0,MYO10,0,within,False,,,best_GxC_snps_hba1c_statins.txt,rs2625205,2.81818e-08,,,protein_coding,MYO10|RNA5SP179,,
rs76769197,5,22685823.0,CDH12,0,within,False,,,best_GxC_snps_hba1c_statins.txt,rs76769197,1.99598e-08,,,protein_coding,CDH12,,
rs115489362,5,23805972.0,None within 10kb,N/A,N/A,False,,,best_GxC_snps_hba1c_statins.txt,rs115489362,5.20104e-09,,,N/A,,,
rs2170033,5,26877871.0,CDH9,2838,upstream,False,,,best_GxC_snps_hba1c_statins.txt,rs2170033,1.16308e-08,,,protein_coding,CDH9,,
rs72746586,5,29961444.0,None within 10kb,N/A,N/A,False,,,best_GxC_snps_hba1c_statins.txt,rs72746586,1.4293e-08,,,N/A,,,
5:30457285_ATGT_A,,,Position unknown,N/A,N/A,False,,,best_GxC_snps_hba1c_statins.txt,5:30457285_ATGT_A,3.62562e-08,,,N/A,,,404 Client Error: Not Found. for url: https://myvariant.info/v1/variant/5:30457285_ATGT_A?fields=clinvar.rcv.clinical_significance%2Cclinvar.rcv.conditions.name%2Cclinvar.variant_id&assembly=hg19
rs72749696,5,31294069.0,CDH6,0,within,False,,,best_GxC_snps_hba1c_statins.txt,rs72749696,9.83248e-09,,,protein_coding,CDH6,,
rs11740580,5,32765457.0,NPR3,0,within,False,,,best_GxC_snps_hba1c_statins.txt,rs11740580,1.86231e-08,,,protein_coding,NPR3,,
rs6880353,5,33006311.0,CTD-2066L21.3,0,within,False,,,best_GxC_snps_hba1c_statins.txt,rs6880353,3.00512e-08,,,lincRNA,CTD-2066L21.3|CTD-2066L21.1|CTD-2066L21.2,,
rs34094652,5,44944724.0,None within 10kb,N/A,N/A,False,,,best_GxC_snps_hba1c_statins.txt,rs34094652,3.11559e-08,,,N/A,,,
rs72759951,5,45211428.0,None within 10kb,N/A,N/A,False,,,best_GxC_snps_hba1c_statins.txt,rs72759951,9.65943e-09,,,N/A,,,
rs12187475,5,45540263.0,HCN1,0,within,False,,,best_GxC_snps_hba1c_statins.txt,rs12187475,1.47581e-09,,,protein_coding,HCN1,,
5:50941781_AC_A,,,Position unknown,N/A,N/A,False,,,best_GxC_snps_hba1c_statins.txt,5:50941781_AC_A,4.54819e-08,,,N/A,,,404 Client Error: Not Found. for url: https://myvariant.info/v1/variant/5:50941781_AC_A?fields=clinvar.rcv.clinical_significance%2Cclinvar.rcv.conditions.name%2Cclinvar.variant_id&assembly=hg19
rs73097976,5,51239271.0,None within 10kb,N/A,N/A,False,,,best_GxC_snps_hba1c_statins.txt,rs73097976,1.04165e-10,,,N/A,,,
rs77776199,5,51558744.0,None within 10kb,N/A,N/A,False,,,best_GxC_snps_hba1c_statins.txt,rs77776199,9.82024e-14,,,N/A,,,
rs183926769,5,58547548.0,PDE4D,0,within,False,,,best_GxC_snps_hba1c_statins.txt,rs183926769,3.57792e-09,,,protein_coding,PDE4D,,
rs116697435,5,66500139.0,CD180,7512,downstream,False,,,best_GxC_snps_hba1c_statins.txt,rs116697435,1.78201e-08,,,protein_coding,CD180,,
rs116721165,5,71694703.0,None within 10kb,N/A,N/A,False,,,best_GxC_snps_hba1c_statins.txt,rs116721165,5.84785e-09,,,N/A,,,
rs75259049,5,72443671.0,RP11-232L2.2,0,within,False,,,best_GxC_snps_hba1c_statins.txt,rs75259049,2.92288e-08,,,antisense,RP11-232L2.2|RP11-232L2.1|AC116345.1,,
rs75119252,5,80107937.0,MSH3,0,within,False,,,best_GxC_snps_hba1c_statins.txt,rs75119252,3.62302e-08,,,protein_coding,MSH3,,
rs145462433,5,93920984.0,KIAA0825,0,within,False,,,best_GxC_snps_hba1c_statins.txt,rs145462433,5.13943e-10,,,protein_coding,KIAA0825|AC093311.1|CTC-303L1.1,,
rs11386832,5,96121371.0,CTD-2260A17.1,0,within,False,,,best_GxC_snps_hba1c_statins.txt,rs11386832,4.22677e-08,,,antisense,CTD-2260A17.1|ERAP1|CAST,,
rs114308908,5,99240242.0,None within 10kb,N/A,N/A,False,,,best_GxC_snps_hba1c_statins.txt,rs114308908,5.41603e-13,,,N/A,,,
rs544857205,5,99439743.0,None within 10kb,N/A,N/A,False,,,best_GxC_snps_hba1c_statins.txt,rs544857205,8.71295e-09,,,N/A,,,
rs72774695,5,99899157.0,FAM174A,0,within,False,,,best_GxC_snps_hba1c_statins.txt,rs72774695,8.10927e-10,,,protein_coding,FAM174A,,
rs191607244,5,100304413.0,None within 10kb,N/A,N/A,False,,,best_GxC_snps_hba1c_statins.txt,rs191607244,2.20019e-08,,,N/A,,,
rs140132605,5,100578774.0,None within 10kb,N/A,N/A,False,,,best_GxC_snps_hba1c_statins.txt,rs140132605,2.6687e-09,,,N/A,,,
rs77460585,5,101123995.0,None within 10kb,N/A,N/A,False,,,best_GxC_snps_hba1c_statins.txt,rs77460585,8.02391e-12,,,N/A,,,
rs143011543,5,101448514.0,None within 10kb,N/A,N/A,False,,,best_GxC_snps_hba1c_statins.txt,rs143011543,3.68548e-13,,,N/A,,,
rs145762933,5,101870140.0,None within 10kb,N/A,N/A,False,,,best_GxC_snps_hba1c_statins.txt,rs145762933,2.10391e-18,,,N/A,,,
rs76177300,5,102143311.0,PAM,0,within,False,,,best_GxC_snps_hba1c_statins.txt,rs76177300,1.0691e-18,,,protein_coding,PAM,,
rs75432112,5,102586407.0,CTC-503K11.2,0,within,False,,,best_GxC_snps_hba1c_statins.txt,rs75432112,1.31997e-19,,,antisense,CTC-503K11.2|C5orf30,,
rs13162829,5,116127432.0,None within 10kb,N/A,N/A,False,,,best_GxC_snps_hba1c_statins.txt,rs13162829,9.32245e-09,,,N/A,,,
rs148522758,5,129532456.0,None within 10kb,N/A,N/A,False,,,best_GxC_snps_hba1c_statins.txt,rs148522758,4.27146e-09,,,N/A,,,
rs62385689,5,131731106.0,SLC22A5,0,within,False,,,best_GxC_snps_hba1c_statins.txt,rs62385689,6.25431e-09,,,protein_coding,SLC22A5,,
rs6596082,5,131846199.0,None within 10kb,N/A,N/A,False,,,best_GxC_snps_hba1c_statins.txt,rs6596082,1.77475e-09,,,N/A,,,
rs11242124,5,132025904.0,AC004237.1,0,within,False,,,best_GxC_snps_hba1c_statins.txt,rs11242124,3.40951e-08,,,antisense,AC004237.1|KIF3A|IL4,,
rs1229743,5,136710961.0,SPOCK1,0,within,False,,,best_GxC_snps_hba1c_statins.txt,rs1229743,1.48906e-09,,,protein_coding,SPOCK1,,
rs115034913,5,138714976.0,SLC23A1,0,within,False,,,best_GxC_snps_hba1c_statins.txt,rs115034913,3.19165e-09,,,protein_coding,SLC23A1|MZB1|CTB-43P18.1|PAIP2,,
rs1433038,5,145014043.0,PRELID2,0,within,False,,,best_GxC_snps_hba1c_statins.txt,rs1433038,5.27157e-12,,,protein_coding,PRELID2,,
rs726953,5,148784809.0,IL17B,1044,downstream,False,,,best_GxC_snps_hba1c_statins.txt,rs726953,2.7044e-09,,,protein_coding,IL17B|MIR143HG|AC131025.8,,
rs80031069,5,151837617.0,None within 10kb,N/A,N/A,False,,,best_GxC_snps_hba1c_statins.txt,rs80031069,5.70006e-09,,,N/A,,,
rs30282,5,155670993.0,SGCD,0,within,False,,,best_GxC_snps_hba1c_statins.txt,rs30282,1.6392e-10,,,protein_coding,SGCD,,
rs147497155,5,170562080.0,RANBP17,0,within,False,,,best_GxC_snps_hba1c_statins.txt,rs147497155,3.38887e-08,,,protein_coding,RANBP17,,
rs79327883,5,173060374.0,CTB-43E15.1,9148,upstream,False,,,best_GxC_snps_hba1c_statins.txt,rs79327883,5.17052e-09,,,lincRNA,CTB-43E15.1,,
rs55967156,5,173267937.0,None within 10kb,N/A,N/A,False,,,best_GxC_snps_hba1c_statins.txt,rs55967156,2.00413e-08,,,N/A,,,
rs79919943,6,7448709.0,None within 10kb,N/A,N/A,False,,,best_GxC_snps_hba1c_statins.txt,rs79919943,1.1794e-09,,,N/A,,,
rs72829254,6,7916054.0,TXNDC5,0,within,False,,,best_GxC_snps_hba1c_statins.txt,rs72829254,9.78933e-09,,,protein_coding,TXNDC5|BLOC1S5-TXNDC5,,
rs147478774,6,16226510.0,Y_RNA,5952,upstream,False,,,best_GxC_snps_hba1c_statins.txt,rs147478774,2.68108e-08,,,misc_RNA,Y_RNA,,
rs7766070,6,20686573.0,CDKAL1,0,within,False,,,best_GxC_snps_hba1c_statins.txt,rs7766070,3.82481e-18,,,protein_coding,CDKAL1,,
rs149380426,6,20760436.0,RP3-348I23.2,0,within,False,,,best_GxC_snps_hba1c_statins.txt,rs149380426,5.02813e-10,,,antisense,RP3-348I23.2|CDKAL1,,
6:26561226_GT_G,,,Position unknown,N/A,N/A,False,,,best_GxC_snps_hba1c_statins.txt,6:26561226_GT_G,7.49154e-13,,,N/A,,,404 Client Error: Not Found. for url: https://myvariant.info/v1/variant/6:26561226_GT_G?fields=clinvar.rcv.clinical_significance%2Cclinvar.rcv.conditions.name%2Cclinvar.variant_id&assembly=hg19
rs182315770,6,26916211.0,GUSBP2,0,within,False,,,best_GxC_snps_hba1c_statins.txt,rs182315770,1.00206e-12,,,pseudogene,GUSBP2|LINC00240,,
rs112872756,6,27249011.0,POM121L2,4671,upstream,False,,,best_GxC_snps_hba1c_statins.txt,rs112872756,1.33946e-10,,,protein_coding,POM121L2,,
rs112586220,6,27806827.0,HIST1H2BN,0,within,False,,,best_GxC_snps_hba1c_statins.txt,rs112586220,6.30691e-09,,,protein_coding,HIST1H2BN|HIST1H2AK|HIST1H4K,,
rs41317547,6,29112223.0,OR2N1P,5630,downstream,False,,,best_GxC_snps_hba1c_statins.txt,rs41317547,1.40257e-08,,,pseudogene,OR2N1P,,
rs115663237,6,30759188.0,HCG20,0,within,False,,,best_GxC_snps_hba1c_statins.txt,rs115663237,9.1157e-09,,,lincRNA,HCG20|LINC00243,,
rs3094113,6,30772629.0,LINC00243,0,within,False,,,best_GxC_snps_hba1c_statins.txt,rs3094113,2.23505e-09,,,processed_transcript,LINC00243,,
rs2523485,6,31351035.0,HLA-S,970,downstream,False,,,best_GxC_snps_hba1c_statins.txt,rs2523485,5.19491e-09,,,pseudogene,HLA-S|ZDHHC20P2|FGFR3P1|AL671883.1,,
rs2516491,6,31485101.0,XXbac-BPG16N22.5,1113,downstream,False,,,best_GxC_snps_hba1c_statins.txt,rs2516491,3.15895e-09,,,pseudogene,XXbac-BPG16N22.5|PPIAP9|MICB,,
rs115470510,6,31618511.0,BAG6,0,within,False,,,best_GxC_snps_hba1c_statins.txt,rs115470510,1.30471e-15,,,protein_coding,BAG6|APOM|C6orf47|C6orf47-AS1,,
rs622076,6,31826705.0,NEU1,0,within,False,,,best_GxC_snps_hba1c_statins.txt,rs622076,3.50555e-12,,,protein_coding,NEU1|SLC44A4,,
rs115277907,6,31901090.0,C2,0,within,False,,,best_GxC_snps_hba1c_statins.txt,rs115277907,1.41581e-16,,,protein_coding,C2|CFB|CFB,,
rs3130285,6,32026257.0,TNXB,0,within,False,,,best_GxC_snps_hba1c_statins.txt,rs3130285,7.67806e-11,,,protein_coding,TNXB,,
rs1269852,6,32080191.0,TNXB,0,within,False,,,best_GxC_snps_hba1c_statins.txt,rs1269852,7.23255e-09,,,protein_coding,TNXB|ATF6B,,
rs9268230,6,32287567.0,C6orf10,0,within,False,,,best_GxC_snps_hba1c_statins.txt,rs9268230,4.05961e-18,,,protein_coding,C6orf10|HNRNPA1P2,,
rs3806155,6,32373378.0,BTNL2,0,within,False,,,best_GxC_snps_hba1c_statins.txt,rs3806155,9.45086e-30,,,protein_coding,BTNL2,,
rs146733600,6,32573760.0,None within 10kb,N/A,N/A,False,,,best_GxC_snps_hba1c_statins.txt,rs146733600,1.45351e-23,,,N/A,,,
rs2395516,6,32580657.0,None within 10kb,N/A,N/A,False,,,best_GxC_snps_hba1c_statins.txt,rs2395516,1.80953e-10,,,N/A,,,
rs9273368,6,32626475.0,HLA-DQB1,769,upstream,False,,,best_GxC_snps_hba1c_statins.txt,rs9273368,4.62696e-44,,,protein_coding,HLA-DQB1|HLA-DQB1-AS1|XXbac-BPG254F23.6,,
rs9273375,6,32626786.0,HLA-DQB1,458,upstream,False,,,best_GxC_snps_hba1c_statins.txt,rs9273375,4.69426e-15,,,protein_coding,HLA-DQB1|HLA-DQB1-AS1|XXbac-BPG254F23.6,,
rs115018313,6,32710407.0,HLA-DQA2,0,within,False,,,best_GxC_snps_hba1c_statins.txt,rs115018313,1.11799e-31,,,protein_coding,HLA-DQA2|MIR3135B,,
rs1383265,6,32739888.0,HLA-DQB2,8577,downstream,False,,,best_GxC_snps_hba1c_statins.txt,rs1383265,1.9223e-08,,,protein_coding,HLA-DQB2,,
rs3819715,6,32804219.0,TAP2,0,within,False,,,best_GxC_snps_hba1c_statins.txt,rs3819715,3.73012e-09,,,protein_coding,TAP2|TAP2|PSMB8|TAPSAR1|PSMB9|TAP1,,
rs11434142,,,Position unknown,N/A,N/A,False,,,best_GxC_snps_hba1c_statins.txt,rs11434142,1.11993e-12,,,N/A,,,404 Client Error: Not Found. for url: https://myvariant.info/v1/variant/rs11434142?fields=clinvar.rcv.clinical_significance%2Cclinvar.rcv.conditions.name%2Cclinvar.variant_id&assembly=hg19
rs115469976,6,32986508.0,HLA-DOA,9119,downstream,False,,,best_GxC_snps_hba1c_statins.txt,rs115469976,9.46242e-26,,,protein_coding,HLA-DOA,,
rs116647495,6,33614871.0,ITPR3,0,within,False,,,best_GxC_snps_hba1c_statins.txt,rs116647495,1.80885e-17,,,protein_coding,ITPR3,,
rs12212074,6,55497584.0,None within 10kb,N/A,N/A,False,,,best_GxC_snps_hba1c_statins.txt,rs12212074,9.09765e-10,,,N/A,,,
rs77714563,6,56147042.0,COL21A1,0,within,False,,,best_GxC_snps_hba1c_statins.txt,rs77714563,2.5816e-08,,,protein_coding,COL21A1|RP11-323I14__A.1,,
rs72874552,6,67232390.0,None within 10kb,N/A,N/A,False,,,best_GxC_snps_hba1c_statins.txt,rs72874552,2.11189e-09,,,N/A,,,
rs75791344,6,77769689.0,None within 10kb,N/A,N/A,False,,,best_GxC_snps_hba1c_statins.txt,rs75791344,1.53168e-08,,,N/A,,,
rs141580957,6,79558029.0,None within 10kb,N/A,N/A,False,,,best_GxC_snps_hba1c_statins.txt,rs141580957,6.22097e-10,,,N/A,,,
rs117566001,6,79613662.0,IRAK1BP1,0,within,False,,,best_GxC_snps_hba1c_statins.txt,rs117566001,5.66807e-09,,,protein_coding,IRAK1BP1,,
rs75514609,6,81972133.0,None within 10kb,N/A,N/A,False,,,best_GxC_snps_hba1c_statins.txt,rs75514609,3.77646e-08,,,N/A,,,
rs73480005,6,83059507.0,None within 10kb,N/A,N/A,False,,,best_GxC_snps_hba1c_statins.txt,rs73480005,1.24057e-09,,,N/A,,,
rs183040801,6,83465871.0,None within 10kb,N/A,N/A,False,,,best_GxC_snps_hba1c_statins.txt,rs183040801,3.75889e-08,,,N/A,,,
rs11754890,6,87985343.0,GJB7,7353,upstream,False,,,best_GxC_snps_hba1c_statins.txt,rs11754890,3.77089e-08,,,protein_coding,GJB7,,
rs116940614,6,91853686.0,None within 10kb,N/A,N/A,False,,,best_GxC_snps_hba1c_statins.txt,rs116940614,4.75736e-08,,,N/A,,,
rs189352680,6,98144027.0,RP1-104O17.1,6130,upstream,False,,,best_GxC_snps_hba1c_statins.txt,rs189352680,7.01058e-10,,,lincRNA,RP1-104O17.1,,
rs17058051,6,98275801.0,RP11-436D23.1,0,within,False,,,best_GxC_snps_hba1c_statins.txt,rs17058051,3.88724e-09,,,lincRNA,RP11-436D23.1,,
rs143922407,6,113477892.0,None within 10kb,N/A,N/A,False,,,best_GxC_snps_hba1c_statins.txt,rs143922407,7.22521e-10,,,N/A,,,
rs79091739,6,119894784.0,None within 10kb,N/A,N/A,False,,,best_GxC_snps_hba1c_statins.txt,rs79091739,4.56819e-08,,,N/A,,,
rs140080929,6,120245474.0,None within 10kb,N/A,N/A,False,,,best_GxC_snps_hba1c_statins.txt,rs140080929,1.75851e-09,,,N/A,,,
rs11759026,6,126792095.0,None within 10kb,N/A,N/A,False,,,best_GxC_snps_hba1c_statins.txt,rs11759026,3.30227e-08,,,N/A,,,
rs58222029,6,127658639.0,ECHDC1,0,within,False,,,best_GxC_snps_hba1c_statins.txt,rs58222029,1.23664e-08,,,protein_coding,ECHDC1,,
rs66540714,6,132315938.0,RP11-69I8.3,0,within,False,,,best_GxC_snps_hba1c_statins.txt,rs66540714,7.49065e-12,,,antisense,RP11-69I8.3,,
rs73775349,6,134854571.0,RP11-557H15.4,0,within,False,,,best_GxC_snps_hba1c_statins.txt,rs73775349,4.81914e-11,,,lincRNA,RP11-557H15.4,,
rs116963553,6,151344484.0,MTHFD1L,0,within,False,,,best_GxC_snps_hba1c_statins.txt,rs116963553,2.40454e-08,,,protein_coding,MTHFD1L,,
rs542694,6,160702812.0,SLC22A2,4142,downstream,False,,,best_GxC_snps_hba1c_statins.txt,rs542694,2.71138e-08,,,protein_coding,SLC22A2|RP1-276N6.2,,
6:161412160_AG_A,,,Position unknown,N/A,N/A,False,,,best_GxC_snps_hba1c_statins.txt,6:161412160_AG_A,6.38914e-10,,,N/A,,,404 Client Error: Not Found. for url: https://myvariant.info/v1/variant/6:161412160_AG_A?fields=clinvar.rcv.clinical_significance%2Cclinvar.rcv.conditions.name%2Cclinvar.variant_id&assembly=hg19
rs78992030,6,167624558.0,RP11-568A7.1,2173,downstream,False,,,best_GxC_snps_hba1c_statins.txt,rs78992030,2.32229e-08,,,pseudogene,RP11-568A7.1,,
rs117719291,6,169437647.0,RP3-495K2.2,1910,downstream,False,,,best_GxC_snps_hba1c_statins.txt,rs117719291,1.01169e-08,,,lincRNA,RP3-495K2.2,,
rs10951879,7,5327148.0,SLC29A4,0,within,False,,,best_GxC_snps_hba1c_statins.txt,rs10951879,1.67404e-08,,,protein_coding,SLC29A4,,
rs146148107,7,9473497.0,None within 10kb,N/A,N/A,False,,,best_GxC_snps_hba1c_statins.txt,rs146148107,3.73515e-08,,,N/A,,,
rs10275977,7,9807707.0,AC060834.3,0,within,False,,,best_GxC_snps_hba1c_statins.txt,rs10275977,6.31805e-09,,,lincRNA,AC060834.3,,
rs4719379,7,13780484.0,None within 10kb,N/A,N/A,False,,,best_GxC_snps_hba1c_statins.txt,rs4719379,7.95336e-09,,,N/A,,,
rs1726599,7,18648426.0,HDAC9,0,within,False,,,best_GxC_snps_hba1c_statins.txt,rs1726599,1.16757e-09,,,protein_coding,HDAC9,,
rs1513272,7,28200097.0,JAZF1,0,within,False,,,best_GxC_snps_hba1c_statins.txt,rs1513272,7.47883e-10,,,protein_coding,JAZF1,,
rs75760835,7,36766732.0,AOAH,2578,downstream,False,,,best_GxC_snps_hba1c_statins.txt,rs75760835,6.09569e-11,,,protein_coding,AOAH|RP11-85E16.1,,
rs118079376,7,38463542.0,AMPH,0,within,False,,,best_GxC_snps_hba1c_statins.txt,rs118079376,3.14317e-09,,,protein_coding,AMPH,,
rs35774126,7,39667601.0,RALA,0,within,False,,,best_GxC_snps_hba1c_statins.txt,rs35774126,1.53505e-08,,,protein_coding,RALA,,
rs118125137,7,43981077.0,POLR2J4,0,within,False,,,best_GxC_snps_hba1c_statins.txt,rs118125137,1.75357e-09,,,processed_transcript,POLR2J4|UBE2D4,,
rs74503490,7,47369203.0,TNS3,0,within,False,,,best_GxC_snps_hba1c_statins.txt,rs74503490,1.25254e-08,,,protein_coding,TNS3,,
rs74915240,7,50472982.0,IKZF1,183,downstream,False,,,best_GxC_snps_hba1c_statins.txt,rs74915240,1.17459e-08,,,protein_coding,IKZF1,,
rs181480262,7,69059339.0,RP5-942I16.1,1605,upstream,False,,,best_GxC_snps_hba1c_statins.txt,rs181480262,1.82856e-08,,,lincRNA,RP5-942I16.1|AUTS2,,
rs11773558,7,82628178.0,PCLO,0,within,False,,,best_GxC_snps_hba1c_statins.txt,rs11773558,6.9268e-09,,,protein_coding,PCLO,,
rs146722966,7,85416711.0,None within 10kb,N/A,N/A,False,,,best_GxC_snps_hba1c_statins.txt,rs146722966,7.25334e-09,,,N/A,,,
rs11171,7,100486110.0,SRRT,0,within,False,,,best_GxC_snps_hba1c_statins.txt,rs11171,1.85492e-10,,,protein_coding,SRRT|UFSP1|ACHE,,
rs75475294,7,125881373.0,None within 10kb,N/A,N/A,False,,,best_GxC_snps_hba1c_statins.txt,rs75475294,1.64971e-10,,,N/A,,,
rs79214047,7,134306019.0,None within 10kb,N/A,N/A,False,,,best_GxC_snps_hba1c_statins.txt,rs79214047,2.11122e-08,,,N/A,,,
rs75030425,7,143609417.0,None within 10kb,N/A,N/A,False,,,best_GxC_snps_hba1c_statins.txt,rs75030425,3.95056e-10,,,N/A,,,
rs62478246,7,151508678.0,PRKAG2,0,within,False,,,best_GxC_snps_hba1c_statins.txt,rs62478246,6.36051e-09,,,protein_coding,PRKAG2|RP13-452N2.1,,
rs66547659,7,152729105.0,None within 10kb,N/A,N/A,False,,,best_GxC_snps_hba1c_statins.txt,rs66547659,3.33046e-08,,,N/A,,,
rs183271797,7,154628944.0,DPP6,0,within,False,,,best_GxC_snps_hba1c_statins.txt,rs183271797,3.10646e-08,,,protein_coding,DPP6|RP11-476H24.1,,
rs77560195,7,155523608.0,RBM33,0,within,False,,,best_GxC_snps_hba1c_statins.txt,rs77560195,1.82142e-08,,,protein_coding,RBM33,,
rs62502953,8,3083421.0,CSMD1,0,within,False,,,best_GxC_snps_hba1c_statins.txt,rs62502953,6.40437e-10,,,protein_coding,CSMD1,,
rs117977896,8,3700311.0,CSMD1,0,within,False,,,best_GxC_snps_hba1c_statins.txt,rs117977896,2.30891e-08,,,protein_coding,CSMD1,,
rs117055211,8,5180794.0,None within 10kb,N/A,N/A,False,,,best_GxC_snps_hba1c_statins.txt,rs117055211,1.19686e-08,,,N/A,,,
rs79016837,8,15204812.0,None within 10kb,N/A,N/A,False,,,best_GxC_snps_hba1c_statins.txt,rs79016837,2.37251e-08,,,N/A,,,
rs117073827,8,16445294.0,None within 10kb,N/A,N/A,False,,,best_GxC_snps_hba1c_statins.txt,rs117073827,1.35461e-08,,,N/A,,,
8:17214579_AAAAG_A,,,Position unknown,N/A,N/A,False,,,best_GxC_snps_hba1c_statins.txt,8:17214579_AAAAG_A,2.25779e-08,,,N/A,,,404 Client Error: Not Found. for url: https://myvariant.info/v1/variant/8:17214579_AAAAG_A?fields=clinvar.rcv.clinical_significance%2Cclinvar.rcv.conditions.name%2Cclinvar.variant_id&assembly=hg19
rs12543649,8,18178990.0,None within 10kb,N/A,N/A,False,,,best_GxC_snps_hba1c_statins.txt,rs12543649,4.87799e-08,,,N/A,,,
rs1402648,8,20857659.0,RP11-421P23.1,5029,downstream,False,,,best_GxC_snps_hba1c_statins.txt,rs1402648,2.62295e-09,,,lincRNA,RP11-421P23.1,,
rs80042324,8,20958436.0,None within 10kb,N/A,N/A,False,,,best_GxC_snps_hba1c_statins.txt,rs80042324,9.50166e-10,,,N/A,,,
rs17578359,8,21038078.0,None within 10kb,N/A,N/A,False,,,best_GxC_snps_hba1c_statins.txt,rs17578359,7.43562e-11,,,N/A,,,
rs78536546,8,29967903.0,LEPROTL1,0,within,False,,,best_GxC_snps_hba1c_statins.txt,rs78536546,4.83389e-13,,,protein_coding,LEPROTL1|RPS15AP24,,
rs62506878,8,31528260.0,NRG1,0,within,False,,,best_GxC_snps_hba1c_statins.txt,rs62506878,6.9091e-09,,,protein_coding,NRG1,,
rs78810226,8,40005318.0,C8orf4,5671,upstream,False,,,best_GxC_snps_hba1c_statins.txt,rs78810226,2.99684e-08,,,protein_coding,C8orf4,,
rs752876802,8,40382244.0,RP11-301G7.1,4567,downstream,False,,,best_GxC_snps_hba1c_statins.txt,rs752876802,3.57251e-08,,,lincRNA,RP11-301G7.1|ZMAT4,,404 Client Error: Not Found. for url: https://myvariant.info/v1/variant/rs752876802?fields=clinvar.rcv.clinical_significance%2Cclinvar.rcv.conditions.name%2Cclinvar.variant_id&assembly=hg19
rs146795784,8,42525637.0,None within 10kb,N/A,N/A,False,,,best_GxC_snps_hba1c_statins.txt,rs146795784,1.38591e-13,,,N/A,,,
rs12546047,8,42797209.0,HOOK3,0,within,False,,,best_GxC_snps_hba1c_statins.txt,rs12546047,1.51119e-09,,,protein_coding,HOOK3|Y_RNA,,
rs138828009,8,43272859.0,None within 10kb,N/A,N/A,False,,,best_GxC_snps_hba1c_statins.txt,rs138828009,4.4269e-10,,,N/A,,,
rs544972260,8,49121877.0,None within 10kb,N/A,N/A,False,,,best_GxC_snps_hba1c_statins.txt,rs544972260,3.51658e-08,,,N/A,,,
rs73596978,8,56062843.0,XKR4,0,within,False,,,best_GxC_snps_hba1c_statins.txt,rs73596978,3.79434e-08,,,protein_coding,XKR4|RP11-386G21.1,,
rs13279074,8,65493664.0,RP11-21C4.1,0,within,False,,,best_GxC_snps_hba1c_statins.txt,rs13279074,3.38916e-10,,,antisense,RP11-21C4.1|BHLHE22|CYP7B1|RP11-21C4.5,,
rs34656030,8,74633967.0,RP11-463D19.1,0,within,False,,,best_GxC_snps_hba1c_statins.txt,rs34656030,2.94743e-08,,,lincRNA,RP11-463D19.1|STAU2|RP11-463D19.2,,
rs10957954,8,80956545.0,TPD52,0,within,False,,,best_GxC_snps_hba1c_statins.txt,rs10957954,3.76442e-10,,,protein_coding,TPD52,,
rs192187019,8,88352518.0,CNBD1,0,within,False,,,best_GxC_snps_hba1c_statins.txt,rs192187019,3.52745e-09,,,protein_coding,CNBD1,,
rs12155881,8,96652303.0,KB-1047C11.2,0,within,False,,,best_GxC_snps_hba1c_statins.txt,rs12155881,6.09606e-10,,,lincRNA,KB-1047C11.2,,
rs113421370,8,100439548.0,VPS13B,0,within,False,,,best_GxC_snps_hba1c_statins.txt,rs113421370,1.38424e-08,,,protein_coding,VPS13B,,
rs76093739,8,106421158.0,RP11-127H5.1,0,within,False,,,best_GxC_snps_hba1c_statins.txt,rs76093739,2.25333e-08,,,protein_coding,RP11-127H5.1|ZFPM2,,
rs117424852,8,116735337.0,TRPS1,0,within,False,,,best_GxC_snps_hba1c_statins.txt,rs117424852,1.87917e-11,,,protein_coding,TRPS1,,
rs74807756,8,118323086.0,SNORA31,2681,upstream,False,,,best_GxC_snps_hba1c_statins.txt,rs74807756,2.01183e-09,,,snoRNA,SNORA31,,
rs140775051,8,123297127.0,None within 10kb,N/A,N/A,False,,,best_GxC_snps_hba1c_statins.txt,rs140775051,4.85362e-09,,,N/A,,,
rs375592787,8,123883911.0,ZHX2,0,within,False,,,best_GxC_snps_hba1c_statins.txt,rs375592787,2.80732e-08,,,protein_coding,ZHX2,,404 Client Error: Not Found. for url: https://myvariant.info/v1/variant/rs375592787?fields=clinvar.rcv.clinical_significance%2Cclinvar.rcv.conditions.name%2Cclinvar.variant_id&assembly=hg19
rs2954021,8,126482077.0,RP11-136O12.2,0,within,False,,,best_GxC_snps_hba1c_statins.txt,rs2954021,4.46468e-10,,,lincRNA,RP11-136O12.2,,
rs77848221,8,128013377.0,PCAT1,0,within,False,,,best_GxC_snps_hba1c_statins.txt,rs77848221,3.3188e-08,,,lincRNA,PCAT1,,
rs755519,8,128978788.0,PVT1,0,within,False,,,best_GxC_snps_hba1c_statins.txt,rs755519,1.45316e-08,,,processed_transcript,PVT1|MIR1205,,
rs7833100,8,129999102.0,None within 10kb,N/A,N/A,False,,,best_GxC_snps_hba1c_statins.txt,rs7833100,2.96902e-09,,,N/A,,,
rs192812402,8,131406435.0,ASAP1,0,within,False,,,best_GxC_snps_hba1c_statins.txt,rs192812402,2.95376e-08,,,protein_coding,ASAP1,,
rs76530027,8,135117623.0,None within 10kb,N/A,N/A,False,,,best_GxC_snps_hba1c_statins.txt,rs76530027,2.25973e-09,,,N/A,,,
rs11990695,8,141111180.0,TRAPPC9,0,within,False,,,best_GxC_snps_hba1c_statins.txt,rs11990695,3.38527e-09,,,protein_coding,TRAPPC9,,
rs143688313,9,1545600.0,None within 10kb,N/A,N/A,False,,,best_GxC_snps_hba1c_statins.txt,rs143688313,6.00146e-12,,,N/A,,,
rs10117864,9,2304143.0,None within 10kb,N/A,N/A,False,,,best_GxC_snps_hba1c_statins.txt,rs10117864,1.34746e-10,,,N/A,,,
rs10811660,9,22134068.0,None within 10kb,N/A,N/A,False,,,best_GxC_snps_hba1c_statins.txt,rs10811660,1.1224e-20,,,N/A,,,
rs192272325,9,23870933.0,None within 10kb,N/A,N/A,False,,,best_GxC_snps_hba1c_statins.txt,rs192272325,6.33233e-10,,,N/A,,,
rs75384696,9,71186830.0,RP11-274B18.4,0,within,False,,,best_GxC_snps_hba1c_statins.txt,rs75384696,3.50697e-09,,,lincRNA,RP11-274B18.4,,
rs138116613,9,74784883.0,GDA,0,within,False,,,best_GxC_snps_hba1c_statins.txt,rs138116613,1.84672e-08,,,protein_coding,GDA,,
rs117148564,9,76054389.0,None within 10kb,N/A,N/A,False,,,best_GxC_snps_hba1c_statins.txt,rs117148564,3.651e-10,,,N/A,,,
rs2225969,9,78613471.0,PCSK5,0,within,False,,,best_GxC_snps_hba1c_statins.txt,rs2225969,8.89005e-09,,,protein_coding,PCSK5,,
rs6560492,9,78673256.0,PCSK5,0,within,False,,,best_GxC_snps_hba1c_statins.txt,rs6560492,1.71855e-15,,,protein_coding,PCSK5,,
rs2796441,9,84308948.0,RP11-154D17.1,0,within,False,,,best_GxC_snps_hba1c_statins.txt,rs2796441,1.49745e-08,,,lincRNA,RP11-154D17.1|TLE1,,
rs111957832,9,90451642.0,XXyac-YM21GA2.6,0,within,False,,,best_GxC_snps_hba1c_statins.txt,rs111957832,4.87851e-08,,,pseudogene,XXyac-YM21GA2.6|CTSLP8,,
rs74797695,9,96672697.0,None within 10kb,N/A,N/A,False,,,best_GxC_snps_hba1c_statins.txt,rs74797695,3.53879e-08,,,N/A,,,
rs4742654,9,108409041.0,FKTN,5642,downstream,False,,,best_GxC_snps_hba1c_statins.txt,rs4742654,7.12457e-09,,,protein_coding,FKTN,,
rs113531933,9,108847474.0,None within 10kb,N/A,N/A,False,,,best_GxC_snps_hba1c_statins.txt,rs113531933,1.39576e-10,,,N/A,,,
rs142157545,9,112658984.0,PALM2,0,within,False,,,best_GxC_snps_hba1c_statins.txt,rs142157545,3.82132e-08,,,protein_coding,PALM2|PALM2-AKAP2|AKAP2,,
rs75479201,9,133401793.0,None within 10kb,N/A,N/A,False,,,best_GxC_snps_hba1c_statins.txt,rs75479201,4.73494e-08,,,N/A,,,
rs10114587,9,133795282.0,FIBCD1,0,within,False,,,best_GxC_snps_hba1c_statins.txt,rs10114587,4.69403e-08,,,protein_coding,FIBCD1,,
rs111288338,9,136549474.0,SARDH,0,within,False,,,best_GxC_snps_hba1c_statins.txt,rs111288338,1.56475e-08,,,protein_coding,SARDH,,
rs151266554,10,3025202.0,None within 10kb,N/A,N/A,False,,,best_GxC_snps_hba1c_statins.txt,rs151266554,8.55568e-09,,,N/A,,,
rs34017339,10,3387232.0,None within 10kb,N/A,N/A,False,,,best_GxC_snps_hba1c_statins.txt,rs34017339,3.30212e-09,,,N/A,,,
rs41344344,10,4091271.0,RP11-433J20.1,2647,upstream,False,,,best_GxC_snps_hba1c_statins.txt,rs41344344,3.54725e-08,,,lincRNA,RP11-433J20.1,,
rs11595171,10,5556594.0,CALML3-AS1,0,within,False,,,best_GxC_snps_hba1c_statins.txt,rs11595171,2.44173e-08,,,antisense,CALML3-AS1,,
rs17300357,10,6496815.0,PRKCQ,0,within,False,,,best_GxC_snps_hba1c_statins.txt,rs17300357,1.92173e-08,,,protein_coding,PRKCQ,,
rs16917121,10,18555987.0,CACNB2,0,within,False,,,best_GxC_snps_hba1c_statins.txt,rs16917121,6.1518e-13,,,protein_coding,CACNB2|RP11-109I13.2,,
rs10763859,10,19370315.0,None within 10kb,N/A,N/A,False,,,best_GxC_snps_hba1c_statins.txt,rs10763859,2.38795e-09,,,N/A,,,
rs117223419,10,33596567.0,NRP1,0,within,False,,,best_GxC_snps_hba1c_statins.txt,rs117223419,1.2108e-16,,,protein_coding,NRP1,,
rs12776899,10,33872211.0,RP11-476F14.1,0,within,False,,,best_GxC_snps_hba1c_statins.txt,rs12776899,1.6091e-08,,,lincRNA,RP11-476F14.1,,
rs139692661,10,36192093.0,RP11-309N24.1,4202,downstream,False,,,best_GxC_snps_hba1c_statins.txt,rs139692661,6.97477e-09,,,lincRNA,RP11-309N24.1,,
rs10732431,10,36378240.0,RP11-810B23.1,0,within,False,,,best_GxC_snps_hba1c_statins.txt,rs10732431,3.24381e-08,,,lincRNA,RP11-810B23.1,,
rs2996579,10,38556576.0,RP11-672F9.1,0,within,False,,,best_GxC_snps_hba1c_statins.txt,rs2996579,3.1346e-09,,,lincRNA,RP11-672F9.1,,
rs7099736,10,39025161.0,None within 10kb,N/A,N/A,False,,,best_GxC_snps_hba1c_statins.txt,rs7099736,9.90228e-10,,,N/A,,,
rs79478724,10,42496602.0,None within 10kb,N/A,N/A,False,,,best_GxC_snps_hba1c_statins.txt,rs79478724,6.57041e-10,,,N/A,,,
rs77891546,10,45344856.0,TMEM72-AS1,0,within,False,,,best_GxC_snps_hba1c_statins.txt,rs77891546,1.66253e-11,,,antisense,TMEM72-AS1,,
rs78408999,10,55394932.0,None within 10kb,N/A,N/A,False,,,best_GxC_snps_hba1c_statins.txt,rs78408999,3.39359e-08,,,N/A,,,
rs145682222,10,56959638.0,PCDH15,0,within,False,,,best_GxC_snps_hba1c_statins.txt,rs145682222,3.40674e-08,,,protein_coding,PCDH15,,
rs12412265,10,58372966.0,None within 10kb,N/A,N/A,False,,,best_GxC_snps_hba1c_statins.txt,rs12412265,1.90664e-09,,,N/A,,,
rs78266345,10,58390087.0,None within 10kb,N/A,N/A,False,,,best_GxC_snps_hba1c_statins.txt,rs78266345,7.46191e-11,,,N/A,,,
rs149495396,10,59913976.0,None within 10kb,N/A,N/A,False,,,best_GxC_snps_hba1c_statins.txt,rs149495396,4.40734e-10,,,N/A,,,
10:71943395_GAGGA_G,,,Position unknown,N/A,N/A,False,,,best_GxC_snps_hba1c_statins.txt,10:71943395_GAGGA_G,7.91739e-10,,,N/A,,,404 Client Error: Not Found. for url: https://myvariant.info/v1/variant/10:71943395_GAGGA_G?fields=clinvar.rcv.clinical_significance%2Cclinvar.rcv.conditions.name%2Cclinvar.variant_id&assembly=hg19
rs34825185,10,78576007.0,None within 10kb,N/A,N/A,False,,,best_GxC_snps_hba1c_statins.txt,rs34825185,1.76754e-08,,,N/A,,,
rs1907729,10,78678167.0,RP11-443A13.5,0,within,False,,,best_GxC_snps_hba1c_statins.txt,rs1907729,1.03686e-09,,,antisense,RP11-443A13.5|KCNMA1,,
rs116880535,10,79541150.0,RP13-39P12.2,0,within,False,,,best_GxC_snps_hba1c_statins.txt,rs116880535,2.85686e-08,,,pseudogene,RP13-39P12.2|RP13-39P12.3|RNU6-1266P|DLG5,,
rs35992865,10,79704541.0,H2AFZP5,8712,upstream,False,,,best_GxC_snps_hba1c_statins.txt,rs35992865,2.69517e-12,,,pseudogene,H2AFZP5,,
rs2243895,10,79867511.0,None within 10kb,N/A,N/A,False,,,best_GxC_snps_hba1c_statins.txt,rs2243895,1.03309e-12,,,N/A,,,
rs703967,10,80953451.0,ZMIZ1,0,within,False,,,best_GxC_snps_hba1c_statins.txt,rs703967,1.02952e-08,,,protein_coding,ZMIZ1,,
rs61851406,10,82668644.0,None within 10kb,N/A,N/A,False,,,best_GxC_snps_hba1c_statins.txt,rs61851406,1.17147e-11,,,N/A,,,
rs5015480,10,94465559.0,Y_RNA,4697,upstream,False,,,best_GxC_snps_hba1c_statins.txt,rs5015480,6.95069e-11,,,misc_RNA,Y_RNA,,
rs111683166,10,105889128.0,WDR96,518,upstream,False,,,best_GxC_snps_hba1c_statins.txt,rs111683166,1.26297e-08,,,protein_coding,WDR96|SFR1,,
rs28357118,10,109560976.0,RP11-215N21.1,0,within,False,,,best_GxC_snps_hba1c_statins.txt,rs28357118,1.89543e-08,,,lincRNA,RP11-215N21.1,,
rs72823395,10,113138102.0,None within 10kb,N/A,N/A,False,,,best_GxC_snps_hba1c_statins.txt,rs72823395,7.11747e-14,,,N/A,,,
rs111744999,10,114673248.0,RP11-57H14.3,7378,downstream,False,,,best_GxC_snps_hba1c_statins.txt,rs111744999,1.28788e-12,,,sense_intronic,RP11-57H14.3,,
rs7903146,10,114758349.0,TCF7L2,0,within,False,,,best_GxC_snps_hba1c_statins.txt,rs7903146,7.21464e-79,,,protein_coding,TCF7L2,,
rs57225583,10,114771843.0,TCF7L2,0,within,False,,,best_GxC_snps_hba1c_statins.txt,rs57225583,8.30446e-21,,,protein_coding,TCF7L2,,
rs61872787,10,114812960.0,TCF7L2,0,within,False,,,best_GxC_snps_hba1c_statins.txt,rs61872787,1.7755e-08,,,protein_coding,TCF7L2,,
rs117387940,10,122102373.0,None within 10kb,N/A,N/A,False,,,best_GxC_snps_hba1c_statins.txt,rs117387940,8.49667e-09,,,N/A,,,
rs116975521,11,1553067.0,None within 10kb,N/A,N/A,False,,,best_GxC_snps_hba1c_statins.txt,rs116975521,2.23422e-08,,,N/A,,,
rs151143862,11,2634573.0,KCNQ1OT1,0,within,True,Benign,not provided,best_GxC_snps_hba1c_statins.txt,rs151143862,2.00742e-08,,,antisense,KCNQ1OT1|KCNQ1,1711273.0,
rs2237895,11,2857194.0,KCNQ1,0,within,False,,,best_GxC_snps_hba1c_statins.txt,rs2237895,2.20567e-17,,,protein_coding,KCNQ1|KCNQ1-AS1,,
rs10769690,11,6352680.0,None within 10kb,N/A,N/A,False,,,best_GxC_snps_hba1c_statins.txt,rs10769690,1.59657e-08,,,N/A,,,
rs118116828,11,9366422.0,None within 10kb,N/A,N/A,False,,,best_GxC_snps_hba1c_statins.txt,rs118116828,4.45376e-08,,,N/A,,,
rs59629543,11,15889761.0,None within 10kb,N/A,N/A,False,,,best_GxC_snps_hba1c_statins.txt,rs59629543,1.53997e-09,,,N/A,,,
rs118084351,11,17142794.0,PIK3C2A,0,within,False,,,best_GxC_snps_hba1c_statins.txt,rs118084351,4.15945e-10,,,protein_coding,PIK3C2A|RNU6-593P,,
rs61888307,11,27074645.0,RP11-1L12.3,0,within,False,,,best_GxC_snps_hba1c_statins.txt,rs61888307,4.1921e-10,,,antisense,RP11-1L12.3|BBOX1,,
rs149128630,11,29726264.0,CTD-3138F19.1,9192,upstream,False,,,best_GxC_snps_hba1c_statins.txt,rs149128630,3.66676e-08,,,lincRNA,CTD-3138F19.1,,
rs72914600,11,34353849.0,ABTB2,0,within,False,,,best_GxC_snps_hba1c_statins.txt,rs72914600,1.11742e-09,,,protein_coding,ABTB2|RP1-145M24.1,,
rs35937442,11,36077049.0,LDLRAD3,0,within,False,,,best_GxC_snps_hba1c_statins.txt,rs35937442,1.14906e-09,,,protein_coding,LDLRAD3,,
rs7118030,11,61092477.0,DDB1,0,within,False,,,best_GxC_snps_hba1c_statins.txt,rs7118030,3.08374e-09,,,protein_coding,DDB1|DAK,,
rs149757539,11,74838045.0,CTD-2562J17.2,0,within,False,,,best_GxC_snps_hba1c_statins.txt,rs149757539,2.44314e-08,,,antisense,CTD-2562J17.2|SLCO2B1|OR2AT1P,,
rs139228172,11,87759718.0,None within 10kb,N/A,N/A,False,,,best_GxC_snps_hba1c_statins.txt,rs139228172,6.62119e-12,,,N/A,,,
rs77990826,11,92497811.0,RP11-203F8.1,0,within,False,,,best_GxC_snps_hba1c_statins.txt,rs77990826,1.71231e-08,,,antisense,RP11-203F8.1|FAT3,,
rs10895478,11,103476333.0,None within 10kb,N/A,N/A,False,,,best_GxC_snps_hba1c_statins.txt,rs10895478,1.8141e-09,,,N/A,,,
rs78107022,11,110154814.0,RDX,0,within,False,,,best_GxC_snps_hba1c_statins.txt,rs78107022,3.90908e-11,,,protein_coding,RDX,,
rs17461788,11,111077851.0,None within 10kb,N/A,N/A,False,,,best_GxC_snps_hba1c_statins.txt,rs17461788,2.57521e-08,,,N/A,,,
rs7129766,11,112562092.0,None within 10kb,N/A,N/A,False,,,best_GxC_snps_hba1c_statins.txt,rs7129766,4.08854e-10,,,N/A,,,
rs522098,11,116326686.0,None within 10kb,N/A,N/A,False,,,best_GxC_snps_hba1c_statins.txt,rs522098,2.94793e-09,,,N/A,,,
rs143028555,11,119521662.0,RP11-196E1.3,0,within,False,,,best_GxC_snps_hba1c_statins.txt,rs143028555,5.73875e-09,,,antisense,RP11-196E1.3|PVRL1|RNU6-1123P,,
rs11218199,11,121064524.0,TECTA,2322,downstream,False,,,best_GxC_snps_hba1c_statins.txt,rs11218199,8.16757e-10,,,protein_coding,TECTA,,
rs12418156,11,128486358.0,RP11-264E20.1,0,within,False,,,best_GxC_snps_hba1c_statins.txt,rs12418156,2.77266e-08,,,lincRNA,RP11-264E20.1|RP11-264E20.2,,
rs75502993,11,128550831.0,RP11-744N12.3,0,within,False,,,best_GxC_snps_hba1c_statins.txt,rs75502993,4.65563e-13,,,antisense,RP11-744N12.3|FLI1,,
rs74699582,11,130454913.0,None within 10kb,N/A,N/A,False,,,best_GxC_snps_hba1c_statins.txt,rs74699582,2.6278e-08,,,N/A,,,
rs74366413,12,4321598.0,None within 10kb,N/A,N/A,False,,,best_GxC_snps_hba1c_statins.txt,rs74366413,3.8966e-08,,,N/A,,,
rs142841249,12,10861282.0,YBX3,0,within,False,,,best_GxC_snps_hba1c_statins.txt,rs142841249,1.62868e-09,,,protein_coding,YBX3,,
rs3764041,12,21489705.0,SLCO1A2,0,within,False,,,best_GxC_snps_hba1c_statins.txt,rs3764041,2.58111e-08,,,protein_coding,SLCO1A2,,
rs17175164,12,23068682.0,RP11-114G22.1,0,within,False,,,best_GxC_snps_hba1c_statins.txt,rs17175164,9.49321e-09,,,lincRNA,RP11-114G22.1,,
12:27946456_CAG_C,,,Position unknown,N/A,N/A,False,,,best_GxC_snps_hba1c_statins.txt,12:27946456_CAG_C,2.40594e-09,,,N/A,,,404 Client Error: Not Found. for url: https://myvariant.info/v1/variant/12:27946456_CAG_C?fields=clinvar.rcv.clinical_significance%2Cclinvar.rcv.conditions.name%2Cclinvar.variant_id&assembly=hg19
rs116912753,12,31423660.0,FAM60A,9858,upstream,False,,,best_GxC_snps_hba1c_statins.txt,rs116912753,2.99183e-08,,,protein_coding,FAM60A,,
rs117473758,12,32098046.0,RP11-428G5.2,3222,upstream,False,,,best_GxC_snps_hba1c_statins.txt,rs117473758,1.46571e-09,,,pseudogene,RP11-428G5.2|RP11-428G5.7,,
12:32219585_TA_T,,,Position unknown,N/A,N/A,False,,,best_GxC_snps_hba1c_statins.txt,12:32219585_TA_T,6.1763e-10,,,N/A,,,404 Client Error: Not Found. for url: https://myvariant.info/v1/variant/12:32219585_TA_T?fields=clinvar.rcv.clinical_significance%2Cclinvar.rcv.conditions.name%2Cclinvar.variant_id&assembly=hg19
rs148676394,12,39788520.0,KIF21A,0,within,False,,,best_GxC_snps_hba1c_statins.txt,rs148676394,3.99149e-08,,,protein_coding,KIF21A,,
rs12303920,12,40022273.0,C12orf40,0,within,False,,,best_GxC_snps_hba1c_statins.txt,rs12303920,1.18837e-08,,,protein_coding,C12orf40|ABCD2,,
rs111350419,12,46078873.0,None within 10kb,N/A,N/A,False,,,best_GxC_snps_hba1c_statins.txt,rs111350419,1.27028e-09,,,N/A,,,
rs61923122,12,60640923.0,None within 10kb,N/A,N/A,False,,,best_GxC_snps_hba1c_statins.txt,rs61923122,2.64923e-08,,,N/A,,,
rs78784585,12,63547715.0,AVPR1A,2993,downstream,False,,,best_GxC_snps_hba1c_statins.txt,rs78784585,6.66079e-10,,,protein_coding,AVPR1A,,
rs67341757,12,74593114.0,RP11-81H3.2,0,within,False,,,best_GxC_snps_hba1c_statins.txt,rs67341757,4.9871e-09,,,lincRNA,RP11-81H3.2,,
rs74796165,12,104298998.0,RP11-642P15.1,0,within,False,,,best_GxC_snps_hba1c_statins.txt,rs74796165,2.82032e-10,,,pseudogene,RP11-642P15.1,,
rs146825873,12,107369421.0,C12orf23,0,within,False,,,best_GxC_snps_hba1c_statins.txt,rs146825873,4.68343e-10,,,protein_coding,C12orf23|MTERFD3,,
rs550456649,12,107624221.0,None within 10kb,N/A,N/A,False,,,best_GxC_snps_hba1c_statins.txt,rs550456649,3.93512e-08,,,N/A,,,
rs117581860,12,108597160.0,WSCD2,0,within,False,,,best_GxC_snps_hba1c_statins.txt,rs117581860,2.93504e-08,,,protein_coding,WSCD2,,
rs141479667,12,109336359.0,SVOP,0,within,False,,,best_GxC_snps_hba1c_statins.txt,rs141479667,4.6011e-10,,,protein_coding,SVOP,,
rs113426042,12,113495677.0,DTX1,0,within,False,,,best_GxC_snps_hba1c_statins.txt,rs113426042,3.58761e-08,,,protein_coding,DTX1|RPS15AP32,,
rs78381318,12,119562767.0,SRRM4,0,within,False,,,best_GxC_snps_hba1c_statins.txt,rs78381318,1.56921e-08,,,protein_coding,SRRM4|RP11-364C11.2,,
rs10744752,12,120900554.0,SRSF9,0,within,False,,,best_GxC_snps_hba1c_statins.txt,rs10744752,3.83616e-08,,,protein_coding,SRSF9|GATC|AL021546.6|DYNLL1,,
rs189793373,12,122125488.0,None within 10kb,N/A,N/A,False,,,best_GxC_snps_hba1c_statins.txt,rs189793373,1.24239e-09,,,N/A,,,
rs142639543,12,124583487.0,FAM101A,0,within,False,,,best_GxC_snps_hba1c_statins.txt,rs142639543,1.96514e-08,,,protein_coding,FAM101A,,
rs269156,12,130062326.0,TMEM132D,0,within,False,,,best_GxC_snps_hba1c_statins.txt,rs269156,2.91976e-10,,,protein_coding,TMEM132D,,
rs9512625,13,19908867.0,ANKRD26P3,0,within,False,,,best_GxC_snps_hba1c_statins.txt,rs9512625,3.25121e-09,,,pseudogene,ANKRD26P3,,
rs9553665,13,26439448.0,ATP8A2,0,within,False,,,best_GxC_snps_hba1c_statins.txt,rs9553665,2.50951e-08,,,protein_coding,ATP8A2|RP11-467D10.2|AL138815.1,,
rs117996106,13,27961969.0,None within 10kb,N/A,N/A,False,,,best_GxC_snps_hba1c_statins.txt,rs117996106,1.38462e-09,,,N/A,,,
rs61944004,13,28492405.0,PDX1-AS1,0,within,False,,,best_GxC_snps_hba1c_statins.txt,rs61944004,1.38936e-08,,,antisense,PDX1-AS1|PDX1,,
rs117290479,13,31545761.0,TEX26,0,within,False,,,best_GxC_snps_hba1c_statins.txt,rs117290479,2.32891e-10,,,protein_coding,TEX26|RP11-252M21.6,,
rs138734028,13,37303258.0,AL136160.1,429,downstream,False,,,best_GxC_snps_hba1c_statins.txt,rs138734028,8.61367e-10,,,miRNA,AL136160.1,,
rs114149960,13,40606327.0,None within 10kb,N/A,N/A,False,,,best_GxC_snps_hba1c_statins.txt,rs114149960,1.68985e-09,,,N/A,,,
rs7319380,13,41008751.0,None within 10kb,N/A,N/A,False,,,best_GxC_snps_hba1c_statins.txt,rs7319380,4.30168e-08,,,N/A,,,
rs146387412,13,45927172.0,TPT1-AS1,0,within,False,,,best_GxC_snps_hba1c_statins.txt,rs146387412,4.00004e-08,,,antisense,TPT1-AS1|RP11-290D2.3,,
rs77371590,13,47726116.0,None within 10kb,N/A,N/A,False,,,best_GxC_snps_hba1c_statins.txt,rs77371590,4.27467e-08,,,N/A,,,
rs117807893,13,52028732.0,INTS6-AS1,0,within,False,,,best_GxC_snps_hba1c_statins.txt,rs117807893,3.56934e-08,,,antisense,INTS6-AS1|RPS4XP16|INTS6,,
rs17187336,13,60957218.0,None within 10kb,N/A,N/A,False,,,best_GxC_snps_hba1c_statins.txt,rs17187336,1.44862e-08,,,N/A,,,
rs74658373,13,61736218.0,None within 10kb,N/A,N/A,False,,,best_GxC_snps_hba1c_statins.txt,rs74658373,4.50847e-08,,,N/A,,,
rs3922926,13,64306395.0,LINC00395,0,within,False,,,best_GxC_snps_hba1c_statins.txt,rs3922926,4.95591e-08,,,antisense,LINC00395,,
rs113838024,13,70316926.0,KLHL1,0,within,False,,,best_GxC_snps_hba1c_statins.txt,rs113838024,3.12342e-09,,,protein_coding,KLHL1,,
rs1359790,13,80717156.0,None within 10kb,N/A,N/A,False,,,best_GxC_snps_hba1c_statins.txt,rs1359790,2.59322e-11,,,N/A,,,
rs113351515,13,81578619.0,None within 10kb,N/A,N/A,False,,,best_GxC_snps_hba1c_statins.txt,rs113351515,3.64439e-19,,,N/A,,,
rs75768969,13,101617913.0,NALCN-AS1,0,within,False,,,best_GxC_snps_hba1c_statins.txt,rs75768969,1.4014e-08,,,antisense,NALCN-AS1,,
rs737207,13,102579654.0,FGF14,0,within,False,,,best_GxC_snps_hba1c_statins.txt,rs737207,4.34756e-09,,,protein_coding,FGF14,,
rs143934153,14,30956955.0,RP11-1103G16.1,0,within,False,,,best_GxC_snps_hba1c_statins.txt,rs143934153,1.83321e-11,,,antisense,RP11-1103G16.1,,
rs147490809,14,38967997.0,None within 10kb,N/A,N/A,False,,,best_GxC_snps_hba1c_statins.txt,rs147490809,4.23796e-08,,,N/A,,,
rs368793796,14,39105073.0,None within 10kb,N/A,N/A,False,,,best_GxC_snps_hba1c_statins.txt,rs368793796,8.00817e-09,,,N/A,,,
rs77099161,14,49573648.0,None within 10kb,N/A,N/A,False,,,best_GxC_snps_hba1c_statins.txt,rs77099161,4.51839e-10,,,N/A,,,
rs210359,14,54167472.0,None within 10kb,N/A,N/A,False,,,best_GxC_snps_hba1c_statins.txt,rs210359,4.93552e-08,,,N/A,,,
rs113124640,14,61099266.0,RP11-1042B17.5,8182,upstream,False,,,best_GxC_snps_hba1c_statins.txt,rs113124640,1.75993e-08,,,lincRNA,RP11-1042B17.5,,
rs72712526,14,63647182.0,None within 10kb,N/A,N/A,False,,,best_GxC_snps_hba1c_statins.txt,rs72712526,3.6164e-10,,,N/A,,,
rs8003323,14,70826166.0,SYNJ2BP-COX16,0,within,False,,,best_GxC_snps_hba1c_statins.txt,rs8003323,3.80584e-08,,,processed_transcript,SYNJ2BP-COX16|COX16|RNU2-51P,,
rs77936052,14,86962442.0,None within 10kb,N/A,N/A,False,,,best_GxC_snps_hba1c_statins.txt,rs77936052,7.08887e-09,,,N/A,,,
rs6575000,14,88703940.0,KCNK10,0,within,False,,,best_GxC_snps_hba1c_statins.txt,rs6575000,2.94657e-10,,,protein_coding,KCNK10,,
rs143003579,14,92066659.0,CATSPERB,0,within,False,,,best_GxC_snps_hba1c_statins.txt,rs143003579,1.46927e-08,,,protein_coding,CATSPERB|RP11-248B24.4|NANOGP7,,
rs1187648,14,95549539.0,DICER1,3026,upstream,False,,,best_GxC_snps_hba1c_statins.txt,rs1187648,9.82527e-09,,,protein_coding,DICER1,,
rs117618513,14,103914841.0,MARK3,0,within,False,,,best_GxC_snps_hba1c_statins.txt,rs117618513,1.7856e-10,,,protein_coding,MARK3,,
rs1397256,15,36251687.0,RP11-184D12.1,0,within,False,,,best_GxC_snps_hba1c_statins.txt,rs1397256,7.0053e-09,,,lincRNA,RP11-184D12.1,,
rs1517880,15,36648330.0,None within 10kb,N/A,N/A,False,,,best_GxC_snps_hba1c_statins.txt,rs1517880,2.3221e-08,,,N/A,,,
rs12439394,15,39658985.0,RP11-624L4.1,0,within,False,,,best_GxC_snps_hba1c_statins.txt,rs12439394,5.62596e-09,,,antisense,RP11-624L4.1,,
rs117046521,15,51684922.0,GLDN,0,within,False,,,best_GxC_snps_hba1c_statins.txt,rs117046521,2.00794e-09,,,protein_coding,GLDN,,
rs117669544,15,54846189.0,UNC13C,0,within,False,,,best_GxC_snps_hba1c_statins.txt,rs117669544,3.10335e-10,,,protein_coding,UNC13C,,
rs78231496,15,55366874.0,RP11-548M13.1,0,within,False,,,best_GxC_snps_hba1c_statins.txt,rs78231496,9.27628e-09,,,lincRNA,RP11-548M13.1,,
rs1968689,15,58822785.0,LIPC,0,within,False,,,best_GxC_snps_hba1c_statins.txt,rs1968689,5.61804e-12,,,protein_coding,LIPC|RP11-50C13.2,,
rs75844368,15,61761785.0,RP11-507B12.2,0,within,False,,,best_GxC_snps_hba1c_statins.txt,rs75844368,4.47674e-09,,,lincRNA,RP11-507B12.2,,
rs12901956,15,62130726.0,RP11-16B9.1,0,within,False,,,best_GxC_snps_hba1c_statins.txt,rs12901956,6.27035e-09,,,antisense,RP11-16B9.1,,
rs920177,15,62413742.0,None within 10kb,N/A,N/A,False,,,best_GxC_snps_hba1c_statins.txt,rs920177,1.13125e-08,,,N/A,,,
rs147444136,15,75325710.0,PPCDC,0,within,False,,,best_GxC_snps_hba1c_statins.txt,rs147444136,3.11408e-08,,,protein_coding,PPCDC,,
rs1394125,15,76158983.0,UBE2Q2,0,within,False,,,best_GxC_snps_hba1c_statins.txt,rs1394125,1.30588e-08,,,protein_coding,UBE2Q2,,
rs74940130,15,86558912.0,None within 10kb,N/A,N/A,False,,,best_GxC_snps_hba1c_statins.txt,rs74940130,1.24278e-08,,,N/A,,,
rs28428678,15,92818423.0,RP11-152L20.3,0,within,False,,,best_GxC_snps_hba1c_statins.txt,rs28428678,2.65973e-10,,,antisense,RP11-152L20.3|DUXAP6,,
rs190773046,15,101150913.0,ASB7,0,within,False,,,best_GxC_snps_hba1c_statins.txt,rs190773046,1.01579e-08,,,protein_coding,ASB7|LINS,,
rs28886995,15,101351893.0,RP11-66B24.5,0,within,False,,,best_GxC_snps_hba1c_statins.txt,rs28886995,2.76891e-08,,,lincRNA,RP11-66B24.5,,
rs11644644,16,4246869.0,SRL,0,within,False,,,best_GxC_snps_hba1c_statins.txt,rs11644644,2.49346e-08,,,protein_coding,SRL,,
rs653127,16,5505637.0,RP11-420N3.2,0,within,False,,,best_GxC_snps_hba1c_statins.txt,rs653127,3.3524e-09,,,processed_transcript,RP11-420N3.2,,
rs55770577,16,6634869.0,RP11-420N3.2,0,within,False,,,best_GxC_snps_hba1c_statins.txt,rs55770577,1.91922e-08,,,processed_transcript,RP11-420N3.2|RBFOX1|RP11-468I15.1,,
rs114891671,16,7142203.0,RBFOX1,0,within,False,,,best_GxC_snps_hba1c_statins.txt,rs114891671,4.03773e-14,,,protein_coding,RBFOX1,,
rs144125075,16,7377332.0,RBFOX1,0,within,False,,,best_GxC_snps_hba1c_statins.txt,rs144125075,4.20815e-13,,,protein_coding,RBFOX1,,
rs117386269,16,7575203.0,RBFOX1,0,within,False,,,best_GxC_snps_hba1c_statins.txt,rs117386269,2.45607e-11,,,protein_coding,RBFOX1,,
rs117572845,16,9648986.0,RNA5SP403,9261,upstream,False,,,best_GxC_snps_hba1c_statins.txt,rs117572845,4.26055e-10,,,rRNA,RNA5SP403,,
rs77513705,16,12866987.0,CPPED1,0,within,False,,,best_GxC_snps_hba1c_statins.txt,rs77513705,5.43811e-12,,,protein_coding,CPPED1,,
rs9928648,16,20410669.0,PDILT,0,within,False,,,best_GxC_snps_hba1c_statins.txt,rs9928648,5.57277e-10,,,protein_coding,PDILT|RP11-429K17.1,,
rs151131003,16,20642241.0,ACSM3,0,within,False,,,best_GxC_snps_hba1c_statins.txt,rs151131003,1.88082e-11,,,protein_coding,ACSM3|ACSM1,,
rs75320951,16,24925164.0,SLC5A11,2215,downstream,False,,,best_GxC_snps_hba1c_statins.txt,rs75320951,2.78004e-08,,,protein_coding,SLC5A11|ARHGAP17|AC008731.1,,
rs138415138,16,30553051.0,AC002310.13,0,within,False,,,best_GxC_snps_hba1c_statins.txt,rs138415138,2.27166e-09,,,protein_coding,AC002310.13|AC002310.10|AC002310.12|ZNF747|ZNF747,,
rs144205980,16,30805584.0,ZNF629,7061,downstream,False,,,best_GxC_snps_hba1c_statins.txt,rs144205980,2.16339e-08,,,protein_coding,ZNF629,,
rs75885044,16,50456996.0,None within 10kb,N/A,N/A,False,,,best_GxC_snps_hba1c_statins.txt,rs75885044,3.50371e-08,,,N/A,,,
rs77983357,16,60679515.0,GNPATP,8624,upstream,False,,,best_GxC_snps_hba1c_statins.txt,rs77983357,1.46607e-08,,,pseudogene,GNPATP,,
rs1677311,16,78014524.0,VAT1L,520,downstream,False,,,best_GxC_snps_hba1c_statins.txt,rs1677311,6.36792e-09,,,protein_coding,VAT1L,,
rs62043358,16,79777655.0,RP11-345M22.1,0,within,False,,,best_GxC_snps_hba1c_statins.txt,rs62043358,5.8771e-09,,,lincRNA,RP11-345M22.1|RP11-345M22.2,,
rs74732810,16,87978963.0,CTD-3057O21.1,155,downstream,False,,,best_GxC_snps_hba1c_statins.txt,rs74732810,1.31675e-10,,,pseudogene,CTD-3057O21.1|BANP|CA5A,,
rs117769543,16,88140938.0,RP11-863P13.4,6347,downstream,False,,,best_GxC_snps_hba1c_statins.txt,rs117769543,3.19649e-17,,,lincRNA,RP11-863P13.4,,
rs76376428,16,88167345.0,None within 10kb,N/A,N/A,False,,,best_GxC_snps_hba1c_statins.txt,rs76376428,4.86039e-08,,,N/A,,,
rs117290028,16,88374950.0,None within 10kb,N/A,N/A,False,,,best_GxC_snps_hba1c_statins.txt,rs117290028,3.68576e-09,,,N/A,,,
rs71368581,17,5609690.0,None within 10kb,N/A,N/A,False,,,best_GxC_snps_hba1c_statins.txt,rs71368581,2.51987e-10,,,N/A,,,
rs8075741,17,8934987.0,NTN1,0,within,False,,,best_GxC_snps_hba1c_statins.txt,rs8075741,4.65833e-09,,,protein_coding,NTN1,,
rs6503332,17,10808311.0,None within 10kb,N/A,N/A,False,,,best_GxC_snps_hba1c_statins.txt,rs6503332,3.77861e-08,,,N/A,,,
rs116908225,17,13108326.0,None within 10kb,N/A,N/A,False,,,best_GxC_snps_hba1c_statins.txt,rs116908225,3.97586e-09,,,N/A,,,
rs79875842,17,18220268.0,SMCR8,0,within,True,Benign,not provided,best_GxC_snps_hba1c_statins.txt,rs79875842,2.75218e-10,,,protein_coding,SMCR8|TOP3A|RPL21P121|RPL7AP65|RP1-178F10.3,782548.0,
rs117030879,17,25383519.0,VN1R71P,906,upstream,False,,,best_GxC_snps_hba1c_statins.txt,rs117030879,3.37508e-09,,,pseudogene,VN1R71P|RP11-260A9.4,,
rs79006024,17,38280177.0,MSL1,0,within,False,,,best_GxC_snps_hba1c_statins.txt,rs79006024,2.84332e-08,,,protein_coding,MSL1,,
rs2058258,17,52864735.0,None within 10kb,N/A,N/A,False,,,best_GxC_snps_hba1c_statins.txt,rs2058258,6.68576e-14,,,N/A,,,
rs9897003,17,64735297.0,PRKCA,0,within,False,,,best_GxC_snps_hba1c_statins.txt,rs9897003,8.51433e-11,,,protein_coding,PRKCA,,
rs6504454,17,64741252.0,PRKCA,0,within,False,,,best_GxC_snps_hba1c_statins.txt,rs6504454,3.488e-09,,,protein_coding,PRKCA,,
rs77542162,17,67081278.0,ABCA6,0,within,False,,,best_GxC_snps_hba1c_statins.txt,rs77542162,4.61084e-09,,,protein_coding,ABCA6|LOC100421166,,
rs146603574,18,174005.0,USP14,0,within,False,,,best_GxC_snps_hba1c_statins.txt,rs146603574,3.32086e-08,,,protein_coding,USP14,,
rs74592884,18,1218394.0,None within 10kb,N/A,N/A,False,,,best_GxC_snps_hba1c_statins.txt,rs74592884,2.37827e-08,,,N/A,,,
rs141118316,18,2216788.0,RP11-161I6.2,0,within,False,,,best_GxC_snps_hba1c_statins.txt,rs141118316,2.40012e-08,,,lincRNA,RP11-161I6.2,,
rs1967428,18,4235851.0,DLGAP1,0,within,False,,,best_GxC_snps_hba1c_statins.txt,rs1967428,4.97812e-11,,,protein_coding,DLGAP1,,
rs78318224,18,5870431.0,RP11-945C19.1,0,within,False,,,best_GxC_snps_hba1c_statins.txt,rs78318224,2.19773e-08,,,lincRNA,RP11-945C19.1,,
rs72899404,18,7807417.0,PTPRM,0,within,False,,,best_GxC_snps_hba1c_statins.txt,rs72899404,8.84322e-10,,,protein_coding,PTPRM|RP11-678G15.1,,
rs4798813,18,9431604.0,None within 10kb,N/A,N/A,False,,,best_GxC_snps_hba1c_statins.txt,rs4798813,1.87487e-09,,,N/A,,,
rs183715875,18,19935080.0,RP11-535A5.1,6865,downstream,False,,,best_GxC_snps_hba1c_statins.txt,rs183715875,2.33115e-10,,,lincRNA,RP11-535A5.1,,
rs142508857,18,21689702.0,TTC39C,0,within,False,,,best_GxC_snps_hba1c_statins.txt,rs142508857,2.98385e-08,,,protein_coding,TTC39C|RP11-799B12.2,,
rs62084728,18,26252876.0,None within 10kb,N/A,N/A,False,,,best_GxC_snps_hba1c_statins.txt,rs62084728,6.333e-10,,,N/A,,,
rs9959089,18,42774359.0,None within 10kb,N/A,N/A,False,,,best_GxC_snps_hba1c_statins.txt,rs9959089,3.32468e-08,,,N/A,,,
rs11663834,18,43945004.0,RNF165,0,within,False,,,best_GxC_snps_hba1c_statins.txt,rs11663834,1.18662e-09,,,protein_coding,RNF165,,
rs112754884,18,44150730.0,LOXHD1,0,within,False,,,best_GxC_snps_hba1c_statins.txt,rs112754884,1.90482e-09,,,protein_coding,LOXHD1,,
rs117452443,18,46389411.0,CTIF,0,within,False,,,best_GxC_snps_hba1c_statins.txt,rs117452443,3.66991e-08,,,protein_coding,CTIF,,
rs72928269,18,51254450.0,None within 10kb,N/A,N/A,False,,,best_GxC_snps_hba1c_statins.txt,rs72928269,4.23255e-11,,,N/A,,,
rs1995138,18,51526568.0,None within 10kb,N/A,N/A,False,,,best_GxC_snps_hba1c_statins.txt,rs1995138,2.08858e-08,,,N/A,,,
rs28850897,18,56670593.0,OACYLP,0,within,False,,,best_GxC_snps_hba1c_statins.txt,rs28850897,9.56043e-09,,,pseudogene,OACYLP,,
rs117413605,18,58255175.0,None within 10kb,N/A,N/A,False,,,best_GxC_snps_hba1c_statins.txt,rs117413605,3.67196e-08,,,N/A,,,
rs12606152,18,64445511.0,None within 10kb,N/A,N/A,False,,,best_GxC_snps_hba1c_statins.txt,rs12606152,8.7376e-09,,,N/A,,,
rs34113987,18,67088386.0,DOK6,0,within,False,,,best_GxC_snps_hba1c_statins.txt,rs34113987,7.06519e-09,,,protein_coding,DOK6,,
rs72999764,18,77350896.0,RP11-567M16.1,1886,downstream,False,,,best_GxC_snps_hba1c_statins.txt,rs72999764,2.07024e-08,,,processed_transcript,RP11-567M16.1,,
rs2115107,19,7968168.0,AC010336.1,0,within,False,,,best_GxC_snps_hba1c_statins.txt,rs2115107,9.84431e-09,,,protein_coding,AC010336.1|MAP2K7|RN7SL115P|LRRC8E|CTD-3193O13.13,,
rs147985405,19,11197751.0,LDLR,2287,upstream,False,,,best_GxC_snps_hba1c_statins.txt,rs147985405,6.22727e-10,,,protein_coding,LDLR,,
rs10410894,19,33539402.0,RHPN2,0,within,False,,,best_GxC_snps_hba1c_statins.txt,rs10410894,4.00818e-08,,,protein_coding,RHPN2|CTC-461H2.2,,
rs142307327,19,35886091.0,AC002511.1,4322,upstream,False,,,best_GxC_snps_hba1c_statins.txt,rs142307327,6.34033e-11,,,lincRNA,AC002511.1,,
rs405509,19,45408836.0,APOE,175,upstream,True,drug response,Warfarin response,best_GxC_snps_hba1c_statins.txt,rs405509,1.20665e-08,,,protein_coding,APOE|TOMM40|APOC1,619951.0,
rs429358,19,45411941.0,APOE,0,within,True,risk factor|drug response|Likely pathogenic|Conflicting interpretations of pathogenicity; other; risk factor|Uncertain significance|not provided|Pathogenic/Established risk allele|association|Pathogenic,"Alzheimer disease 2 (AD2)|Warfarin response|Alzheimer disease|Familial hypercholesterolemia|not specified|Lipoprotein glomerulopathy (LPG)|APOE5 VARIANT|Alzheimer disease 4 (AD4)|Primary degenerative dementia of the Alzheimer type, presenile onset|not provided|Familial type 3 hyperlipoproteinemia|APOE4(-)-FREIBURG",best_GxC_snps_hba1c_statins.txt,rs429358,1.16179e-27,,,protein_coding,APOE|TOMM40|APOC1,441269.0,
rs1065853,19,45413233.0,APOE,583,downstream,False,,,best_GxC_snps_hba1c_statins.txt,rs1065853,1.85906e-25,,,protein_coding,APOE|APOC1|TOMM40,,
rs55669001,19,46177235.0,GIPR,0,within,False,,,best_GxC_snps_hba1c_statins.txt,rs55669001,5.45004e-10,,,protein_coding,GIPR|MIR642A,,
rs201943458,19,47846223.0,C5AR2,0,within,False,,,best_GxC_snps_hba1c_statins.txt,rs201943458,6.14805e-09,,,protein_coding,C5AR2|CTD-3023J11.2|DHX34,,
rs117048185,19,49309776.0,BCAT2,0,within,False,,,best_GxC_snps_hba1c_statins.txt,rs117048185,1.80042e-10,,,protein_coding,BCAT2|HSD17B14,,
rs34556787,19,53295871.0,ZNF28,4791,upstream,False,,,best_GxC_snps_hba1c_statins.txt,rs34556787,7.40348e-09,,,protein_coding,ZNF28|ZNF600,,
rs13345110,19,54186694.0,MIR520F,1195,downstream,False,,,best_GxC_snps_hba1c_statins.txt,rs13345110,1.96691e-08,,,miRNA,MIR520F|MIR515-2|MIR519C|MIR519E|MIR515-1|MIR1283-1|MIR520A|MIR520E|MIR498,,
rs55980097,19,56817667.0,ZSCAN5A,0,within,False,,,best_GxC_snps_hba1c_statins.txt,rs55980097,1.41067e-09,,,protein_coding,ZSCAN5A|AC006116.20|AC006116.19|AC006116.17,,
rs144760313,19,58894031.0,ZNF837,1604,downstream,False,,,best_GxC_snps_hba1c_statins.txt,rs144760313,1.2859e-08,,,protein_coding,ZNF837|RPS5|MIR4754,,
rs181639670,20,491024.0,CSNK2A1,0,within,False,,,best_GxC_snps_hba1c_statins.txt,rs181639670,2.8715e-13,,,protein_coding,CSNK2A1,,
rs111279717,20,2881418.0,PTPRA,0,within,False,,,best_GxC_snps_hba1c_statins.txt,rs111279717,2.28455e-08,,,protein_coding,PTPRA,,
rs117099517,20,16938789.0,None within 10kb,N/A,N/A,False,,,best_GxC_snps_hba1c_statins.txt,rs117099517,2.29611e-11,,,N/A,,,
rs6113921,20,23042464.0,None within 10kb,N/A,N/A,False,,,best_GxC_snps_hba1c_statins.txt,rs6113921,3.65103e-08,,,N/A,,,
rs6083031,20,23176553.0,RP4-737E23.2,5609,downstream,False,,,best_GxC_snps_hba1c_statins.txt,rs6083031,4.66671e-11,,,lincRNA,RP4-737E23.2,,
rs1800961,20,43042364.0,HNF4A,0,within,True,Benign|Likely benign|Benign/Likely benign,Type 2 diabetes mellitus|not specified|Maturity-onset diabetes of the young type 1|not provided|Familial hyperinsulinism|Maturity onset diabetes mellitus in young (MODY)|Monogenic diabetes,best_GxC_snps_hba1c_statins.txt,rs1800961,1.3246e-13,,,protein_coding,HNF4A|MIR3646,129240.0,
rs117432102,20,48622359.0,None within 10kb,N/A,N/A,False,,,best_GxC_snps_hba1c_statins.txt,rs117432102,3.89853e-09,,,N/A,,,
rs16982837,20,58087444.0,RP11-164D18.2,2802,upstream,False,,,best_GxC_snps_hba1c_statins.txt,rs16982837,1.73342e-09,,,lincRNA,RP11-164D18.2,,
rs816925,20,62651978.0,ZNF512B,0,within,False,,,best_GxC_snps_hba1c_statins.txt,rs816925,1.07319e-08,,,protein_coding,ZNF512B|PRPF6,,
rs168448,20,62852575.0,MYT1,0,within,False,,,best_GxC_snps_hba1c_statins.txt,rs168448,1.83931e-09,,,protein_coding,MYT1,,
rs141715879,21,14697268.0,None within 10kb,N/A,N/A,False,,,best_GxC_snps_hba1c_statins.txt,rs141715879,4.70506e-09,,,N/A,,,
rs9978243,21,15942311.0,SAMSN1,0,within,False,,,best_GxC_snps_hba1c_statins.txt,rs9978243,9.69441e-14,,,protein_coding,SAMSN1,,
rs11702783,21,22065742.0,None within 10kb,N/A,N/A,False,,,best_GxC_snps_hba1c_statins.txt,rs11702783,2.86148e-10,,,N/A,,,
rs113790796,21,36492479.0,RUNX1,0,within,False,,,best_GxC_snps_hba1c_statins.txt,rs113790796,7.50962e-09,,,protein_coding,RUNX1,,
rs7279814,21,42007391.0,DSCAM,0,within,False,,,best_GxC_snps_hba1c_statins.txt,rs7279814,4.11595e-09,,,protein_coding,DSCAM|DSCAM-IT1,,
rs74787855,21,42480152.0,None within 10kb,N/A,N/A,False,,,best_GxC_snps_hba1c_statins.txt,rs74787855,4.70279e-08,,,N/A,,,
rs8190311,22,18227149.0,BID,0,within,False,,,best_GxC_snps_hba1c_statins.txt,rs8190311,2.98468e-09,,,protein_coding,BID,,
rs9306203,22,18471852.0,MICAL3,0,within,False,,,best_GxC_snps_hba1c_statins.txt,rs9306203,3.82271e-08,,,protein_coding,MICAL3|XXbac-B476C20.14|MIR648,,
rs73394431,22,18528337.0,XXbac-B476C20.17,7603,downstream,False,,,best_GxC_snps_hba1c_statins.txt,rs73394431,2.3576e-09,,,lincRNA,XXbac-B476C20.17,,
rs58210408,22,19863638.0,TXNRD2,0,within,False,,,best_GxC_snps_hba1c_statins.txt,rs58210408,3.61476e-10,,,protein_coding,TXNRD2,,
rs9613413,22,27650800.0,None within 10kb,N/A,N/A,False,,,best_GxC_snps_hba1c_statins.txt,rs9613413,1.17438e-08,,,N/A,,,
rs189342694,22,32022479.0,PISD,0,within,False,,,best_GxC_snps_hba1c_statins.txt,rs189342694,1.33499e-09,,,protein_coding,PISD|SFI1,,
rs2235168,22,32649431.0,RP1-90G24.10,0,within,False,,,best_GxC_snps_hba1c_statins.txt,rs2235168,5.06096e-09,,,antisense,RP1-90G24.10|SLC5A4,,
rs4821042,22,32666775.0,CPSF1P1,0,within,False,,,best_GxC_snps_hba1c_statins.txt,rs4821042,9.59817e-09,,,pseudogene,CPSF1P1|RP1-90G24.10|RP1-90G24.6,,
rs5757055,22,38740853.0,RP3-449O17.1,0,within,False,,,best_GxC_snps_hba1c_statins.txt,rs5757055,1.43933e-10,,,pseudogene,RP3-449O17.1|CSNK1E,,
rs118051910,22,39063163.0,RP3-508I15.10,0,within,False,,,best_GxC_snps_hba1c_statins.txt,rs118051910,1.6461e-09,,,antisense,RP3-508I15.10|CBY1|RP3-508I15.9,,
rs80251458,22,40022206.0,CACNA1I,0,within,False,,,best_GxC_snps_hba1c_statins.txt,rs80251458,3.14001e-08,,,protein_coding,CACNA1I,,
rs182070466,22,42975721.0,RRP7B,0,within,False,,,best_GxC_snps_hba1c_statins.txt,rs182070466,2.69059e-10,,,pseudogene,RRP7B|POLDIP3|SERHL2,,
rs145945494,22,43047232.0,CYB5R3,1658,downstream,False,,,best_GxC_snps_hba1c_statins.txt,rs145945494,5.04687e-09,,,protein_coding,CYB5R3,,
rs5759251,22,43674249.0,Z99756.1,0,within,False,,,best_GxC_snps_hba1c_statins.txt,rs5759251,3.61976e-10,,,antisense,Z99756.1|SCUBE1,,
rs75283360,22,45313654.0,PHF21B,0,within,False,,,best_GxC_snps_hba1c_statins.txt,rs75283360,3.58264e-08,,,protein_coding,PHF21B,,
rs62192955,2,234189961.0,ATG16L1,0,within,False,,,best_GxC_snps_bilirubin_sex.txt,rs62192955,3.39082e-09,,,protein_coding,ATG16L1|SCARNA5|SCARNA6,,
rs76218013,2,234351734.0,DGKD,0,within,False,,,best_GxC_snps_bilirubin_sex.txt,rs76218013,3.0726400000000002e-18,,,protein_coding,DGKD,,
rs2305538,2,234376177.0,DGKD,0,within,False,,,best_GxC_snps_bilirubin_sex.txt,rs2305538,1.36051e-17,,,protein_coding,DGKD|USP40,,
rs60137910,2,234381231.0,DGKD,481,downstream,False,,,best_GxC_snps_bilirubin_sex.txt,rs60137910,3.58775e-14,,,protein_coding,DGKD|USP40,,
rs141571693,2,234390610.0,USP40,0,within,False,,,best_GxC_snps_bilirubin_sex.txt,rs141571693,1.23427e-10,,,protein_coding,USP40|DGKD,,
rs139170694,2,234391873.0,USP40,0,within,False,,,best_GxC_snps_bilirubin_sex.txt,rs139170694,3.36186e-17,,,protein_coding,USP40,,
rs12479240,2,234570829.0,UGT1A8,0,within,False,,,best_GxC_snps_bilirubin_sex.txt,rs12479240,5.15602e-24,,,protein_coding,UGT1A8|UGT1A10|UGT1A9,,
rs72986482,2,234614086.0,AC114812.8,0,within,False,,,best_GxC_snps_bilirubin_sex.txt,rs72986482,1.11544e-16,,,antisense,AC114812.8|UGT1A8|UGT1A10|UGT1A9|UGT1A7|UGT1A6|UGT1A5,,
rs149780205,2,234640176.0,UGT1A8,0,within,False,,,best_GxC_snps_bilirubin_sex.txt,rs149780205,2.3909399999999998e-21,,,protein_coding,UGT1A8|UGT1A10|UGT1A9|UGT1A7|UGT1A6|UGT1A5|UGT1A4|UGT1A3|AC114812.9|RPL17P11,,
rs139257330,2,234643807.0,UGT1A8,0,within,False,,,best_GxC_snps_bilirubin_sex.txt,rs139257330,4.14151e-22,,,protein_coding,UGT1A8|UGT1A10|UGT1A9|UGT1A7|UGT1A6|UGT1A5|UGT1A4|UGT1A3|AC114812.9|DNAJB3,,
rs28900379,2,234654322.0,UGT1A8,0,within,False,,,best_GxC_snps_bilirubin_sex.txt,rs28900379,7.9041400000000005e-19,,,protein_coding,UGT1A8|UGT1A10|UGT1A9|UGT1A7|UGT1A6|UGT1A5|UGT1A4|UGT1A3|UGT1A2P|DNAJB3|AC114812.9|AC114812.10|AC114812.5,,
rs17862876,2,234657512.0,UGT1A8,0,within,False,,,best_GxC_snps_bilirubin_sex.txt,rs17862876,2.25805e-19,,,protein_coding,UGT1A8|UGT1A10|UGT1A9|UGT1A7|UGT1A6|UGT1A5|UGT1A4|UGT1A3|UGT1A2P|AC114812.10|DNAJB3|AC114812.5|AC114812.9,,
rs55891750,2,234660486.0,AC114812.10,0,within,False,,,best_GxC_snps_bilirubin_sex.txt,rs55891750,7.53812e-11,,,pseudogene,AC114812.10|UGT1A8|UGT1A10|UGT1A9|UGT1A7|UGT1A6|UGT1A5|UGT1A4|UGT1A3|AC114812.5|UGT1A2P|DNAJB3|UGT1A1|AC114812.9,,
rs138449392,2,234665155.0,UGT1A8,0,within,False,,,best_GxC_snps_bilirubin_sex.txt,rs138449392,1.46153e-26,,,protein_coding,UGT1A8|UGT1A10|UGT1A9|UGT1A7|UGT1A6|UGT1A5|UGT1A4|UGT1A3|AC114812.5|AC114812.10|UGT1A1|UGT1A2P,,
rs11568318,2,234665498.0,UGT1A8,0,within,False,,,best_GxC_snps_bilirubin_sex.txt,rs11568318,4.6542900000000004e-32,,,protein_coding,UGT1A8|UGT1A10|UGT1A9|UGT1A7|UGT1A6|UGT1A5|UGT1A4|UGT1A3|AC114812.5|AC114812.10|UGT1A1|UGT1A2P,,
rs1976391,2,234665983.0,UGT1A8,0,within,False,,,best_GxC_snps_bilirubin_sex.txt,rs1976391,0.0,,,protein_coding,UGT1A8|UGT1A10|UGT1A9|UGT1A7|UGT1A6|UGT1A5|UGT1A4|UGT1A3|AC114812.5|UGT1A1|AC114812.10|UGT1A2P,,
rs1500475,2,234689550.0,MROH2A,0,within,False,,,best_GxC_snps_bilirubin_sex.txt,rs1500475,7.702820000000001e-44,,,protein_coding,MROH2A|UGT1A8|UGT1A10|UGT1A9|UGT1A6|UGT1A7|UGT1A5|UGT1A4|UGT1A3|UGT1A1,,
rs80334668,2,234697151.0,MROH2A,0,within,False,,,best_GxC_snps_bilirubin_sex.txt,rs80334668,3.3455e-10,,,protein_coding,MROH2A,,
rs17864784,2,234930682.0,TRPM8,2516,downstream,False,,,best_GxC_snps_bilirubin_sex.txt,rs17864784,1.60616e-08,,,protein_coding,TRPM8,,
rs17476364,10,71094504.0,HK1,0,within,False,,,best_GxC_snps_bilirubin_sex.txt,rs17476364,6.13629e-09,,,protein_coding,HK1,,
rs9457761,6,160292603.0,None within 10kb,N/A,N/A,False,,,best_GxC_snps_lipoprotein_a_sex.txt,rs9457761,3.12375e-11,,,N/A,,,
rs4646272,6,160551093.0,SLC22A1,0,within,False,,,best_GxC_snps_lipoprotein_a_sex.txt,rs4646272,7.97244e-10,,,protein_coding,SLC22A1,,
rs3903279,6,160625033.0,SLC22A2,0,within,False,,,best_GxC_snps_lipoprotein_a_sex.txt,rs3903279,3.8623e-09,,,protein_coding,SLC22A2,,
rs10455872,6,161010118.0,LPA,0,within,True,Benign,LIPOPROTEIN(a) POLYMORPHISM,best_GxC_snps_lipoprotein_a_sex.txt,rs10455872,6.75301e-12,,,protein_coding,LPA,225938.0,
rs41272078,6,161010150.0,LPA,0,within,False,,,best_GxC_snps_lipoprotein_a_sex.txt,rs41272078,5.27445e-10,,,protein_coding,LPA,,
rs140570886,6,161013013.0,LPA,0,within,False,,,best_GxC_snps_lipoprotein_a_sex.txt,rs140570886,4.73966e-10,,,protein_coding,LPA,,
rs73596816,6,161017363.0,LPA,0,within,False,,,best_GxC_snps_lipoprotein_a_sex.txt,rs73596816,1.96232e-11,,,protein_coding,LPA,,
rs143843429,6,161383079.0,RP3-428L16.1,0,within,False,,,best_GxC_snps_lipoprotein_a_sex.txt,rs143843429,2.53649e-11,,,antisense,RP3-428L16.1,,
rs114165349,1,27021913.0,ARID1A,611,upstream,False,,,best_GxC_snps_testosterone_sex.txt,rs114165349,4.83608e-27,,,protein_coding,ARID1A|RP5-968P14.2,,
rs79598313,1,27284913.0,C1orf172,0,within,False,,,best_GxC_snps_testosterone_sex.txt,rs79598313,7.203990000000001e-28,,,protein_coding,C1orf172,,
rs41291086,1,27668610.0,SYTL1,0,within,False,,,best_GxC_snps_testosterone_sex.txt,rs41291086,9.4611e-11,,,protein_coding,SYTL1|TMEM222,,
rs9970140,1,61684288.0,NFIA,0,within,False,,,best_GxC_snps_testosterone_sex.txt,rs9970140,4.95272e-10,,,protein_coding,NFIA,,
rs3131816,1,92668474.0,RP4-775D17.1,231,upstream,False,,,best_GxC_snps_testosterone_sex.txt,rs3131816,1.74315e-09,,,pseudogene,RP4-775D17.1,,
rs7518357,1,92936359.0,GFI1,3960,upstream,False,,,best_GxC_snps_testosterone_sex.txt,rs7518357,4.2972e-10,,,protein_coding,GFI1,,
rs1762509,1,107592959.0,PRMT6,6308,upstream,False,,,best_GxC_snps_testosterone_sex.txt,rs1762509,7.85913e-14,,,protein_coding,PRMT6,,
rs7538055,1,204161069.0,KISS1,0,within,False,,,best_GxC_snps_testosterone_sex.txt,rs7538055,3.20286e-17,,,protein_coding,KISS1|GOLT1A|RP11-203F10.1,,
rs2642438,1,220970028.0,MARC1,0,within,False,,,best_GxC_snps_testosterone_sex.txt,rs2642438,2.81885e-08,,,protein_coding,MARC1,,
rs1260326,2,27730940.0,GCKR,0,within,False,,,best_GxC_snps_testosterone_sex.txt,rs1260326,1.02255e-37,,,protein_coding,GCKR,,
rs76019819,2,27761994.0,AC109829.1,0,within,False,,,best_GxC_snps_testosterone_sex.txt,rs76019819,1.96391e-08,,,protein_coding,AC109829.1,,
rs2305929,2,28113911.0,MRPL33,0,within,False,,,best_GxC_snps_testosterone_sex.txt,rs2305929,3.53496e-13,,,protein_coding,MRPL33|RBKS|BRE|RP11-674I16.1,,
rs77781418,2,31508999.0,AL121657.4,4629,upstream,False,,,best_GxC_snps_testosterone_sex.txt,rs77781418,1.4154e-31,,,pseudogene,AL121657.4,,
rs113017476,2,31989359.0,None within 10kb,N/A,N/A,False,,,best_GxC_snps_testosterone_sex.txt,rs113017476,3.5103e-76,,,N/A,,,
rs62142079,2,32178752.0,MEMO1,0,within,False,,,best_GxC_snps_testosterone_sex.txt,rs62142079,4.47129e-27,,,protein_coding,MEMO1|DPY30,,
rs72796891,2,32447408.0,SLC30A6,0,within,False,,,best_GxC_snps_testosterone_sex.txt,rs72796891,2.6599199999999998e-64,,,protein_coding,SLC30A6|NLRC4|RNU6-647P,,
rs13391806,2,32717647.0,BIRC6,0,within,False,,,best_GxC_snps_testosterone_sex.txt,rs13391806,2.70362e-15,,,protein_coding,BIRC6,,
rs72787511,2,32816089.0,BIRC6,0,within,False,,,best_GxC_snps_testosterone_sex.txt,rs72787511,8.6349e-62,,,protein_coding,BIRC6,,
rs13008476,2,32985666.0,TTC27,0,within,False,,,best_GxC_snps_testosterone_sex.txt,rs13008476,3.54417e-12,,,protein_coding,TTC27,,
rs72789842,2,33146564.0,LINC00486,0,within,False,,,best_GxC_snps_testosterone_sex.txt,rs72789842,4.2795500000000005e-28,,,lincRNA,LINC00486|AL121656.5,,
rs72799729,2,33518899.0,LTBP1,0,within,False,,,best_GxC_snps_testosterone_sex.txt,rs72799729,2.11722e-10,,,protein_coding,LTBP1|RNA5SP91,,
rs3755321,2,234621825.0,UGT1A8,0,within,False,,,best_GxC_snps_testosterone_sex.txt,rs3755321,4.37428e-10,,,protein_coding,UGT1A8|UGT1A10|UGT1A9|UGT1A7|UGT1A6|UGT1A5|AC114812.8|UGT1A4|RPL17P11,,
rs35203651,2,234679549.0,UGT1A8,0,within,False,,,best_GxC_snps_testosterone_sex.txt,rs35203651,4.13641e-08,,,protein_coding,UGT1A8|UGT1A10|UGT1A9|UGT1A7|UGT1A6|UGT1A5|UGT1A4|UGT1A3|UGT1A1|MROH2A,,
rs645040,3,135926622.0,RP11-463H24.1,1865,downstream,False,,,best_GxC_snps_testosterone_sex.txt,rs645040,6.79782e-21,,,pseudogene,RP11-463H24.1,,
rs4452981,3,136307767.0,STAG1,0,within,False,,,best_GxC_snps_testosterone_sex.txt,rs4452981,5.9911300000000004e-18,,,protein_coding,STAG1|RNY4P4,,
rs2176270,3,136621188.0,NCK1,0,within,False,,,best_GxC_snps_testosterone_sex.txt,rs2176270,1.72188e-09,,,protein_coding,NCK1|RP11-85F14.1,,
rs7636141,3,172212322.0,None within 10kb,N/A,N/A,False,,,best_GxC_snps_testosterone_sex.txt,rs7636141,4.24028e-08,,,N/A,,,
rs3748034,4,3446091.0,HGFAC,0,within,False,,,best_GxC_snps_testosterone_sex.txt,rs3748034,4.94503e-09,,,protein_coding,HGFAC|RGS12,,
rs75501914,4,3449781.0,HGFAC,0,within,False,,,best_GxC_snps_testosterone_sex.txt,rs75501914,1.99722e-09,,,protein_coding,HGFAC|RGS12,,
rs10007119,4,3473066.0,DOK7,0,within,False,,,best_GxC_snps_testosterone_sex.txt,rs10007119,1.22523e-14,,,protein_coding,DOK7,,
rs78627661,4,21951413.0,RP11-17E2.2,0,within,False,,,best_GxC_snps_testosterone_sex.txt,rs78627661,3.59729e-08,,,antisense,RP11-17E2.2|KCNIP4,,
rs2331415,4,69349677.0,TMPRSS11E,0,within,False,,,best_GxC_snps_testosterone_sex.txt,rs2331415,1.9778199999999998e-27,,,protein_coding,TMPRSS11E,,
rs2464895,4,69371441.0,UGT2B29P,3718,upstream,False,,,best_GxC_snps_testosterone_sex.txt,rs2464895,3.03204e-13,,,pseudogene,UGT2B29P|TMPRSS11E,,
rs34187424,4,69497276.0,RP11-1267H10.3,2659,downstream,False,,,best_GxC_snps_testosterone_sex.txt,rs34187424,1.54052e-17,,,pseudogene,RP11-1267H10.3,,
rs7686914,4,69537915.0,UGT2B15,1569,downstream,False,,,best_GxC_snps_testosterone_sex.txt,rs7686914,1.11082e-25,,,protein_coding,UGT2B15,,
rs116592928,4,69611606.0,None within 10kb,N/A,N/A,False,,,best_GxC_snps_testosterone_sex.txt,rs116592928,2.79207e-08,,,N/A,,,
rs4694219,4,70465979.0,UGT2A1,0,within,False,,,best_GxC_snps_testosterone_sex.txt,rs4694219,2.40243e-08,,,protein_coding,UGT2A1|UGT2A2|UGT2A1,,
rs3836599,4,88039001.0,AFF1,0,within,False,,,best_GxC_snps_testosterone_sex.txt,rs3836599,1.6102e-08,,,protein_coding,AFF1,,
rs11735092,4,88226231.0,HSD17B13,0,within,False,,,best_GxC_snps_testosterone_sex.txt,rs11735092,4.92533e-22,,,protein_coding,HSD17B13|MIR5705,,
rs2851274,4,100025866.0,RP11-696N14.1,0,within,False,,,best_GxC_snps_testosterone_sex.txt,rs2851274,2.53878e-13,,,antisense,RP11-696N14.1,,
rs114087689,4,104064037.0,CENPE,0,within,False,,,best_GxC_snps_testosterone_sex.txt,rs114087689,3.05864e-08,,,protein_coding,CENPE,,
rs4352478,4,104212131.0,RP11-328K4.1,0,within,False,,,best_GxC_snps_testosterone_sex.txt,rs4352478,1.10182e-10,,,lincRNA,RP11-328K4.1,,
rs17289915,4,104491078.0,RP11-297P16.3,0,within,False,,,best_GxC_snps_testosterone_sex.txt,rs17289915,1.52867e-12,,,antisense,RP11-297P16.3|DDX3YP3,,
rs1351623,4,104587977.0,TACR3,0,within,False,,,best_GxC_snps_testosterone_sex.txt,rs1351623,1.1196e-12,,,protein_coding,TACR3,,
rs115260227,4,104774698.0,None within 10kb,N/A,N/A,False,,,best_GxC_snps_testosterone_sex.txt,rs115260227,1.37294e-12,,,N/A,,,
rs11743810,5,137802404.0,EGR1,0,within,False,,,best_GxC_snps_testosterone_sex.txt,rs11743810,2.50248e-09,,,protein_coding,EGR1|RPL7P19,,
rs9379802,6,25933898.0,SLC17A2,2952,downstream,False,,,best_GxC_snps_testosterone_sex.txt,rs9379802,3.82723e-08,,,protein_coding,SLC17A2,,
rs3131784,6,30903948.0,Y_RNA,3462,downstream,False,,,best_GxC_snps_testosterone_sex.txt,rs3131784,1.33409e-08,,,misc_RNA,Y_RNA|SFTA2|DPCR1|VARS2|HCG21,,
rs3134798,6,32184705.0,NOTCH4,0,within,False,,,best_GxC_snps_testosterone_sex.txt,rs3134798,4.8314e-08,,,protein_coding,NOTCH4,,
rs4714522,6,41917099.0,CCND3,0,within,False,,,best_GxC_snps_testosterone_sex.txt,rs4714522,7.80606e-10,,,protein_coding,CCND3,,
rs9495551,6,100236326.0,None within 10kb,N/A,N/A,False,,,best_GxC_snps_testosterone_sex.txt,rs9495551,8.52899e-09,,,N/A,,,
rs7759938,6,105378954.0,LINC00577,5215,upstream,False,,,best_GxC_snps_testosterone_sex.txt,rs7759938,1.58704e-14,,,lincRNA,LINC00577,,
rs9986829,7,15019259.0,DGKB,4857,downstream,False,,,best_GxC_snps_testosterone_sex.txt,rs9986829,2.43254e-19,,,protein_coding,DGKB|AC006045.3,,
rs6967728,7,97915637.0,BRI3,0,within,False,,,best_GxC_snps_testosterone_sex.txt,rs6967728,3.07564e-23,,,protein_coding,BRI3|BAIAP2L1,,
rs143578940,7,98062813.0,None within 10kb,N/A,N/A,False,,,best_GxC_snps_testosterone_sex.txt,rs143578940,3.41207e-10,,,N/A,,,
rs10235235,7,99075831.0,ZNF789,0,within,False,,,best_GxC_snps_testosterone_sex.txt,rs10235235,3.63554e-09,,,protein_coding,ZNF789|ZNF394,,
rs45446698,7,99332948.0,CYP3A7,129,downstream,False,,,best_GxC_snps_testosterone_sex.txt,rs45446698,9.36761e-14,,,protein_coding,CYP3A7,,
rs13274471,8,81268764.0,RP11-775E10.1,5113,downstream,False,,,best_GxC_snps_testosterone_sex.txt,rs13274471,1.97568e-11,,,pseudogene,RP11-775E10.1,,
rs58213422,8,81408555.0,ZBTB10,0,within,False,,,best_GxC_snps_testosterone_sex.txt,rs58213422,1.36105e-11,,,protein_coding,ZBTB10,,
rs6996954,8,81582148.0,ZNF704,0,within,False,,,best_GxC_snps_testosterone_sex.txt,rs6996954,2.56017e-09,,,protein_coding,ZNF704,,
rs62569143,9,77230223.0,RORB,0,within,False,,,best_GxC_snps_testosterone_sex.txt,rs62569143,2.20032e-10,,,protein_coding,RORB,,
rs7853254,9,86552049.0,C9orf64,1177,upstream,False,,,best_GxC_snps_testosterone_sex.txt,rs7853254,2.08378e-12,,,protein_coding,C9orf64,,
rs2090409,9,108967088.0,None within 10kb,N/A,N/A,False,,,best_GxC_snps_testosterone_sex.txt,rs2090409,6.46493e-10,,,N/A,,,
rs28465650,9,137267679.0,RXRA,0,within,False,,,best_GxC_snps_testosterone_sex.txt,rs28465650,4.34112e-10,,,protein_coding,RXRA|MIR4669,,
rs7921838,10,5247701.0,AKR1C4,0,within,True,Benign,not provided,best_GxC_snps_testosterone_sex.txt,rs7921838,5.805269999999999e-20,,,protein_coding,AKR1C4|RP11-445P17.6|AKR1CL1|U8,1987174.0,
rs4746525,10,64438271.0,ZNF365,6500,downstream,False,,,best_GxC_snps_testosterone_sex.txt,rs4746525,4.04657e-08,,,protein_coding,ZNF365,,
rs7075773,10,64598621.0,EGR2,0,within,False,,,best_GxC_snps_testosterone_sex.txt,rs7075773,2.82288e-13,,,protein_coding,EGR2,,
rs78150966,10,64629061.0,EGR2,0,within,False,,,best_GxC_snps_testosterone_sex.txt,rs78150966,1.66484e-11,,,protein_coding,EGR2,,
rs1553787,10,64776283.0,None within 10kb,N/A,N/A,False,,,best_GxC_snps_testosterone_sex.txt,rs1553787,4.7637100000000003e-32,,,N/A,,,
rs2842277,10,64800891.0,None within 10kb,N/A,N/A,False,,,best_GxC_snps_testosterone_sex.txt,rs2842277,1.19791e-09,,,N/A,,,
rs117472339,10,64824307.0,None within 10kb,N/A,N/A,False,,,best_GxC_snps_testosterone_sex.txt,rs117472339,1.30975e-09,,,N/A,,,
rs4320850,10,64839647.0,None within 10kb,N/A,N/A,False,,,best_GxC_snps_testosterone_sex.txt,rs4320850,7.13598e-14,,,N/A,,,
rs10995441,10,64869239.0,RNU6-543P,660,upstream,False,,,best_GxC_snps_testosterone_sex.txt,rs10995441,1.89668e-24,,,snRNA,RNU6-543P,,
rs56106832,10,64917774.0,NRBF2,2991,downstream,False,,,best_GxC_snps_testosterone_sex.txt,rs56106832,6.75026e-12,,,protein_coding,NRBF2|JMJD1C,,
rs5785566,10,65054787.0,JMJD1C,0,within,False,,,best_GxC_snps_testosterone_sex.txt,rs5785566,9.77488e-153,,,protein_coding,JMJD1C,,
rs111928730,10,65065995.0,JMJD1C,0,within,False,,,best_GxC_snps_testosterone_sex.txt,rs111928730,9.21228e-21,,,protein_coding,JMJD1C,,
rs143020116,10,65079555.0,JMJD1C,0,within,False,,,best_GxC_snps_testosterone_sex.txt,rs143020116,7.82327e-11,,,protein_coding,JMJD1C,,
rs34458873,10,65083582.0,JMJD1C,0,within,False,,,best_GxC_snps_testosterone_sex.txt,rs34458873,2.12718e-12,,,protein_coding,JMJD1C,,
rs200081593,10,65126986.0,JMJD1C,0,within,False,,,best_GxC_snps_testosterone_sex.txt,rs200081593,1.07742e-09,,,protein_coding,JMJD1C|MIR1296|RP11-351O1.4,,
rs61853632,10,65259833.0,None within 10kb,N/A,N/A,False,,,best_GxC_snps_testosterone_sex.txt,rs61853632,3.02958e-09,,,N/A,,,
rs72837066,10,65272187.0,REEP3,8936,upstream,False,,,best_GxC_snps_testosterone_sex.txt,rs72837066,4.57894e-13,,,protein_coding,REEP3,,
rs117212080,10,65275214.0,REEP3,5909,upstream,False,,,best_GxC_snps_testosterone_sex.txt,rs117212080,1.1726299999999999e-21,,,protein_coding,REEP3,,
rs2393986,10,65320006.0,REEP3,0,within,False,,,best_GxC_snps_testosterone_sex.txt,rs2393986,8.416449999999999e-144,,,protein_coding,REEP3,,
rs79962861,10,65346889.0,REEP3,0,within,False,,,best_GxC_snps_testosterone_sex.txt,rs79962861,7.76799e-15,,,protein_coding,REEP3,,
10:65493881_GA_G,,,Position unknown,N/A,N/A,False,,,best_GxC_snps_testosterone_sex.txt,10:65493881_GA_G,3.91493e-10,,,N/A,,,404 Client Error: Not Found. for url: https://myvariant.info/v1/variant/10:65493881_GA_G?fields=clinvar.rcv.clinical_significance%2Cclinvar.rcv.conditions.name%2Cclinvar.variant_id&assembly=hg19
rs7897259,10,67243216.0,None within 10kb,N/A,N/A,False,,,best_GxC_snps_testosterone_sex.txt,rs7897259,2.4865200000000002e-33,,,N/A,,,
rs113400094,10,121613740.0,MCMBP,0,within,False,,,best_GxC_snps_testosterone_sex.txt,rs113400094,1.03138e-09,,,protein_coding,MCMBP,,
rs2351958,11,16248020.0,SOX6,0,within,False,,,best_GxC_snps_testosterone_sex.txt,rs2351958,3.69079e-11,,,protein_coding,SOX6,,
rs76160029,11,28884695.0,RP11-115J23.1,0,within,False,,,best_GxC_snps_testosterone_sex.txt,rs76160029,5.04761e-09,,,lincRNA,RP11-115J23.1,,
rs142778916,11,29163301.0,None within 10kb,N/A,N/A,False,,,best_GxC_snps_testosterone_sex.txt,rs142778916,4.10622e-09,,,N/A,,,
rs116923389,11,29184521.0,RP11-466I1.1,0,within,False,,,best_GxC_snps_testosterone_sex.txt,rs116923389,2.95165e-08,,,lincRNA,RP11-466I1.1,,
rs11462682,11,29210370.0,RP11-466I1.1,0,within,False,,,best_GxC_snps_testosterone_sex.txt,rs11462682,3.91255e-22,,,lincRNA,RP11-466I1.1,,
rs34344995,11,29543342.0,RP11-460B17.3,0,within,False,,,best_GxC_snps_testosterone_sex.txt,rs34344995,1.27489e-08,,,lincRNA,RP11-460B17.3|CTD-3012A18.1,,
rs619707,11,48455934.0,OR4C10P,1235,downstream,False,,,best_GxC_snps_testosterone_sex.txt,rs619707,3.32492e-08,,,pseudogene,OR4C10P,,
rs10750766,11,65473798.0,KAT5,5669,upstream,False,,,best_GxC_snps_testosterone_sex.txt,rs10750766,3.36678e-11,,,protein_coding,KAT5|RNASEH2C,,
rs631695,11,69283303.0,AP000439.5,0,within,False,,,best_GxC_snps_testosterone_sex.txt,rs631695,5.75075e-12,,,lincRNA,AP000439.5|AP000439.3,,
rs12799451,11,72392903.0,ARAP1,3211,upstream,False,,,best_GxC_snps_testosterone_sex.txt,rs12799451,4.4045e-11,,,protein_coding,ARAP1|ARAP1-AS1|PDE2A,,
rs12796488,11,94131557.0,GPR83,0,within,False,,,best_GxC_snps_testosterone_sex.txt,rs12796488,1.88099e-15,,,protein_coding,GPR83,,
rs67366392,11,122742807.0,CRTAM,0,within,False,,,best_GxC_snps_testosterone_sex.txt,rs67366392,4.70589e-14,,,protein_coding,CRTAM,,
rs56196860,12,2908330.0,RP4-816N1.6,0,within,False,,,best_GxC_snps_testosterone_sex.txt,rs56196860,2.6658900000000003e-170,,,antisense,RP4-816N1.6|RP4-816N1.7|FKBP4|CBX3P4,,
rs35958662,12,3059639.0,RNU6-1315P,3767,upstream,False,,,best_GxC_snps_testosterone_sex.txt,rs35958662,1.65926e-14,,,snRNA,RNU6-1315P|TEAD4|TULP3,,
rs140177417,12,3085294.0,TEAD4,0,within,False,,,best_GxC_snps_testosterone_sex.txt,rs140177417,6.38175e-19,,,protein_coding,TEAD4,,
rs11045818,12,21329761.0,RP11-125O5.2,0,within,True,Benign|Likely benign,not provided|SLCO1B1-related disorder|Rotor syndrome (HBLRR),best_GxC_snps_testosterone_sex.txt,rs11045818,1.01908e-12,,,protein_coding,RP11-125O5.2|SLCO1B1,307936.0,
rs11045864,12,21364289.0,SLCO1B1,0,within,False,,,best_GxC_snps_testosterone_sex.txt,rs11045864,4.6428700000000005e-24,,,protein_coding,SLCO1B1,,
rs12320328,12,25408464.0,KRAS,4594,downstream,False,,,best_GxC_snps_testosterone_sex.txt,rs12320328,3.01649e-10,,,protein_coding,KRAS,,
rs7304087,12,50882887.0,LARP4,9100,downstream,False,,,best_GxC_snps_testosterone_sex.txt,rs7304087,2.212e-10,,,protein_coding,LARP4,,
rs7968440,12,51134741.0,DIP2B,0,within,False,,,best_GxC_snps_testosterone_sex.txt,rs7968440,6.28157e-10,,,protein_coding,DIP2B|Y_RNA,,
rs4760278,12,57771153.0,R3HDM2,0,within,False,,,best_GxC_snps_testosterone_sex.txt,rs4760278,3.69443e-13,,,protein_coding,R3HDM2,,
rs11830764,12,111515020.0,CUX2,0,within,False,,,best_GxC_snps_testosterone_sex.txt,rs11830764,7.14578e-10,,,protein_coding,CUX2|AC002978.1,,
rs3809272,12,111800258.0,FAM109A,0,within,False,,,best_GxC_snps_testosterone_sex.txt,rs3809272,6.19842e-09,,,protein_coding,FAM109A|RP3-473L9.4,,
rs697885,12,116304043.0,RP11-110L15.2,0,within,False,,,best_GxC_snps_testosterone_sex.txt,rs697885,9.69293e-09,,,lincRNA,RP11-110L15.2,,
rs145738980,12,121067686.0,RP11-728G15.1,222,upstream,False,,,best_GxC_snps_testosterone_sex.txt,rs145738980,8.40127e-10,,,antisense,RP11-728G15.1,,
rs9738226,12,121423659.0,HNF1A,0,within,False,,,best_GxC_snps_testosterone_sex.txt,rs9738226,6.78455e-14,,,protein_coding,HNF1A|HNF1A-AS1,,
rs74778209,14,35644018.0,KIAA0391,0,within,False,,,best_GxC_snps_testosterone_sex.txt,rs74778209,1.01706e-08,,,protein_coding,KIAA0391|KIAA0391,,
rs61280460,14,94796184.0,SERPINA6,6453,downstream,False,,,best_GxC_snps_testosterone_sex.txt,rs61280460,2.10231e-14,,,protein_coding,SERPINA6,,
rs28929474,14,94844947.0,SERPINA1,0,within,False,,,best_GxC_snps_testosterone_sex.txt,rs28929474,2.4760399999999998e-59,,,protein_coding,SERPINA1,,
rs17825002,14,94887677.0,RP11-349I1.2,9293,upstream,False,,,best_GxC_snps_testosterone_sex.txt,rs17825002,6.60997e-09,,,antisense,RP11-349I1.2,,
rs7143218,14,100797255.0,SLC25A47,540,downstream,False,,,best_GxC_snps_testosterone_sex.txt,rs7143218,1.72652e-09,,,protein_coding,SLC25A47|WARS|RP11-638I2.8|AL157871.1|RP11-638I2.9,,
rs2498786,14,105262368.0,AKT1,280,downstream,False,,,best_GxC_snps_testosterone_sex.txt,rs2498786,3.41608e-08,,,protein_coding,AKT1|ZBTB42,,
rs143875230,15,43278726.0,UBR1,0,within,False,,,best_GxC_snps_testosterone_sex.txt,rs143875230,5.47989e-11,,,protein_coding,UBR1,,
rs55707100,15,43820717.0,MAP1A,0,within,False,,,best_GxC_snps_testosterone_sex.txt,rs55707100,1.12241e-15,,,protein_coding,MAP1A|PPIP5K1,,
rs144022883,15,44363739.0,FRMD5,0,within,False,,,best_GxC_snps_testosterone_sex.txt,rs144022883,5.43147e-15,,,protein_coding,FRMD5|GAPDHP55,,
rs148770227,15,44880783.0,SPG11,0,within,False,,,best_GxC_snps_testosterone_sex.txt,rs148770227,1.50185e-11,,,protein_coding,SPG11,,
rs4775935,15,51519276.0,RP11-108K3.1,0,within,False,,,best_GxC_snps_testosterone_sex.txt,rs4775935,2.4097e-08,,,lincRNA,RP11-108K3.1|CYP19A1,,
15:53094375_TTTTG_T,,,Position unknown,N/A,N/A,False,,,best_GxC_snps_testosterone_sex.txt,15:53094375_TTTTG_T,4.82477e-15,,,N/A,,,404 Client Error: Not Found. for url: https://myvariant.info/v1/variant/15:53094375_TTTTG_T?fields=clinvar.rcv.clinical_significance%2Cclinvar.rcv.conditions.name%2Cclinvar.variant_id&assembly=hg19
rs79391862,15,53739426.0,None within 10kb,N/A,N/A,False,,,best_GxC_snps_testosterone_sex.txt,rs79391862,3.96575e-16,,,N/A,,,
rs5813220,15,63792759.0,USP3,4034,upstream,False,,,best_GxC_snps_testosterone_sex.txt,rs5813220,5.70979e-10,,,protein_coding,USP3,,
rs56332871,15,96714816.0,NR2F2-AS1,0,within,False,,,best_GxC_snps_testosterone_sex.txt,rs56332871,1.93071e-24,,,antisense,NR2F2-AS1|RP11-327J17.2,,
rs12904887,15,96733985.0,NR2F2-AS1,0,within,False,,,best_GxC_snps_testosterone_sex.txt,rs12904887,1.87931e-08,,,antisense,NR2F2-AS1,,
16:4663007_CCTGGGTGCCAG_C,,,Position unknown,N/A,N/A,False,,,best_GxC_snps_testosterone_sex.txt,16:4663007_CCTGGGTGCCAG_C,4.46877e-09,,,N/A,,,404 Client Error: Not Found. for url: https://myvariant.info/v1/variant/16:4663007_CCTGGGTGCCAG_C?fields=clinvar.rcv.clinical_significance%2Cclinvar.rcv.conditions.name%2Cclinvar.variant_id&assembly=hg19
rs2764772,16,20060653.0,GPR139,0,within,False,,,best_GxC_snps_testosterone_sex.txt,rs2764772,1.18329e-15,,,protein_coding,GPR139,,
rs34835,16,28499291.0,CLN3,0,within,True,Benign,not provided,best_GxC_snps_testosterone_sex.txt,rs34835,4.8012200000000006e-18,,,protein_coding,CLN3|CLN3|APOBR,1258080.0,
16:28845027_TGATCAGGG_T,,,Position unknown,N/A,N/A,False,,,best_GxC_snps_testosterone_sex.txt,16:28845027_TGATCAGGG_T,2.20755e-17,,,N/A,,,404 Client Error: Not Found. for url: https://myvariant.info/v1/variant/16:28845027_TGATCAGGG_T?fields=clinvar.rcv.clinical_significance%2Cclinvar.rcv.conditions.name%2Cclinvar.variant_id&assembly=hg19
rs67890964,16,83979317.0,RP11-505K9.4,0,within,False,,,best_GxC_snps_testosterone_sex.txt,rs67890964,1.155e-10,,,protein_coding,RP11-505K9.4|OSGIN1,,
rs12926107,16,88004092.0,BANP,0,within,False,,,best_GxC_snps_testosterone_sex.txt,rs12926107,9.15579e-09,,,protein_coding,BANP,,
rs8077638,17,1640793.0,RP11-961A15.1,0,within,False,,,best_GxC_snps_testosterone_sex.txt,rs8077638,8.33319e-12,,,antisense,RP11-961A15.1|WDR81|SERPINF2,,
rs72837687,17,7073747.0,ASGR1,3003,upstream,False,,,best_GxC_snps_testosterone_sex.txt,rs72837687,2.53449e-18,,,protein_coding,ASGR1,,
rs8081264,17,7235316.0,AC026954.6,0,within,False,,,best_GxC_snps_testosterone_sex.txt,rs8081264,6.76035e-09,,,pseudogene,AC026954.6|NEURL4|ACAP1,,
rs56360822,17,7264027.0,TMEM95,3489,downstream,False,,,best_GxC_snps_testosterone_sex.txt,rs56360822,1.5063e-11,,,protein_coding,TMEM95|RP11-542C16.1|KCTD11|ACAP1,,
rs8071870,17,7277298.0,TNK1,6555,upstream,False,,,best_GxC_snps_testosterone_sex.txt,rs8071870,3.77525e-12,,,protein_coding,TNK1,,
rs2075759,17,7292685.0,TNK1,0,within,False,,,best_GxC_snps_testosterone_sex.txt,rs2075759,3.43987e-08,,,protein_coding,TNK1|TMEM256-PLSCR3|C17orf61-PLSCR3,,
rs7216864,17,7299033.0,TMEM256-PLSCR3,0,within,False,,,best_GxC_snps_testosterone_sex.txt,rs7216864,3.9524000000000005e-25,,,protein_coding,TMEM256-PLSCR3|C17orf61-PLSCR3|TNK1|TMEM256|NLGN2,,
rs74702014,17,7314543.0,NLGN2,0,within,False,,,best_GxC_snps_testosterone_sex.txt,rs74702014,2.53832e-18,,,protein_coding,NLGN2|TMEM256|TMEM256-PLSCR3|C17orf61-PLSCR3|RP11-104H15.7|SPEM1,,
rs3174744,17,7322245.0,NLGN2,0,within,False,,,best_GxC_snps_testosterone_sex.txt,rs3174744,5.085519999999999e-101,,,protein_coding,NLGN2|RP11-104H15.7|SPEM1|C17orf74,,
rs55910553,17,7435132.0,Y_RNA,5281,upstream,False,,,best_GxC_snps_testosterone_sex.txt,rs55910553,1.24758e-17,,,misc_RNA,Y_RNA,,
rs11078694,17,7448003.0,TNFSF12,4205,upstream,False,,,best_GxC_snps_testosterone_sex.txt,rs11078694,7.22632e-292,,,protein_coding,TNFSF12|TNFSF12-TNFSF13|Y_RNA,,
rs142700143,17,7462658.0,TNFSF12,0,within,False,,,best_GxC_snps_testosterone_sex.txt,rs142700143,7.5719e-29,,,protein_coding,TNFSF12|TNFSF12-TNFSF13|TNFSF13|SENP3|SENP3-EIF4A1,,
rs143094271,17,7463102.0,TNFSF12,0,within,False,,,best_GxC_snps_testosterone_sex.txt,rs143094271,1.44403e-19,,,protein_coding,TNFSF12|TNFSF12-TNFSF13|TNFSF13|SENP3|SENP3-EIF4A1,,
rs12944954,17,7485131.0,SNORA67,0,within,False,,,best_GxC_snps_testosterone_sex.txt,rs12944954,2.7466700000000004e-122,,,processed_transcript,SNORA67|CD68|AC113189.5|MPDU1|EIF4A1|SENP3-EIF4A1|SNORD10|SOX15|SNORA48|FXR2|SENP3,,
17:7493904_AAGCCC_A,,,Position unknown,N/A,N/A,False,,,best_GxC_snps_testosterone_sex.txt,17:7493904_AAGCCC_A,5.02217e-53,,,N/A,,,404 Client Error: Not Found. for url: https://myvariant.info/v1/variant/17:7493904_AAGCCC_A?fields=clinvar.rcv.clinical_significance%2Cclinvar.rcv.conditions.name%2Cclinvar.variant_id&assembly=hg19
rs142331290,17,7502034.0,FXR2,0,within,False,,,best_GxC_snps_testosterone_sex.txt,rs142331290,2.76769e-18,,,protein_coding,FXR2|MPDU1|SOX15,,
rs188889872,17,7511652.0,FXR2,0,within,False,,,best_GxC_snps_testosterone_sex.txt,rs188889872,2.27474e-19,,,protein_coding,FXR2|snoU13|AC007421.1|SHBG,,
rs62059837,17,7527946.0,SHBG,0,within,False,,,best_GxC_snps_testosterone_sex.txt,rs62059837,1.12609e-59,,,protein_coding,SHBG|SAT2|FXR2,,
rs57116414,17,7538323.0,SHBG,1623,downstream,False,,,best_GxC_snps_testosterone_sex.txt,rs57116414,8.15409e-21,,,protein_coding,SHBG|SAT2,,
rs117613045,17,7558895.0,ATP1B2,0,within,False,,,best_GxC_snps_testosterone_sex.txt,rs117613045,1.00911e-26,,,protein_coding,ATP1B2|TP53,,
rs1642792,17,7576151.0,TP53,0,within,False,,,best_GxC_snps_testosterone_sex.txt,rs1642792,1.99601e-11,,,protein_coding,TP53,,
rs1042522,17,7579472.0,TP53,0,within,False,,,best_GxC_snps_testosterone_sex.txt,rs1042522,2.04128e-153,,,protein_coding,TP53|RP11-199F11.2|WRAP53,,
rs11652508,17,7629723.0,DNAH2,0,within,False,,,best_GxC_snps_testosterone_sex.txt,rs11652508,8.4819e-63,,,protein_coding,DNAH2,,
rs7359662,17,7681412.0,DNAH2,0,within,True,Benign,not provided|DNAH2-related disorder|not specified,best_GxC_snps_testosterone_sex.txt,rs7359662,6.3044599999999995e-21,,,protein_coding,DNAH2,402709.0,
rs56217607,17,7692656.0,DNAH2,0,within,False,,,best_GxC_snps_testosterone_sex.txt,rs56217607,1.5978e-10,,,protein_coding,DNAH2,,
rs35295135,17,7701525.0,DNAH2,0,within,False,,,best_GxC_snps_testosterone_sex.txt,rs35295135,5.38398e-10,,,protein_coding,DNAH2,,
rs75695670,17,7703686.0,DNAH2,0,within,False,,,best_GxC_snps_testosterone_sex.txt,rs75695670,1.46743e-29,,,protein_coding,DNAH2,,
rs4791834,17,7705089.0,DNAH2,0,within,False,,,best_GxC_snps_testosterone_sex.txt,rs4791834,5.2747e-14,,,protein_coding,DNAH2,,
rs185225460,17,7724159.0,DNAH2,0,within,False,,,best_GxC_snps_testosterone_sex.txt,rs185225460,3.23053e-10,,,protein_coding,DNAH2,,
rs4130668,17,7739664.0,DNAH2,2602,downstream,False,,,best_GxC_snps_testosterone_sex.txt,rs4130668,8.81109e-13,,,protein_coding,DNAH2|KDM6B,,
rs72841430,17,7767378.0,LSMD1,0,within,False,,,best_GxC_snps_testosterone_sex.txt,rs72841430,2.74403e-33,,,protein_coding,LSMD1|CYB5D1|TMEM88|KDM6B,,
rs112315122,17,7863687.0,RP11-1099M24.8,4747,downstream,False,,,best_GxC_snps_testosterone_sex.txt,rs112315122,3.22128e-11,,,pseudogene,RP11-1099M24.8,,
rs8078865,17,7955314.0,ALOX15B,2862,downstream,False,,,best_GxC_snps_testosterone_sex.txt,rs8078865,1.97244e-13,,,protein_coding,ALOX15B|RP11-599B13.3,,
rs2905801,17,29524974.0,NF1,0,within,False,,,best_GxC_snps_testosterone_sex.txt,rs2905801,4.17752e-12,,,protein_coding,NF1,,
rs62065457,17,43574611.0,LRRC37A4P,4074,upstream,False,,,best_GxC_snps_testosterone_sex.txt,rs62065457,4.77197e-12,,,pseudogene,LRRC37A4P|RP11-798G7.5|PLEKHM1,,
rs55657917,17,43844560.0,CRHR1,0,within,False,,,best_GxC_snps_testosterone_sex.txt,rs55657917,9.42068e-13,,,protein_coding,CRHR1|RP11-105N13.4,,
rs58879558,17,44095467.0,MAPT,0,within,False,,,best_GxC_snps_testosterone_sex.txt,rs58879558,4.65652e-13,,,protein_coding,MAPT,,
rs199526,17,44847707.0,WNT3,0,within,False,,,best_GxC_snps_testosterone_sex.txt,rs199526,1.39878e-10,,,protein_coding,WNT3,,
17:46213530_TTC_T,,,Position unknown,N/A,N/A,False,,,best_GxC_snps_testosterone_sex.txt,17:46213530_TTC_T,3.31237e-09,,,N/A,,,404 Client Error: Not Found. for url: https://myvariant.info/v1/variant/17:46213530_TTC_T?fields=clinvar.rcv.clinical_significance%2Cclinvar.rcv.conditions.name%2Cclinvar.variant_id&assembly=hg19
rs72827877,17,46524904.0,None within 10kb,N/A,N/A,False,,,best_GxC_snps_testosterone_sex.txt,rs72827877,2.71744e-08,,,N/A,,,
rs850522,17,47316259.0,PHOSPHO1,8131,downstream,False,,,best_GxC_snps_testosterone_sex.txt,rs850522,1.29807e-16,,,protein_coding,PHOSPHO1|RP1-62O9.3,,
rs11655704,17,47448172.0,RP11-81K2.1,0,within,False,,,best_GxC_snps_testosterone_sex.txt,rs11655704,2.2784099999999997e-31,,,protein_coding,RP11-81K2.1|RP11-1079K10.3|RP11-1079K10.2|ZNF652,,
rs2684837,18,44749884.0,SKOR2,0,within,False,,,best_GxC_snps_testosterone_sex.txt,rs2684837,1.29493e-09,,,protein_coding,SKOR2,,
rs2741990,19,2796644.0,THOP1,0,within,False,,,best_GxC_snps_testosterone_sex.txt,rs2741990,3.12665e-15,,,protein_coding,THOP1,,
rs116189680,19,17312226.0,MYO9B,0,within,False,,,best_GxC_snps_testosterone_sex.txt,rs116189680,4.92518e-23,,,protein_coding,MYO9B|CTD-3032J10.3,,
rs149131600,19,35549122.0,HPN,0,within,False,,,best_GxC_snps_testosterone_sex.txt,rs149131600,1.09589e-10,,,protein_coding,HPN|HPN-AS1,,
rs1615767,19,35554767.0,HPN-AS1,0,within,False,,,best_GxC_snps_testosterone_sex.txt,rs1615767,1.74902e-08,,,antisense,HPN-AS1|HPN,,
rs34851490,19,46384554.0,IRF2BP1,2312,upstream,False,,,best_GxC_snps_testosterone_sex.txt,rs34851490,5.17891e-22,,,protein_coding,IRF2BP1|FOXA3|MYPOP,,
rs56709164,19,50053790.0,RCN3,3571,downstream,False,,,best_GxC_snps_testosterone_sex.txt,rs56709164,1.49493e-10,,,protein_coding,RCN3|NOSIP,,
rs6029632,20,39960342.0,RP3-450M14.1,42,downstream,False,,,best_GxC_snps_testosterone_sex.txt,rs6029632,5.35661e-09,,,pseudogene,RP3-450M14.1|LPIN3,,
rs738409,22,44324727.0,PNPLA3,0,within,False,,,best_GxC_snps_testosterone_sex.txt,rs738409,2.0633399999999998e-20,,,protein_coding,PNPLA3,,
rs6009583,22,49677646.0,None within 10kb,N/A,N/A,False,,,best_GxC_snps_testosterone_sex.txt,rs6009583,2.87385e-11,,,N/A,,,
rs116246934,1,5098991.0,None within 10kb,N/A,N/A,False,,,best_GxC_snps_creatinine_statins.txt,rs116246934,7.60012e-09,,,N/A,,,
rs115379357,1,7800342.0,CAMTA1,0,within,False,,,best_GxC_snps_creatinine_statins.txt,rs115379357,2.86436e-09,,,protein_coding,CAMTA1,,
rs80132111,1,14252412.0,None within 10kb,N/A,N/A,False,,,best_GxC_snps_creatinine_statins.txt,rs80132111,1.04167e-08,,,N/A,,,
rs114161448,1,15865743.0,DNAJC16,0,within,False,,,best_GxC_snps_creatinine_statins.txt,rs114161448,8.28139e-10,,,protein_coding,DNAJC16|SCARNA21,,
rs147306816,1,16120455.0,RP11-169K16.6,675,downstream,False,,,best_GxC_snps_creatinine_statins.txt,rs147306816,1.41489e-09,,,pseudogene,RP11-169K16.6|FBLIM1,,
rs141992632,1,17826744.0,None within 10kb,N/A,N/A,False,,,best_GxC_snps_creatinine_statins.txt,rs141992632,2.03116e-08,,,N/A,,,
rs112845846,1,35028213.0,None within 10kb,N/A,N/A,False,,,best_GxC_snps_creatinine_statins.txt,rs112845846,3.3007e-09,,,N/A,,,
rs149624574,1,36147902.0,None within 10kb,N/A,N/A,False,,,best_GxC_snps_creatinine_statins.txt,rs149624574,5.1138e-09,,,N/A,,,
rs114683772,1,38908727.0,None within 10kb,N/A,N/A,False,,,best_GxC_snps_creatinine_statins.txt,rs114683772,3.00427e-08,,,N/A,,,
rs138739855,1,43041263.0,CCDC30,0,within,False,,,best_GxC_snps_creatinine_statins.txt,rs138739855,3.10698e-10,,,protein_coding,CCDC30|RP11-163G10.4|RNU6-536P,,
rs55860926,1,48717508.0,SLC5A9,3192,downstream,False,,,best_GxC_snps_creatinine_statins.txt,rs55860926,1.53205e-09,,,protein_coding,SLC5A9,,
rs143895200,1,48774436.0,SPATA6,0,within,False,,,best_GxC_snps_creatinine_statins.txt,rs143895200,2.0207e-08,,,protein_coding,SPATA6,,
rs1766637,1,53892902.0,SLC25A3P1,0,within,False,,,best_GxC_snps_creatinine_statins.txt,rs1766637,5.71854e-13,,,pseudogene,SLC25A3P1,,
rs138880681,1,57740330.0,DAB1,0,within,False,,,best_GxC_snps_creatinine_statins.txt,rs138880681,9.98467e-09,,,protein_coding,DAB1,,
rs71637778,1,60893846.0,None within 10kb,N/A,N/A,False,,,best_GxC_snps_creatinine_statins.txt,rs71637778,3.167e-08,,,N/A,,,
rs79717673,1,81785934.0,LPHN2,0,within,False,,,best_GxC_snps_creatinine_statins.txt,rs79717673,5.76493e-10,,,protein_coding,LPHN2,,
rs183995526,1,84061532.0,RP11-475O6.1,0,within,False,,,best_GxC_snps_creatinine_statins.txt,rs183995526,4.45833e-09,,,lincRNA,RP11-475O6.1,,
rs146337903,1,87634612.0,LINC01140,0,within,False,,,best_GxC_snps_creatinine_statins.txt,rs146337903,1.19291e-15,,,lincRNA,LINC01140|RP5-1052I5.2,,
rs116244548,1,96524161.0,None within 10kb,N/A,N/A,False,,,best_GxC_snps_creatinine_statins.txt,rs116244548,1.10967e-08,,,N/A,,,
rs140713641,1,157824980.0,CD5L,0,within,False,,,best_GxC_snps_creatinine_statins.txt,rs140713641,2.15852e-08,,,protein_coding,CD5L|MRPS21P2,,
rs72713359,1,162873467.0,None within 10kb,N/A,N/A,False,,,best_GxC_snps_creatinine_statins.txt,rs72713359,1.48021e-08,,,N/A,,,
rs61803803,1,164613620.0,PBX1,0,within,False,,,best_GxC_snps_creatinine_statins.txt,rs61803803,4.16623e-08,,,protein_coding,PBX1|RNU6-171P,,
rs151250811,1,168709094.0,AL049798.1,7940,upstream,False,,,best_GxC_snps_creatinine_statins.txt,rs151250811,2.74344e-10,,,miRNA,AL049798.1,,
rs10798332,1,171361732.0,GM2AP2,0,within,False,,,best_GxC_snps_creatinine_statins.txt,rs10798332,6.84303e-09,,,pseudogene,GM2AP2,,
rs139988951,1,171725134.0,RP4-560B9.6,0,within,False,,,best_GxC_snps_creatinine_statins.txt,rs139988951,6.18045e-11,,,pseudogene,RP4-560B9.6|RP4-560B9.5|RP4-560B9.4,,
rs116787054,1,193843738.0,None within 10kb,N/A,N/A,False,,,best_GxC_snps_creatinine_statins.txt,rs116787054,4.10869e-08,,,N/A,,,
rs61825717,1,204017538.0,LINC00303,7145,downstream,False,,,best_GxC_snps_creatinine_statins.txt,rs61825717,5.68145e-09,,,lincRNA,LINC00303,,
1:209338969_GGA_G,,,Position unknown,N/A,N/A,False,,,best_GxC_snps_creatinine_statins.txt,1:209338969_GGA_G,2.2949e-08,,,N/A,,,404 Client Error: Not Found. for url: https://myvariant.info/v1/variant/1:209338969_GGA_G?fields=clinvar.rcv.clinical_significance%2Cclinvar.rcv.conditions.name%2Cclinvar.variant_id&assembly=hg19
rs17743319,1,213417529.0,RPS6KC1,0,within,False,,,best_GxC_snps_creatinine_statins.txt,rs17743319,1.22003e-08,,,protein_coding,RPS6KC1,,
1:230269689_TTATG_T,,,Position unknown,N/A,N/A,False,,,best_GxC_snps_creatinine_statins.txt,1:230269689_TTATG_T,2.07475e-09,,,N/A,,,404 Client Error: Not Found. for url: https://myvariant.info/v1/variant/1:230269689_TTATG_T?fields=clinvar.rcv.clinical_significance%2Cclinvar.rcv.conditions.name%2Cclinvar.variant_id&assembly=hg19
rs61835565,1,232110990.0,DISC1,0,within,False,,,best_GxC_snps_creatinine_statins.txt,rs61835565,1.11057e-08,,,protein_coding,DISC1,,
rs12118176,1,236188174.0,NID1,0,within,False,,,best_GxC_snps_creatinine_statins.txt,rs12118176,3.67991e-12,,,protein_coding,NID1,,
rs259637,1,238444393.0,RP11-136B18.2,0,within,False,,,best_GxC_snps_creatinine_statins.txt,rs259637,3.85947e-08,,,lincRNA,RP11-136B18.2,,
rs140203541,1,239203215.0,None within 10kb,N/A,N/A,False,,,best_GxC_snps_creatinine_statins.txt,rs140203541,3.4514e-09,,,N/A,,,
rs112244112,1,243014957.0,None within 10kb,N/A,N/A,False,,,best_GxC_snps_creatinine_statins.txt,rs112244112,2.30077e-08,,,N/A,,,
rs184507166,2,570523.0,AC093326.3,0,within,False,,,best_GxC_snps_creatinine_statins.txt,rs184507166,1.60531e-09,,,lincRNA,AC093326.3,,
rs17042326,2,666844.0,TMEM18,491,upstream,False,,,best_GxC_snps_creatinine_statins.txt,rs17042326,3.69985e-09,,,protein_coding,TMEM18,,
rs1666996,2,2922826.0,AC019118.2,0,within,False,,,best_GxC_snps_creatinine_statins.txt,rs1666996,1.15111e-10,,,lincRNA,AC019118.2,,
rs548536166,2,12023064.0,AC096559.1,0,within,False,,,best_GxC_snps_creatinine_statins.txt,rs548536166,4.47521e-10,,,lincRNA,AC096559.1,,
rs186899420,2,18496476.0,KCNS3,0,within,False,,,best_GxC_snps_creatinine_statins.txt,rs186899420,2.40897e-14,,,protein_coding,KCNS3,,
rs68018245,2,22425826.0,AC068490.2,0,within,False,,,best_GxC_snps_creatinine_statins.txt,rs68018245,1.56554e-10,,,lincRNA,AC068490.2,,
rs75543844,2,23875978.0,KLHL29,0,within,False,,,best_GxC_snps_creatinine_statins.txt,rs75543844,1.74952e-16,,,protein_coding,KLHL29,,
rs113281275,2,24241648.0,MFSD2B,0,within,False,,,best_GxC_snps_creatinine_statins.txt,rs113281275,2.32448e-14,,,protein_coding,MFSD2B,,
rs540614228,2,30943652.0,CAPN13,1985,upstream,False,,,best_GxC_snps_creatinine_statins.txt,rs540614228,1.04532e-08,,,protein_coding,CAPN13,,
rs45599238,2,31594875.0,XDH,0,within,True,Likely benign,not provided,best_GxC_snps_creatinine_statins.txt,rs45599238,1.62081e-08,,,protein_coding,XDH,1215161.0,
rs115458984,2,33549068.0,LTBP1,0,within,False,,,best_GxC_snps_creatinine_statins.txt,rs115458984,1.89104e-10,,,protein_coding,LTBP1|RNA5SP92,,
rs187869730,2,39965692.0,THUMPD2,0,within,False,,,best_GxC_snps_creatinine_statins.txt,rs187869730,9.97384e-09,,,protein_coding,THUMPD2,,
rs4953476,2,47433465.0,AC073283.4,0,within,False,,,best_GxC_snps_creatinine_statins.txt,rs4953476,5.98166e-09,,,lincRNA,AC073283.4,,
rs79953241,2,47477786.0,AC073283.4,0,within,False,,,best_GxC_snps_creatinine_statins.txt,rs79953241,5.24086e-14,,,lincRNA,AC073283.4,,
rs77360173,2,49050411.0,None within 10kb,N/A,N/A,False,,,best_GxC_snps_creatinine_statins.txt,rs77360173,1.46792e-10,,,N/A,,,
rs115835544,2,50366379.0,NRXN1,0,within,False,,,best_GxC_snps_creatinine_statins.txt,rs115835544,1.49655e-08,,,protein_coding,NRXN1,,
rs144796762,2,50721769.0,NRXN1,0,within,False,,,best_GxC_snps_creatinine_statins.txt,rs144796762,6.42086e-12,,,protein_coding,NRXN1,,
rs146160116,2,54317048.0,ACYP2,0,within,False,,,best_GxC_snps_creatinine_statins.txt,rs146160116,8.48796e-09,,,protein_coding,ACYP2|RP11-477N3.1|AC008280.3,,
rs116157412,2,56832600.0,None within 10kb,N/A,N/A,False,,,best_GxC_snps_creatinine_statins.txt,rs116157412,1.58787e-09,,,N/A,,,
rs13430681,2,61875265.0,None within 10kb,N/A,N/A,False,,,best_GxC_snps_creatinine_statins.txt,rs13430681,2.74862e-09,,,N/A,,,
rs74390660,2,65692012.0,AC074391.1,0,within,False,,,best_GxC_snps_creatinine_statins.txt,rs74390660,4.62685e-09,,,lincRNA,AC074391.1|AC012370.3,,
rs17030995,2,66094642.0,AC074391.1,0,within,False,,,best_GxC_snps_creatinine_statins.txt,rs17030995,1.55608e-09,,,lincRNA,AC074391.1,,
rs72821831,2,68305965.0,C1D,0,within,False,,,best_GxC_snps_creatinine_statins.txt,rs72821831,3.43005e-08,,,protein_coding,C1D,,
rs76206055,2,69500936.0,None within 10kb,N/A,N/A,False,,,best_GxC_snps_creatinine_statins.txt,rs76206055,3.1696e-08,,,N/A,,,
rs143357487,2,74210080.0,DGUOK-AS1,1512,downstream,False,,,best_GxC_snps_creatinine_statins.txt,rs143357487,1.16918e-08,,,antisense,DGUOK-AS1|AC073046.25|RP11-711M9.1,,
rs776164127,2,75883675.0,MRPL19,0,within,False,,,best_GxC_snps_creatinine_statins.txt,rs776164127,3.05813e-08,,,protein_coding,MRPL19|GCFC2|RP11-342K6.1|AC005034.3,,
rs1543282,2,78265453.0,None within 10kb,N/A,N/A,False,,,best_GxC_snps_creatinine_statins.txt,rs1543282,1.14841e-08,,,N/A,,,
rs10173485,2,79434619.0,CTNNA2,0,within,False,,,best_GxC_snps_creatinine_statins.txt,rs10173485,1.01462e-08,,,protein_coding,CTNNA2,,
rs113447196,2,85638935.0,CAPG,0,within,False,,,best_GxC_snps_creatinine_statins.txt,rs113447196,2.22879e-09,,,protein_coding,CAPG|SH2D6,,
rs149357313,2,99913679.0,C2orf15,0,within,False,,,best_GxC_snps_creatinine_statins.txt,rs149357313,6.7771e-09,,,protein_coding,C2orf15|LYG1,,
rs12476475,2,105976711.0,FHL2,0,within,False,,,best_GxC_snps_creatinine_statins.txt,rs12476475,3.0403e-08,,,protein_coding,FHL2|AC012360.6,,
rs200125794,2,116700368.0,None within 10kb,N/A,N/A,False,,,best_GxC_snps_creatinine_statins.txt,rs200125794,1.08712e-08,,,N/A,,,
rs112562709,2,117119782.0,None within 10kb,N/A,N/A,False,,,best_GxC_snps_creatinine_statins.txt,rs112562709,2.02776e-08,,,N/A,,,
rs112935299,2,122837591.0,None within 10kb,N/A,N/A,False,,,best_GxC_snps_creatinine_statins.txt,rs112935299,4.04622e-09,,,N/A,,,
rs79797508,2,129405134.0,None within 10kb,N/A,N/A,False,,,best_GxC_snps_creatinine_statins.txt,rs79797508,1.66504e-09,,,N/A,,,
rs149055032,2,140340278.0,None within 10kb,N/A,N/A,False,,,best_GxC_snps_creatinine_statins.txt,rs149055032,2.43096e-09,,,N/A,,,
rs77637277,2,154692346.0,None within 10kb,N/A,N/A,False,,,best_GxC_snps_creatinine_statins.txt,rs77637277,3.55348e-12,,,N/A,,,
rs1226430,2,157080695.0,None within 10kb,N/A,N/A,False,,,best_GxC_snps_creatinine_statins.txt,rs1226430,1.64714e-10,,,N/A,,,
rs10195000,2,157469715.0,GPD2,0,within,False,,,best_GxC_snps_creatinine_statins.txt,rs10195000,2.2701e-08,,,protein_coding,GPD2,,
rs115929127,2,157659095.0,None within 10kb,N/A,N/A,False,,,best_GxC_snps_creatinine_statins.txt,rs115929127,3.99048e-09,,,N/A,,,
rs114595953,2,158973416.0,UPP2,0,within,False,,,best_GxC_snps_creatinine_statins.txt,rs114595953,6.76166e-09,,,protein_coding,UPP2,,
rs139965814,2,159027480.0,CCDC148-AS1,0,within,False,,,best_GxC_snps_creatinine_statins.txt,rs139965814,1.32174e-08,,,antisense,CCDC148-AS1|CCDC148,,
rs62171074,2,159955479.0,TANC1,0,within,False,,,best_GxC_snps_creatinine_statins.txt,rs62171074,2.30131e-08,,,protein_coding,TANC1,,
rs116598695,2,161148462.0,RBMS1,0,within,False,,,best_GxC_snps_creatinine_statins.txt,rs116598695,7.28598e-09,,,protein_coding,RBMS1,,
rs115701059,2,163530458.0,KCNH7,0,within,False,,,best_GxC_snps_creatinine_statins.txt,rs115701059,5.97778e-09,,,protein_coding,KCNH7,,
rs12618067,2,164007660.0,RPL7P61,1101,upstream,False,,,best_GxC_snps_creatinine_statins.txt,rs12618067,7.34599e-09,,,pseudogene,RPL7P61,,
rs71426798,2,166991983.0,AC010127.3,0,within,False,,,best_GxC_snps_creatinine_statins.txt,rs71426798,3.43862e-09,,,antisense,AC010127.3|SCN1A,,
rs145761667,2,171182368.0,MYO3B,0,within,False,,,best_GxC_snps_creatinine_statins.txt,rs145761667,1.70765e-10,,,protein_coding,MYO3B|AC012594.1,,
2:174369010_AG_A,,,Position unknown,N/A,N/A,False,,,best_GxC_snps_creatinine_statins.txt,2:174369010_AG_A,3.60905e-11,,,N/A,,,404 Client Error: Not Found. for url: https://myvariant.info/v1/variant/2:174369010_AG_A?fields=clinvar.rcv.clinical_significance%2Cclinvar.rcv.conditions.name%2Cclinvar.variant_id&assembly=hg19
rs147780692,2,183228116.0,PDE1A,0,within,False,,,best_GxC_snps_creatinine_statins.txt,rs147780692,9.91363e-16,,,protein_coding,PDE1A,,
rs141681086,2,183660805.0,DNAJC10,1614,downstream,False,,,best_GxC_snps_creatinine_statins.txt,rs141681086,1.14506e-10,,,protein_coding,DNAJC10|RPL31P15,,
rs115370404,2,185604936.0,ZNF804A,0,within,False,,,best_GxC_snps_creatinine_statins.txt,rs115370404,1.94406e-08,,,protein_coding,ZNF804A,,
rs79496733,2,187896374.0,AC007319.1,0,within,False,,,best_GxC_snps_creatinine_statins.txt,rs79496733,2.46116e-08,,,antisense,AC007319.1,,
rs138115320,2,188156787.0,AC007319.1,0,within,False,,,best_GxC_snps_creatinine_statins.txt,rs138115320,1.95554e-09,,,antisense,AC007319.1,,
rs8176619,2,188345601.0,AC007319.1,0,within,False,,,best_GxC_snps_creatinine_statins.txt,rs8176619,1.12829e-11,,,antisense,AC007319.1|TFPI,,
rs55972740,2,189865225.0,COL3A1,0,within,False,,,best_GxC_snps_creatinine_statins.txt,rs55972740,3.96193e-10,,,protein_coding,COL3A1,,
rs74748175,2,195963174.0,None within 10kb,N/A,N/A,False,,,best_GxC_snps_creatinine_statins.txt,rs74748175,7.35892e-10,,,N/A,,,
rs1439105,2,196590381.0,SLC39A10,0,within,False,,,best_GxC_snps_creatinine_statins.txt,rs1439105,2.80839e-08,,,protein_coding,SLC39A10,,
rs1519613,2,196852290.0,DNAH7,0,within,False,,,best_GxC_snps_creatinine_statins.txt,rs1519613,6.29808e-10,,,protein_coding,DNAH7|AC104600.1,,
rs143786942,2,202552291.0,MPP4,0,within,False,,,best_GxC_snps_creatinine_statins.txt,rs143786942,2.52576e-08,,,protein_coding,MPP4,,
rs143194741,2,202806197.0,None within 10kb,N/A,N/A,False,,,best_GxC_snps_creatinine_statins.txt,rs143194741,4.4828e-08,,,N/A,,,
2:210963031_CAT_C,,,Position unknown,N/A,N/A,False,,,best_GxC_snps_creatinine_statins.txt,2:210963031_CAT_C,1.48645e-09,,,N/A,,,404 Client Error: Not Found. for url: https://myvariant.info/v1/variant/2:210963031_CAT_C?fields=clinvar.rcv.clinical_significance%2Cclinvar.rcv.conditions.name%2Cclinvar.variant_id&assembly=hg19
rs183934364,2,214194855.0,SPAG16,0,within,False,,,best_GxC_snps_creatinine_statins.txt,rs183934364,2.6825e-10,,,protein_coding,SPAG16,,
rs114577370,2,215544338.0,AC107218.3,0,within,False,,,best_GxC_snps_creatinine_statins.txt,rs114577370,1.13001e-08,,,antisense,AC107218.3,,
rs147062143,2,220482846.0,STK11IP,1673,downstream,False,,,best_GxC_snps_creatinine_statins.txt,rs147062143,2.29964e-10,,,protein_coding,STK11IP|AC009955.8|SLC4A3,,
rs114959121,2,224191387.0,None within 10kb,N/A,N/A,False,,,best_GxC_snps_creatinine_statins.txt,rs114959121,7.14148e-13,,,N/A,,,
rs74320736,2,224860649.0,SERPINE2,0,within,False,,,best_GxC_snps_creatinine_statins.txt,rs74320736,3.18231e-15,,,protein_coding,SERPINE2,,
rs77849286,3,705478.0,AC090044.1,0,within,False,,,best_GxC_snps_creatinine_statins.txt,rs77849286,3.92921e-08,,,lincRNA,AC090044.1,,
rs78095120,3,1006815.0,None within 10kb,N/A,N/A,False,,,best_GxC_snps_creatinine_statins.txt,rs78095120,3.65727e-12,,,N/A,,,
rs148374442,3,5530512.0,None within 10kb,N/A,N/A,False,,,best_GxC_snps_creatinine_statins.txt,rs148374442,6.45383e-13,,,N/A,,,
rs13088735,3,8165502.0,LMCD1-AS1,0,within,False,,,best_GxC_snps_creatinine_statins.txt,rs13088735,1.74093e-08,,,antisense,LMCD1-AS1,,
rs116517678,3,8814143.0,CAV3,0,within,False,,,best_GxC_snps_creatinine_statins.txt,rs116517678,1.61314e-13,,,protein_coding,CAV3|hsa-mir-548ba|OXTR|RAD18,,
rs9814755,3,8997267.0,RAD18,0,within,False,,,best_GxC_snps_creatinine_statins.txt,rs9814755,1.1689e-08,,,protein_coding,RAD18,,
rs115522829,3,13420383.0,NUP210,0,within,False,,,best_GxC_snps_creatinine_statins.txt,rs115522829,4.94111e-08,,,protein_coding,NUP210,,
rs148381279,3,16236296.0,GALNT15,0,within,False,,,best_GxC_snps_creatinine_statins.txt,rs148381279,2.20328e-08,,,protein_coding,GALNT15,,
rs1117721,3,25460773.0,RARB,0,within,False,,,best_GxC_snps_creatinine_statins.txt,rs1117721,1.95156e-10,,,protein_coding,RARB,,
rs978584,3,25746921.0,None within 10kb,N/A,N/A,False,,,best_GxC_snps_creatinine_statins.txt,rs978584,3.60951e-09,,,N/A,,,
rs140232719,3,26936680.0,None within 10kb,N/A,N/A,False,,,best_GxC_snps_creatinine_statins.txt,rs140232719,4.7132e-08,,,N/A,,,
rs150817494,3,35307335.0,RNU6-243P,8897,downstream,False,,,best_GxC_snps_creatinine_statins.txt,rs150817494,3.8413e-12,,,snRNA,RNU6-243P,,
rs139674023,3,35584792.0,None within 10kb,N/A,N/A,False,,,best_GxC_snps_creatinine_statins.txt,rs139674023,1.99386e-08,,,N/A,,,
rs6802021,3,63357226.0,SYNPR,0,within,False,,,best_GxC_snps_creatinine_statins.txt,rs6802021,2.75455e-08,,,protein_coding,SYNPR,,
rs74848070,3,71182206.0,FOXP1,0,within,False,,,best_GxC_snps_creatinine_statins.txt,rs74848070,2.39089e-08,,,protein_coding,FOXP1,,
rs114151359,3,71266735.0,FOXP1,0,within,False,,,best_GxC_snps_creatinine_statins.txt,rs114151359,2.56394e-08,,,protein_coding,FOXP1,,
rs80136055,3,71690289.0,None within 10kb,N/A,N/A,False,,,best_GxC_snps_creatinine_statins.txt,rs80136055,4.90943e-09,,,N/A,,,
rs7626472,3,72038465.0,None within 10kb,N/A,N/A,False,,,best_GxC_snps_creatinine_statins.txt,rs7626472,1.19071e-09,,,N/A,,,
rs62246105,3,73544020.0,PDZRN3,0,within,False,,,best_GxC_snps_creatinine_statins.txt,rs62246105,7.87437e-13,,,protein_coding,PDZRN3,,
rs115525526,3,74523225.0,CNTN3,0,within,False,,,best_GxC_snps_creatinine_statins.txt,rs115525526,9.51977e-17,,,protein_coding,CNTN3,,
rs7638195,3,76747895.0,ROBO2,0,within,False,,,best_GxC_snps_creatinine_statins.txt,rs7638195,3.91548e-09,,,protein_coding,ROBO2,,
rs141320463,3,78195941.0,None within 10kb,N/A,N/A,False,,,best_GxC_snps_creatinine_statins.txt,rs141320463,7.34745e-11,,,N/A,,,
rs62280808,3,101549697.0,NFKBIZ,0,within,False,,,best_GxC_snps_creatinine_statins.txt,rs62280808,3.31402e-08,,,protein_coding,NFKBIZ|NXPE3|RP11-49I4.3,,
rs150479823,3,104225737.0,RP11-281P11.1,3627,downstream,False,,,best_GxC_snps_creatinine_statins.txt,rs150479823,3.53596e-08,,,pseudogene,RP11-281P11.1,,
rs115246616,3,104521268.0,None within 10kb,N/A,N/A,False,,,best_GxC_snps_creatinine_statins.txt,rs115246616,4.19628e-11,,,N/A,,,
rs111689427,3,113793498.0,QTRTD1,0,within,False,,,best_GxC_snps_creatinine_statins.txt,rs111689427,3.77164e-10,,,protein_coding,QTRTD1,,
rs143964165,3,115781349.0,LSAMP,0,within,False,,,best_GxC_snps_creatinine_statins.txt,rs143964165,2.06545e-10,,,protein_coding,LSAMP,,
rs75457150,3,117960091.0,RP11-384F7.1,0,within,False,,,best_GxC_snps_creatinine_statins.txt,rs75457150,4.64677e-09,,,lincRNA,RP11-384F7.1,,
rs116116241,3,118197786.0,RP11-384F7.1,0,within,False,,,best_GxC_snps_creatinine_statins.txt,rs116116241,3.86859e-11,,,lincRNA,RP11-384F7.1,,
rs142495292,3,119755887.0,GSK3B,0,within,False,,,best_GxC_snps_creatinine_statins.txt,rs142495292,3.99976e-19,,,protein_coding,GSK3B|RP11-767L7.2|RP11-767L7.1,,
3:120098496_TACTC_T,,,Position unknown,N/A,N/A,False,,,best_GxC_snps_creatinine_statins.txt,3:120098496_TACTC_T,1.36201e-11,,,N/A,,,404 Client Error: Not Found. for url: https://myvariant.info/v1/variant/3:120098496_TACTC_T?fields=clinvar.rcv.clinical_significance%2Cclinvar.rcv.conditions.name%2Cclinvar.variant_id&assembly=hg19
rs149359466,3,120165630.0,FSTL1,0,within,False,,,best_GxC_snps_creatinine_statins.txt,rs149359466,3.21042e-08,,,protein_coding,FSTL1,,
3:130281351_AT_A,,,Position unknown,N/A,N/A,False,,,best_GxC_snps_creatinine_statins.txt,3:130281351_AT_A,5.3228e-10,,,N/A,,,404 Client Error: Not Found. for url: https://myvariant.info/v1/variant/3:130281351_AT_A?fields=clinvar.rcv.clinical_significance%2Cclinvar.rcv.conditions.name%2Cclinvar.variant_id&assembly=hg19
rs116154831,3,132466474.0,NPHP3-AS1,0,within,False,,,best_GxC_snps_creatinine_statins.txt,rs116154831,4.14983e-09,,,antisense,NPHP3-AS1,,
rs139529901,3,133385251.0,TFP1,0,within,False,,,best_GxC_snps_creatinine_statins.txt,rs139529901,2.75022e-08,,,pseudogene,TFP1|RNU6-678P|TOPBP1,,
rs62273107,3,134726539.0,EPHB1,0,within,False,,,best_GxC_snps_creatinine_statins.txt,rs62273107,6.25439e-09,,,protein_coding,EPHB1,,
rs76391317,3,145619806.0,None within 10kb,N/A,N/A,False,,,best_GxC_snps_creatinine_statins.txt,rs76391317,1.19542e-09,,,N/A,,,
rs184229276,3,159205999.0,IQCJ-SCHIP1,0,within,False,,,best_GxC_snps_creatinine_statins.txt,rs184229276,1.95784e-08,,,protein_coding,IQCJ-SCHIP1,,
rs57195580,3,186917586.0,RP11-208N14.4,0,within,False,,,best_GxC_snps_creatinine_statins.txt,rs57195580,2.85023e-08,,,antisense,RP11-208N14.4|RTP1,,
rs114648337,3,190090761.0,CLDN16,0,within,False,,,best_GxC_snps_creatinine_statins.txt,rs114648337,6.54307e-09,,,protein_coding,CLDN16,,
rs147540888,3,193909693.0,None within 10kb,N/A,N/A,False,,,best_GxC_snps_creatinine_statins.txt,rs147540888,5.03958e-11,,,N/A,,,
rs189627174,3,197463815.0,KIAA0226,0,within,False,,,best_GxC_snps_creatinine_statins.txt,rs189627174,1.66417e-08,,,protein_coding,KIAA0226|FYTTD1,,
rs181772606,4,20700858.0,PACRGL,0,within,False,,,best_GxC_snps_creatinine_statins.txt,rs181772606,2.42511e-10,,,protein_coding,PACRGL,,
rs114416888,4,20997560.0,KCNIP4,0,within,False,,,best_GxC_snps_creatinine_statins.txt,rs114416888,2.15094e-11,,,protein_coding,KCNIP4,,
rs78778298,4,24209836.0,None within 10kb,N/A,N/A,False,,,best_GxC_snps_creatinine_statins.txt,rs78778298,1.30817e-09,,,N/A,,,
rs141346554,4,24359844.0,None within 10kb,N/A,N/A,False,,,best_GxC_snps_creatinine_statins.txt,rs141346554,9.44579e-09,,,N/A,,,
rs116760081,4,35630604.0,None within 10kb,N/A,N/A,False,,,best_GxC_snps_creatinine_statins.txt,rs116760081,3.07893e-13,,,N/A,,,
rs145883171,4,37894416.0,TBC1D1,0,within,False,,,best_GxC_snps_creatinine_statins.txt,rs145883171,1.88876e-08,,,protein_coding,TBC1D1,,404 Client Error: Not Found. for url: https://myvariant.info/v1/variant/rs145883171?fields=clinvar.rcv.clinical_significance%2Cclinvar.rcv.conditions.name%2Cclinvar.variant_id&assembly=hg19
rs78771643,4,48729665.0,FRYL,0,within,False,,,best_GxC_snps_creatinine_statins.txt,rs78771643,5.48823e-13,,,protein_coding,FRYL,,
rs145570093,4,55539542.0,KIT,0,within,False,,,best_GxC_snps_creatinine_statins.txt,rs145570093,1.6454e-10,,,protein_coding,KIT,,
rs4860575,4,65064812.0,None within 10kb,N/A,N/A,False,,,best_GxC_snps_creatinine_statins.txt,rs4860575,3.93545e-09,,,N/A,,,
rs12507168,4,72277302.0,SLC4A4,0,within,False,,,best_GxC_snps_creatinine_statins.txt,rs12507168,1.01493e-08,,,protein_coding,SLC4A4,,
rs113124291,4,74383188.0,RP11-622A1.2,0,within,False,,,best_GxC_snps_creatinine_statins.txt,rs113124291,3.99631e-08,,,lincRNA,RP11-622A1.2,,
rs143722587,4,75577874.0,None within 10kb,N/A,N/A,False,,,best_GxC_snps_creatinine_statins.txt,rs143722587,1.4034e-12,,,N/A,,,
rs72660350,4,75792917.0,None within 10kb,N/A,N/A,False,,,best_GxC_snps_creatinine_statins.txt,rs72660350,3.92827e-09,,,N/A,,,
rs59470191,4,75896998.0,PARM1,0,within,False,,,best_GxC_snps_creatinine_statins.txt,rs59470191,1.65204e-12,,,protein_coding,PARM1|RP11-44F21.3,,
rs16998073,4,81184341.0,FGF5,3412,upstream,False,,,best_GxC_snps_creatinine_statins.txt,rs16998073,4.95521e-08,,,protein_coding,FGF5,,
rs7349664,4,91955982.0,CCSER1,0,within,False,,,best_GxC_snps_creatinine_statins.txt,rs7349664,7.40963e-09,,,protein_coding,CCSER1,,
rs115356455,4,93237601.0,GRID2,0,within,False,,,best_GxC_snps_creatinine_statins.txt,rs115356455,4.56208e-08,,,protein_coding,GRID2,,
rs183896451,4,94649213.0,GRID2,0,within,False,,,best_GxC_snps_creatinine_statins.txt,rs183896451,1.93928e-08,,,protein_coding,GRID2,,
4:95863698_AAG_A,,,Position unknown,N/A,N/A,False,,,best_GxC_snps_creatinine_statins.txt,4:95863698_AAG_A,1.14452e-11,,,N/A,,,404 Client Error: Not Found. for url: https://myvariant.info/v1/variant/4:95863698_AAG_A?fields=clinvar.rcv.clinical_significance%2Cclinvar.rcv.conditions.name%2Cclinvar.variant_id&assembly=hg19
rs75045886,4,139697492.0,RP11-98O2.1,0,within,False,,,best_GxC_snps_creatinine_statins.txt,rs75045886,1.65052e-09,,,lincRNA,RP11-98O2.1,,
rs143907226,4,145282869.0,None within 10kb,N/A,N/A,False,,,best_GxC_snps_creatinine_statins.txt,rs143907226,8.06295e-09,,,N/A,,,
rs182072441,4,149516267.0,None within 10kb,N/A,N/A,False,,,best_GxC_snps_creatinine_statins.txt,rs182072441,4.9348e-09,,,N/A,,,
rs142126419,4,150234632.0,None within 10kb,N/A,N/A,False,,,best_GxC_snps_creatinine_statins.txt,rs142126419,1.21278e-09,,,N/A,,,
rs3913650,4,150565297.0,RP11-526A4.1,0,within,False,,,best_GxC_snps_creatinine_statins.txt,rs3913650,1.12644e-13,,,lincRNA,RP11-526A4.1,,
rs77761429,4,150976595.0,None within 10kb,N/A,N/A,False,,,best_GxC_snps_creatinine_statins.txt,rs77761429,1.22013e-09,,,N/A,,,
rs77377200,4,151291755.0,LRBA,0,within,False,,,best_GxC_snps_creatinine_statins.txt,rs77377200,1.12785e-09,,,protein_coding,LRBA,,
rs114802304,4,163412063.0,None within 10kb,N/A,N/A,False,,,best_GxC_snps_creatinine_statins.txt,rs114802304,1.27219e-11,,,N/A,,,
rs113399470,4,164697123.0,MARCH1,0,within,False,,,best_GxC_snps_creatinine_statins.txt,rs113399470,3.14676e-08,,,protein_coding,MARCH1,,
rs79730772,4,166937645.0,TLL1,0,within,False,,,best_GxC_snps_creatinine_statins.txt,rs79730772,9.16203e-10,,,protein_coding,TLL1,,
rs116102217,4,170001767.0,None within 10kb,N/A,N/A,False,,,best_GxC_snps_creatinine_statins.txt,rs116102217,7.12524e-09,,,N/A,,,
rs144303105,4,170320799.0,NEK1,0,within,False,,,best_GxC_snps_creatinine_statins.txt,rs144303105,2.06799e-09,,,protein_coding,NEK1,,
rs1031501,4,182199523.0,None within 10kb,N/A,N/A,False,,,best_GxC_snps_creatinine_statins.txt,rs1031501,2.37974e-08,,,N/A,,,
rs6812332,4,184693099.0,None within 10kb,N/A,N/A,False,,,best_GxC_snps_creatinine_statins.txt,rs6812332,1.82406e-08,,,N/A,,,
rs650640,5,2398630.0,None within 10kb,N/A,N/A,False,,,best_GxC_snps_creatinine_statins.txt,rs650640,1.51482e-10,,,N/A,,,
rs6869957,5,2930898.0,None within 10kb,N/A,N/A,False,,,best_GxC_snps_creatinine_statins.txt,rs6869957,3.67334e-08,,,N/A,,,
rs72742685,5,17667503.0,RP11-432M8.19,2774,upstream,False,,,best_GxC_snps_creatinine_statins.txt,rs72742685,3.97834e-08,,,pseudogene,RP11-432M8.19,,
rs147014354,5,20447607.0,CDH18,0,within,False,,,best_GxC_snps_creatinine_statins.txt,rs147014354,1.69043e-08,,,protein_coding,CDH18,,
rs114503951,5,22896091.0,None within 10kb,N/A,N/A,False,,,best_GxC_snps_creatinine_statins.txt,rs114503951,1.16329e-10,,,N/A,,,
rs17544214,5,29038440.0,None within 10kb,N/A,N/A,False,,,best_GxC_snps_creatinine_statins.txt,rs17544214,7.11004e-09,,,N/A,,,
rs142303707,5,37209540.0,OFD1P17,0,within,False,,,best_GxC_snps_creatinine_statins.txt,rs142303707,3.00534e-08,,,pseudogene,OFD1P17|C5orf42,,
rs144403093,5,37287580.0,CTD-2124B8.2,501,downstream,False,,,best_GxC_snps_creatinine_statins.txt,rs144403093,3.73809e-08,,,pseudogene,CTD-2124B8.2|NUP155,,
rs140274051,5,37631311.0,WDR70,0,within,False,,,best_GxC_snps_creatinine_statins.txt,rs140274051,1.03611e-08,,,protein_coding,WDR70,,
rs77396910,5,37790375.0,None within 10kb,N/A,N/A,False,,,best_GxC_snps_creatinine_statins.txt,rs77396910,3.5159e-08,,,N/A,,,
rs115422318,5,44051614.0,None within 10kb,N/A,N/A,False,,,best_GxC_snps_creatinine_statins.txt,rs115422318,4.75655e-10,,,N/A,,,
rs76582322,5,51962580.0,CTD-2288O8.1,8447,upstream,False,,,best_GxC_snps_creatinine_statins.txt,rs76582322,8.92763e-10,,,antisense,CTD-2288O8.1,,
rs860579,5,56187075.0,MAP3K1,0,within,False,,,best_GxC_snps_creatinine_statins.txt,rs860579,4.03099e-08,,,protein_coding,MAP3K1|AC008937.3,,
rs115993395,5,73069212.0,ARHGEF28,0,within,False,,,best_GxC_snps_creatinine_statins.txt,rs115993395,1.67042e-08,,,protein_coding,ARHGEF28|CTC-575I10.1,,
rs115948424,5,76067575.0,None within 10kb,N/A,N/A,False,,,best_GxC_snps_creatinine_statins.txt,rs115948424,3.99401e-08,,,N/A,,,
rs10474572,5,78343233.0,DMGDH,0,within,False,,,best_GxC_snps_creatinine_statins.txt,rs10474572,9.80731e-12,,,protein_coding,DMGDH,,
rs10055900,5,80486198.0,RASGRF2,0,within,False,,,best_GxC_snps_creatinine_statins.txt,rs10055900,1.48792e-08,,,protein_coding,RASGRF2,,
rs4612109,5,86259803.0,RP11-72L22.1,3335,upstream,False,,,best_GxC_snps_creatinine_statins.txt,rs4612109,9.81887e-09,,,lincRNA,RP11-72L22.1,,
5:104500287_GCTTAT_G,,,Position unknown,N/A,N/A,False,,,best_GxC_snps_creatinine_statins.txt,5:104500287_GCTTAT_G,4.76952e-10,,,N/A,,,404 Client Error: Not Found. for url: https://myvariant.info/v1/variant/5:104500287_GCTTAT_G?fields=clinvar.rcv.clinical_significance%2Cclinvar.rcv.conditions.name%2Cclinvar.variant_id&assembly=hg19
rs1422072,5,114471140.0,TRIM36,0,within,False,,,best_GxC_snps_creatinine_statins.txt,rs1422072,2.76161e-08,,,protein_coding,TRIM36,,
rs115054975,5,121620784.0,None within 10kb,N/A,N/A,False,,,best_GxC_snps_creatinine_statins.txt,rs115054975,1.13593e-08,,,N/A,,,
rs118079734,5,123332186.0,None within 10kb,N/A,N/A,False,,,best_GxC_snps_creatinine_statins.txt,rs118079734,7.61772e-09,,,N/A,,,
rs12513788,5,123999782.0,ZNF608,0,within,False,,,best_GxC_snps_creatinine_statins.txt,rs12513788,7.08376e-09,,,protein_coding,ZNF608,,
rs185238480,5,124966558.0,None within 10kb,N/A,N/A,False,,,best_GxC_snps_creatinine_statins.txt,rs185238480,1.19372e-11,,,N/A,,,
rs79338288,5,125743086.0,GRAMD3,0,within,False,,,best_GxC_snps_creatinine_statins.txt,rs79338288,2.91345e-08,,,protein_coding,GRAMD3,,
rs77804052,5,132780530.0,FSTL4,0,within,False,,,best_GxC_snps_creatinine_statins.txt,rs77804052,3.10002e-08,,,protein_coding,FSTL4,,
rs146195620,5,140222450.0,PCDHA1,0,within,False,,,best_GxC_snps_creatinine_statins.txt,rs146195620,9.06457e-10,,,protein_coding,PCDHA1|PCDHA2|PCDHA3|PCDHA4|PCDHA5|PCDHA6|PCDHA7|PCDHA8|PCDHA9,,
rs116834625,5,141317936.0,KIAA0141,0,within,False,,,best_GxC_snps_creatinine_statins.txt,rs116834625,7.3407e-09,,,protein_coding,KIAA0141|PCDH12,,
rs77457270,5,149709264.0,ARSI,0,within,False,,,best_GxC_snps_creatinine_statins.txt,rs77457270,2.36684e-12,,,protein_coding,ARSI,,
rs114377793,5,166505127.0,None within 10kb,N/A,N/A,False,,,best_GxC_snps_creatinine_statins.txt,rs114377793,7.94201e-10,,,N/A,,,
rs78456530,5,169771155.0,KCNIP1,9336,upstream,False,,,best_GxC_snps_creatinine_statins.txt,rs78456530,8.53101e-09,,,protein_coding,KCNIP1,,
rs793023,5,172295320.0,ERGIC1,0,within,False,,,best_GxC_snps_creatinine_statins.txt,rs793023,3.00968e-09,,,protein_coding,ERGIC1,,
rs17075768,5,172729864.0,None within 10kb,N/A,N/A,False,,,best_GxC_snps_creatinine_statins.txt,rs17075768,1.98637e-09,,,N/A,,,
rs74501670,5,174134882.0,None within 10kb,N/A,N/A,False,,,best_GxC_snps_creatinine_statins.txt,rs74501670,2.43133e-11,,,N/A,,,
rs11743904,5,178677149.0,ADAMTS2,0,within,False,,,best_GxC_snps_creatinine_statins.txt,rs11743904,4.71757e-08,,,protein_coding,ADAMTS2,,
rs6923069,6,4158369.0,RP3-400B16.1,750,downstream,False,,,best_GxC_snps_creatinine_statins.txt,rs6923069,1.5457e-08,,,lincRNA,RP3-400B16.1,,
rs147691376,6,4810245.0,CDYL,0,within,False,,,best_GxC_snps_creatinine_statins.txt,rs147691376,2.44225e-12,,,protein_coding,CDYL,,
rs112694344,6,7313967.0,SSR1,0,within,False,,,best_GxC_snps_creatinine_statins.txt,rs112694344,5.89922e-12,,,protein_coding,SSR1,,
rs7757494,6,10850468.0,TMEM14B,0,within,False,,,best_GxC_snps_creatinine_statins.txt,rs7757494,4.87276e-11,,,protein_coding,TMEM14B|SYCP2L|RP11-637O19.3,,
rs149671281,6,17356270.0,None within 10kb,N/A,N/A,False,,,best_GxC_snps_creatinine_statins.txt,rs149671281,1.71275e-12,,,N/A,,,
rs185988980,6,18552510.0,None within 10kb,N/A,N/A,False,,,best_GxC_snps_creatinine_statins.txt,rs185988980,1.58407e-14,,,N/A,,,
rs6930103,6,18996590.0,None within 10kb,N/A,N/A,False,,,best_GxC_snps_creatinine_statins.txt,rs6930103,1.05727e-09,,,N/A,,,
rs9295420,6,19193674.0,None within 10kb,N/A,N/A,False,,,best_GxC_snps_creatinine_statins.txt,rs9295420,5.89993e-10,,,N/A,,,
rs9295422,6,19237460.0,None within 10kb,N/A,N/A,False,,,best_GxC_snps_creatinine_statins.txt,rs9295422,2.64831e-09,,,N/A,,,
rs116232405,6,19558294.0,RP1-167F1.2,0,within,False,,,best_GxC_snps_creatinine_statins.txt,rs116232405,1.38401e-08,,,antisense,RP1-167F1.2,,
6:27380831_CATGGAGAAACCCTGTCTCTACT_C,,,Position unknown,N/A,N/A,False,,,best_GxC_snps_creatinine_statins.txt,6:27380831_CATGGAGAAACCCTGTCTCTACT_C,2.44506e-09,,,N/A,,,404 Client Error: Not Found. for url: https://myvariant.info/v1/variant/6:27380831_CATGGAGAAACCCTGTCTCTACT_C?fields=clinvar.rcv.clinical_significance%2Cclinvar.rcv.conditions.name%2Cclinvar.variant_id&assembly=hg19
rs9468693,6,30120637.0,TRIM10,0,within,False,,,best_GxC_snps_creatinine_statins.txt,rs9468693,4.74485e-08,,,protein_coding,TRIM10|TRIM40,,
rs112391007,6,34542983.0,RP3-391O22.3,1052,upstream,False,,,best_GxC_snps_creatinine_statins.txt,rs112391007,1.9757e-14,,,pseudogene,RP3-391O22.3,,
rs112889901,6,34804722.0,UHRF1BP1,0,within,False,,,best_GxC_snps_creatinine_statins.txt,rs112889901,1.09134e-12,,,protein_coding,UHRF1BP1,,
rs11553984,6,35436922.0,RPL10A,0,within,False,,,best_GxC_snps_creatinine_statins.txt,rs11553984,1.54275e-13,,,protein_coding,RPL10A|FANCE|TEAD3,,
rs113236768,6,35831990.0,SRPK1,0,within,False,,,best_GxC_snps_creatinine_statins.txt,rs113236768,9.04032e-14,,,protein_coding,SRPK1,,
rs45504893,6,36168628.0,BRPF3,0,within,False,,,best_GxC_snps_creatinine_statins.txt,rs45504893,1.63046e-08,,,protein_coding,BRPF3|RP1-179N16.6,,
rs139850545,6,38623642.0,None within 10kb,N/A,N/A,False,,,best_GxC_snps_creatinine_statins.txt,rs139850545,1.71029e-09,,,N/A,,,
rs76403153,6,40301656.0,TDRG1,1037,upstream,False,,,best_GxC_snps_creatinine_statins.txt,rs76403153,8.06178e-09,,,antisense,TDRG1,,
rs34805502,6,44577483.0,None within 10kb,N/A,N/A,False,,,best_GxC_snps_creatinine_statins.txt,rs34805502,9.79083e-10,,,N/A,,,
rs145161522,6,47157927.0,None within 10kb,N/A,N/A,False,,,best_GxC_snps_creatinine_statins.txt,rs145161522,1.38586e-09,,,N/A,,,
rs9370027,6,51304633.0,None within 10kb,N/A,N/A,False,,,best_GxC_snps_creatinine_statins.txt,rs9370027,1.24481e-11,,,N/A,,,
rs139371688,6,52856194.0,GSTA4,0,within,False,,,best_GxC_snps_creatinine_statins.txt,rs139371688,1.80961e-08,,,protein_coding,GSTA4|RN7SK|ICK,,
rs193145916,6,55576973.0,None within 10kb,N/A,N/A,False,,,best_GxC_snps_creatinine_statins.txt,rs193145916,1.57777e-08,,,N/A,,,
rs4712142,6,57152522.0,None within 10kb,N/A,N/A,False,,,best_GxC_snps_creatinine_statins.txt,rs4712142,3.16553e-08,,,N/A,,,
rs55853327,6,65101322.0,RP11-349P19.1,0,within,False,,,best_GxC_snps_creatinine_statins.txt,rs55853327,1.84066e-08,,,antisense,RP11-349P19.1|EYS,,
rs80096685,6,76405305.0,SENP6,0,within,False,,,best_GxC_snps_creatinine_statins.txt,rs80096685,9.39469e-09,,,protein_coding,SENP6,,
rs76954543,6,87144497.0,RN7SL643P,1073,upstream,False,,,best_GxC_snps_creatinine_statins.txt,rs76954543,1.17345e-08,,,misc_RNA,RN7SL643P|RP11-15J23.1,,
rs28420512,6,87765680.0,None within 10kb,N/A,N/A,False,,,best_GxC_snps_creatinine_statins.txt,rs28420512,3.64197e-13,,,N/A,,,
rs147871163,6,89322437.0,RNGTT,0,within,False,,,best_GxC_snps_creatinine_statins.txt,rs147871163,1.47342e-08,,,protein_coding,RNGTT,,
rs34152036,6,107346941.0,C6orf203,2466,upstream,False,,,best_GxC_snps_creatinine_statins.txt,rs34152036,5.9011e-09,,,protein_coding,C6orf203,,
rs140849036,6,108020856.0,SCML4,4452,upstream,False,,,best_GxC_snps_creatinine_statins.txt,rs140849036,2.15689e-08,,,protein_coding,SCML4,,
rs112119478,6,114636913.0,RP3-399L15.3,0,within,False,,,best_GxC_snps_creatinine_statins.txt,rs112119478,2.98041e-09,,,antisense,RP3-399L15.3|HS3ST5,,
rs148155231,6,119333880.0,RP11-351A11.1,0,within,False,,,best_GxC_snps_creatinine_statins.txt,rs148155231,7.41018e-09,,,antisense,RP11-351A11.1|FAM184A,,
rs149846261,6,122393908.0,None within 10kb,N/A,N/A,False,,,best_GxC_snps_creatinine_statins.txt,rs149846261,3.47003e-10,,,N/A,,,
6:127958672_GA_G,,,Position unknown,N/A,N/A,False,,,best_GxC_snps_creatinine_statins.txt,6:127958672_GA_G,3.24771e-08,,,N/A,,,404 Client Error: Not Found. for url: https://myvariant.info/v1/variant/6:127958672_GA_G?fields=clinvar.rcv.clinical_significance%2Cclinvar.rcv.conditions.name%2Cclinvar.variant_id&assembly=hg19
rs17720864,6,135508853.0,MYB,0,within,False,,,best_GxC_snps_creatinine_statins.txt,rs17720864,2.67903e-08,,,protein_coding,MYB|MYB-AS1,,
rs6936162,6,139080755.0,None within 10kb,N/A,N/A,False,,,best_GxC_snps_creatinine_statins.txt,rs6936162,2.18067e-08,,,N/A,,,
rs145924722,6,142985224.0,None within 10kb,N/A,N/A,False,,,best_GxC_snps_creatinine_statins.txt,rs145924722,4.26159e-08,,,N/A,,,
rs9496697,6,143920702.0,PHACTR2,0,within,False,,,best_GxC_snps_creatinine_statins.txt,rs9496697,1.00613e-08,,,protein_coding,PHACTR2,,
6:146667378_TTC_T,,,Position unknown,N/A,N/A,False,,,best_GxC_snps_creatinine_statins.txt,6:146667378_TTC_T,4.55728e-10,,,N/A,,,404 Client Error: Not Found. for url: https://myvariant.info/v1/variant/6:146667378_TTC_T?fields=clinvar.rcv.clinical_significance%2Cclinvar.rcv.conditions.name%2Cclinvar.variant_id&assembly=hg19
rs9340839,6,152200731.0,ESR1,0,within,False,,,best_GxC_snps_creatinine_statins.txt,rs9340839,4.32429e-08,,,protein_coding,ESR1,,
rs146785976,6,160545953.0,SLC22A1,0,within,False,,,best_GxC_snps_creatinine_statins.txt,rs146785976,1.63209e-08,,,protein_coding,SLC22A1,,
rs74504522,6,165030933.0,None within 10kb,N/A,N/A,False,,,best_GxC_snps_creatinine_statins.txt,rs74504522,3.12043e-08,,,N/A,,,
rs144804092,7,3561339.0,SDK1,0,within,False,,,best_GxC_snps_creatinine_statins.txt,rs144804092,1.64131e-08,,,protein_coding,SDK1,,
rs17151585,7,7798217.0,RPA3-AS1,0,within,False,,,best_GxC_snps_creatinine_statins.txt,rs17151585,3.52698e-09,,,protein_coding,RPA3-AS1,,
rs143652044,7,9078223.0,None within 10kb,N/A,N/A,False,,,best_GxC_snps_creatinine_statins.txt,rs143652044,1.34487e-10,,,N/A,,,
rs140938421,7,9129961.0,RP4-668E10.2,6156,downstream,False,,,best_GxC_snps_creatinine_statins.txt,rs140938421,3.03626e-08,,,pseudogene,RP4-668E10.2,,
rs149422606,7,19270487.0,None within 10kb,N/A,N/A,False,,,best_GxC_snps_creatinine_statins.txt,rs149422606,2.14054e-13,,,N/A,,,
rs17141893,7,19790873.0,TMEM196,0,within,False,,,best_GxC_snps_creatinine_statins.txt,rs17141893,1.44586e-15,,,protein_coding,TMEM196,,
rs116972359,7,32434679.0,None within 10kb,N/A,N/A,False,,,best_GxC_snps_creatinine_statins.txt,rs116972359,1.12197e-09,,,N/A,,,
rs78908586,7,42504171.0,None within 10kb,N/A,N/A,False,,,best_GxC_snps_creatinine_statins.txt,rs78908586,7.75584e-09,,,N/A,,,
rs185649286,7,44859995.0,PPIA,0,within,False,,,best_GxC_snps_creatinine_statins.txt,rs185649286,4.71144e-08,,,protein_coding,PPIA|H2AFV,,
rs61009789,7,46195044.0,AC023669.2,9758,downstream,False,,,best_GxC_snps_creatinine_statins.txt,rs61009789,9.09573e-09,,,pseudogene,AC023669.2,,
rs11575260,7,50630015.0,DDC,0,within,False,,,best_GxC_snps_creatinine_statins.txt,rs11575260,1.67381e-09,,,protein_coding,DDC,,
rs148986522,7,51686323.0,RP4-718N17.2,0,within,False,,,best_GxC_snps_creatinine_statins.txt,rs148986522,3.7387e-08,,,lincRNA,RP4-718N17.2,,
rs199702517,7,55596759.0,VOPP1,0,within,False,,,best_GxC_snps_creatinine_statins.txt,rs199702517,5.22662e-11,,,protein_coding,VOPP1,,
rs145089871,7,75801297.0,AC005077.5,1754,upstream,False,,,best_GxC_snps_creatinine_statins.txt,rs145089871,4.10102e-10,,,pseudogene,AC005077.5,,
rs117523465,7,77226213.0,PTPN12,0,within,False,,,best_GxC_snps_creatinine_statins.txt,rs117523465,4.12258e-17,,,protein_coding,PTPN12,,
rs12530739,7,78846831.0,MAGI2,0,within,False,,,best_GxC_snps_creatinine_statins.txt,rs12530739,5.93129e-09,,,protein_coding,MAGI2,,
rs118188980,7,81031410.0,None within 10kb,N/A,N/A,False,,,best_GxC_snps_creatinine_statins.txt,rs118188980,1.1308e-10,,,N/A,,,
rs188281769,7,85042749.0,LINC00972,7689,upstream,False,,,best_GxC_snps_creatinine_statins.txt,rs188281769,2.75253e-08,,,lincRNA,LINC00972,,
rs17862217,7,90143280.0,CDK14,0,within,False,,,best_GxC_snps_creatinine_statins.txt,rs17862217,4.99202e-08,,,protein_coding,CDK14|CLDN12|CTB-13L3.1,,
rs62470174,7,91039123.0,RP11-115N4.1,0,within,False,,,best_GxC_snps_creatinine_statins.txt,rs62470174,3.00012e-09,,,lincRNA,RP11-115N4.1|RP11-142A5.1,,
rs17769120,7,92389962.0,CDK6,0,within,False,,,best_GxC_snps_creatinine_statins.txt,rs17769120,4.3184e-08,,,protein_coding,CDK6,,
rs145596102,7,93524513.0,GNGT1,0,within,False,,,best_GxC_snps_creatinine_statins.txt,rs145596102,9.35274e-11,,,protein_coding,GNGT1|AC002076.10|TFPI2,,
rs147362740,7,101956260.0,SH2B2,0,within,False,,,best_GxC_snps_creatinine_statins.txt,rs147362740,4.75337e-09,,,protein_coding,SH2B2,,
rs2283043,7,107425402.0,SLC26A3,0,within,False,,,best_GxC_snps_creatinine_statins.txt,rs2283043,9.89607e-09,,,protein_coding,SLC26A3,,
rs73195539,7,107585370.0,LAMB1,0,within,False,,,best_GxC_snps_creatinine_statins.txt,rs73195539,2.34072e-08,,,protein_coding,LAMB1|CTB-13F3.1,,
rs9792081,7,115915836.0,AC073130.3,0,within,False,,,best_GxC_snps_creatinine_statins.txt,rs9792081,1.07282e-08,,,antisense,AC073130.3|AC002066.1|AC073130.1,,
rs181195478,7,124025591.0,RP5-921G16.1,0,within,False,,,best_GxC_snps_creatinine_statins.txt,rs181195478,7.12664e-11,,,antisense,RP5-921G16.1,,
rs73144783,7,129767603.0,KLHDC10,0,within,False,,,best_GxC_snps_creatinine_statins.txt,rs73144783,7.5415e-10,,,protein_coding,KLHDC10,,
rs116519273,7,130670820.0,LINC-PINT,0,within,False,,,best_GxC_snps_creatinine_statins.txt,rs116519273,2.38645e-09,,,antisense,LINC-PINT,,
rs77305840,7,136429453.0,hsa-mir-490,0,within,False,,,best_GxC_snps_creatinine_statins.txt,rs77305840,2.51217e-10,,,antisense,hsa-mir-490,,
rs324655,7,136713102.0,hsa-mir-490,0,within,False,,,best_GxC_snps_creatinine_statins.txt,rs324655,1.50462e-09,,,antisense,hsa-mir-490|CHRM2,,
rs34991448,7,140041341.0,SLC37A3,0,within,False,,,best_GxC_snps_creatinine_statins.txt,rs34991448,3.08444e-08,,,protein_coding,SLC37A3,,
rs117157602,7,141727166.0,MGAM,0,within,False,,,best_GxC_snps_creatinine_statins.txt,rs117157602,8.776e-11,,,protein_coding,MGAM,,
rs78539654,7,146284115.0,CNTNAP2,0,within,False,,,best_GxC_snps_creatinine_statins.txt,rs78539654,3.37742e-10,,,protein_coding,CNTNAP2,,
rs7801616,7,151452628.0,PRKAG2,0,within,False,,,best_GxC_snps_creatinine_statins.txt,rs7801616,6.53377e-10,,,protein_coding,PRKAG2,,
rs6970400,7,157485580.0,PTPRN2,0,within,False,,,best_GxC_snps_creatinine_statins.txt,rs6970400,9.24148e-09,,,protein_coding,PTPRN2,,
rs117727074,8,3964442.0,CSMD1,0,within,False,,,best_GxC_snps_creatinine_statins.txt,rs117727074,4.28236e-11,,,protein_coding,CSMD1,,
rs12677326,8,11439225.0,LINC00208,374,downstream,False,,,best_GxC_snps_creatinine_statins.txt,rs12677326,8.98338e-09,,,lincRNA,LINC00208,,
rs80313569,8,16549741.0,RP11-13N12.1,0,within,False,,,best_GxC_snps_creatinine_statins.txt,rs80313569,2.0400399999999998e-21,,,lincRNA,RP11-13N12.1,,
rs117315497,8,17700603.0,RP11-156K13.1,0,within,False,,,best_GxC_snps_creatinine_statins.txt,rs117315497,8.15686e-09,,,antisense,RP11-156K13.1,,
rs6990109,8,19259628.0,CSGALNACT1,2044,upstream,False,,,best_GxC_snps_creatinine_statins.txt,rs6990109,2.8019e-08,,,protein_coding,CSGALNACT1|SH2D4A,,
rs117194840,8,40216778.0,None within 10kb,N/A,N/A,False,,,best_GxC_snps_creatinine_statins.txt,rs117194840,1.81251e-08,,,N/A,,,
rs72639700,8,40583438.0,ZMAT4,0,within,False,,,best_GxC_snps_creatinine_statins.txt,rs72639700,2.24214e-09,,,protein_coding,ZMAT4,,
rs118070244,8,51477675.0,SNTG1,0,within,False,,,best_GxC_snps_creatinine_statins.txt,rs118070244,4.46469e-13,,,protein_coding,SNTG1,,
rs146623940,8,51742958.0,None within 10kb,N/A,N/A,False,,,best_GxC_snps_creatinine_statins.txt,rs146623940,1.23374e-13,,,N/A,,,
rs117185654,8,58585476.0,RP11-388G22.1,0,within,False,,,best_GxC_snps_creatinine_statins.txt,rs117185654,4.90119e-12,,,lincRNA,RP11-388G22.1,,
rs17834682,8,58868250.0,None within 10kb,N/A,N/A,False,,,best_GxC_snps_creatinine_statins.txt,rs17834682,7.11826e-10,,,N/A,,,
rs118004005,8,64385160.0,RP11-45K10.2,0,within,False,,,best_GxC_snps_creatinine_statins.txt,rs118004005,4.79733e-08,,,lincRNA,RP11-45K10.2|CTD-3046C4.1,,
rs191418984,8,64690277.0,RP11-32K4.1,0,within,False,,,best_GxC_snps_creatinine_statins.txt,rs191418984,1.12807e-08,,,antisense,RP11-32K4.1|RP11-579E24.1,,
rs75293655,8,68075172.0,CSPP1,0,within,False,,,best_GxC_snps_creatinine_statins.txt,rs75293655,2.43866e-14,,,protein_coding,CSPP1,,
rs73270368,8,69515522.0,C8orf34,0,within,False,,,best_GxC_snps_creatinine_statins.txt,rs73270368,1.25716e-10,,,protein_coding,C8orf34,,
rs73693318,8,78033981.0,None within 10kb,N/A,N/A,False,,,best_GxC_snps_creatinine_statins.txt,rs73693318,5.0814e-10,,,N/A,,,
rs148540371,8,88492357.0,CNBD1,0,within,False,,,best_GxC_snps_creatinine_statins.txt,rs148540371,1.03881e-08,,,protein_coding,CNBD1,,
rs143480265,8,106201853.0,RP11-127H5.1,0,within,False,,,best_GxC_snps_creatinine_statins.txt,rs143480265,4.90711e-12,,,protein_coding,RP11-127H5.1|RP11-574O7.1|TMCC1P1,,
rs191531127,8,108291934.0,ANGPT1,0,within,False,,,best_GxC_snps_creatinine_statins.txt,rs191531127,4.48371e-13,,,protein_coding,ANGPT1,,
rs62513338,8,116793546.0,TRPS1,0,within,False,,,best_GxC_snps_creatinine_statins.txt,rs62513338,2.20478e-08,,,protein_coding,TRPS1,,
rs78986262,8,124023359.0,RP11-557C18.3,0,within,False,,,best_GxC_snps_creatinine_statins.txt,rs78986262,4.3807e-11,,,antisense,RP11-557C18.3|DERL1,,
rs56000719,8,124049148.0,DERL1,0,within,False,,,best_GxC_snps_creatinine_statins.txt,rs56000719,6.83817e-11,,,protein_coding,DERL1|TBC1D31|RP11-557C18.3|RNY4P5,,
rs10113218,8,125068891.0,FER1L6-AS2,0,within,False,,,best_GxC_snps_creatinine_statins.txt,rs10113218,3.66209e-18,,,antisense,FER1L6-AS2|FER1L6,,
rs112593560,8,133457294.0,KCNQ3,0,within,False,,,best_GxC_snps_creatinine_statins.txt,rs112593560,3.05375e-11,,,protein_coding,KCNQ3,,
rs73365720,8,136832460.0,None within 10kb,N/A,N/A,False,,,best_GxC_snps_creatinine_statins.txt,rs73365720,5.36477e-11,,,N/A,,,
rs79918005,8,138371648.0,None within 10kb,N/A,N/A,False,,,best_GxC_snps_creatinine_statins.txt,rs79918005,1.22704e-11,,,N/A,,,
rs146179744,8,139107558.0,None within 10kb,N/A,N/A,False,,,best_GxC_snps_creatinine_statins.txt,rs146179744,1.018e-08,,,N/A,,,
rs13263478,8,139651250.0,COL22A1,0,within,False,,,best_GxC_snps_creatinine_statins.txt,rs13263478,2.57631e-08,,,protein_coding,COL22A1,,
rs78674328,8,140505432.0,None within 10kb,N/A,N/A,False,,,best_GxC_snps_creatinine_statins.txt,rs78674328,4.91854e-08,,,N/A,,,
rs72699032,9,3293423.0,RFX3,0,within,False,,,best_GxC_snps_creatinine_statins.txt,rs72699032,3.25888e-10,,,protein_coding,RFX3,,
rs148935430,9,7979311.0,None within 10kb,N/A,N/A,False,,,best_GxC_snps_creatinine_statins.txt,rs148935430,1.36399e-08,,,N/A,,,
rs73642429,9,14863723.0,FREM1,0,within,False,,,best_GxC_snps_creatinine_statins.txt,rs73642429,7.16011e-09,,,protein_coding,FREM1,,
rs78435970,9,25209390.0,None within 10kb,N/A,N/A,False,,,best_GxC_snps_creatinine_statins.txt,rs78435970,6.1519e-10,,,N/A,,,
rs17578775,9,26474695.0,None within 10kb,N/A,N/A,False,,,best_GxC_snps_creatinine_statins.txt,rs17578775,1.11488e-08,,,N/A,,,
rs72717886,9,26745056.0,RP11-18A15.1,1895,upstream,False,,,best_GxC_snps_creatinine_statins.txt,rs72717886,3.21269e-08,,,lincRNA,RP11-18A15.1,,
rs34778324,9,32987594.0,APTX,0,within,True,Benign|Benign/Likely benign,"not provided|Ataxia, early-onset, with oculomotor apraxia and hypoalbuminemia (EAOH)|not specified",best_GxC_snps_creatinine_statins.txt,rs34778324,4.78581e-09,,,protein_coding,APTX|TCEA1P4,136414.0,
rs55983514,9,37490558.0,RP11-405L18.4,0,within,False,,,best_GxC_snps_creatinine_statins.txt,rs55983514,8.68872e-09,,,pseudogene,RP11-405L18.4|POLR1E,,
9:85631079_TACTC_T,,,Position unknown,N/A,N/A,False,,,best_GxC_snps_creatinine_statins.txt,9:85631079_TACTC_T,8.76369e-09,,,N/A,,,404 Client Error: Not Found. for url: https://myvariant.info/v1/variant/9:85631079_TACTC_T?fields=clinvar.rcv.clinical_significance%2Cclinvar.rcv.conditions.name%2Cclinvar.variant_id&assembly=hg19
rs11141391,9,89041277.0,RNU2-36P,3234,downstream,False,,,best_GxC_snps_creatinine_statins.txt,rs11141391,7.30021e-10,,,snRNA,RNU2-36P,,
rs944484,9,91629040.0,SHC3,0,within,False,,,best_GxC_snps_creatinine_statins.txt,rs944484,2.60907e-08,,,protein_coding,SHC3|RP11-82L18.4|S1PR3,,
rs75943118,9,101063680.0,GABBR2,0,within,False,,,best_GxC_snps_creatinine_statins.txt,rs75943118,1.3002e-08,,,protein_coding,GABBR2,,
9:105776387_TAATA_T,,,Position unknown,N/A,N/A,False,,,best_GxC_snps_creatinine_statins.txt,9:105776387_TAATA_T,2.39195e-09,,,N/A,,,404 Client Error: Not Found. for url: https://myvariant.info/v1/variant/9:105776387_TAATA_T?fields=clinvar.rcv.clinical_significance%2Cclinvar.rcv.conditions.name%2Cclinvar.variant_id&assembly=hg19
rs76978952,9,109779931.0,RP11-508N12.2,0,within,False,,,best_GxC_snps_creatinine_statins.txt,rs76978952,1.15504e-08,,,antisense,RP11-508N12.2|ZNF462,,
rs7864423,9,112592541.0,PALM2,0,within,False,,,best_GxC_snps_creatinine_statins.txt,rs7864423,3.16032e-10,,,protein_coding,PALM2|PALM2-AKAP2|AKAP2,,
rs78329276,9,113701243.0,LPAR1,0,within,False,,,best_GxC_snps_creatinine_statins.txt,rs78329276,7.45065e-16,,,protein_coding,LPAR1|Y_RNA,,
rs34834137,9,126824443.0,None within 10kb,N/A,N/A,False,,,best_GxC_snps_creatinine_statins.txt,rs34834137,1.30086e-09,,,N/A,,,
rs117244640,9,127259930.0,NR5A1,0,within,False,,,best_GxC_snps_creatinine_statins.txt,rs117244640,3.49501e-09,,,protein_coding,NR5A1,,
rs77931840,9,133307223.0,HMCN2,0,within,False,,,best_GxC_snps_creatinine_statins.txt,rs77931840,1.02673e-08,,,protein_coding,HMCN2,,
rs112470220,9,134606920.0,RAPGEF1,0,within,False,,,best_GxC_snps_creatinine_statins.txt,rs112470220,1.8594e-12,,,protein_coding,RAPGEF1|RN7SL328P,,
rs4881336,10,521723.0,DIP2C,0,within,False,,,best_GxC_snps_creatinine_statins.txt,rs4881336,2.31474e-11,,,protein_coding,DIP2C,,
rs7901260,10,7191942.0,RP11-393K12.4,4140,upstream,False,,,best_GxC_snps_creatinine_statins.txt,rs7901260,7.94929e-11,,,pseudogene,RP11-393K12.4|SFMBT2,,
rs1687727,10,27895339.0,None within 10kb,N/A,N/A,False,,,best_GxC_snps_creatinine_statins.txt,rs1687727,2.25082e-09,,,N/A,,,
rs185546761,10,28610760.0,MPP7,0,within,False,,,best_GxC_snps_creatinine_statins.txt,rs185546761,6.18474e-11,,,protein_coding,MPP7,,
rs187983985,10,29408966.0,None within 10kb,N/A,N/A,False,,,best_GxC_snps_creatinine_statins.txt,rs187983985,4.86876e-08,,,N/A,,,
10:29470946_AATATAT_A,,,Position unknown,N/A,N/A,False,,,best_GxC_snps_creatinine_statins.txt,10:29470946_AATATAT_A,1.48507e-08,,,N/A,,,404 Client Error: Not Found. for url: https://myvariant.info/v1/variant/10:29470946_AATATAT_A?fields=clinvar.rcv.clinical_significance%2Cclinvar.rcv.conditions.name%2Cclinvar.variant_id&assembly=hg19
rs117279408,10,66275706.0,None within 10kb,N/A,N/A,False,,,best_GxC_snps_creatinine_statins.txt,rs117279408,8.42903e-10,,,N/A,,,
rs71496028,10,68772678.0,CTNNA3,0,within,False,,,best_GxC_snps_creatinine_statins.txt,rs71496028,1.61147e-08,,,protein_coding,CTNNA3|LRRTM3,,
rs117471896,10,70471509.0,snoU13,1206,upstream,False,,,best_GxC_snps_creatinine_statins.txt,rs117471896,3.35296e-08,,,snoRNA,snoU13|RP11-119F7.6|CCAR1,,
rs7070313,10,72238763.0,PALD1,0,within,False,,,best_GxC_snps_creatinine_statins.txt,rs7070313,1.79387e-09,,,protein_coding,PALD1|YY1P1,,
rs144049217,10,75773350.0,RP11-417O11.5,0,within,False,,,best_GxC_snps_creatinine_statins.txt,rs144049217,4.28119e-08,,,sense_intronic,RP11-417O11.5|VCL,,
10:76504319_TCTC_T,,,Position unknown,N/A,N/A,False,,,best_GxC_snps_creatinine_statins.txt,10:76504319_TCTC_T,2.66503e-09,,,N/A,,,404 Client Error: Not Found. for url: https://myvariant.info/v1/variant/10:76504319_TCTC_T?fields=clinvar.rcv.clinical_significance%2Cclinvar.rcv.conditions.name%2Cclinvar.variant_id&assembly=hg19
rs71483350,10,83142560.0,None within 10kb,N/A,N/A,False,,,best_GxC_snps_creatinine_statins.txt,rs71483350,6.19054e-13,,,N/A,,,
rs192186489,10,83524533.0,None within 10kb,N/A,N/A,False,,,best_GxC_snps_creatinine_statins.txt,rs192186489,2.60385e-08,,,N/A,,,
rs12780220,10,104674104.0,RP11-724N1.1,238,upstream,False,,,best_GxC_snps_creatinine_statins.txt,rs12780220,3.49119e-12,,,lincRNA,RP11-724N1.1|CNNM2,,
rs141881003,10,105402526.0,SH3PXD2A,0,within,False,,,best_GxC_snps_creatinine_statins.txt,rs141881003,2.41264e-09,,,protein_coding,SH3PXD2A,,
rs141303350,10,105684507.0,OBFC1,6544,downstream,False,,,best_GxC_snps_creatinine_statins.txt,rs141303350,1.94535e-09,,,protein_coding,OBFC1,,
rs7088797,10,110357805.0,None within 10kb,N/A,N/A,False,,,best_GxC_snps_creatinine_statins.txt,rs7088797,3.70431e-09,,,N/A,,,
rs72825693,10,118470758.0,HSPA12A,0,within,False,,,best_GxC_snps_creatinine_statins.txt,rs72825693,4.03904e-08,,,protein_coding,HSPA12A,,
rs721967,10,124281013.0,HTRA1,6589,downstream,False,,,best_GxC_snps_creatinine_statins.txt,rs721967,7.11627e-11,,,protein_coding,HTRA1,,
rs75024021,10,125620972.0,CPXM2,0,within,False,,,best_GxC_snps_creatinine_statins.txt,rs75024021,3.4575e-10,,,protein_coding,CPXM2,,
rs187579186,10,126040348.0,None within 10kb,N/A,N/A,False,,,best_GxC_snps_creatinine_statins.txt,rs187579186,4.36145e-08,,,N/A,,,
rs9422944,10,126099696.0,OAT,0,within,False,,,best_GxC_snps_creatinine_statins.txt,rs9422944,3.14041e-08,,,protein_coding,OAT,,
rs189936759,10,134850656.0,None within 10kb,N/A,N/A,False,,,best_GxC_snps_creatinine_statins.txt,rs189936759,2.19535e-11,,,N/A,,,
rs188168593,11,2310906.0,C11orf21,5969,upstream,False,,,best_GxC_snps_creatinine_statins.txt,rs188168593,3.97895e-12,,,protein_coding,C11orf21,,
rs11023261,11,2572796.0,KCNQ1,0,within,False,,,best_GxC_snps_creatinine_statins.txt,rs11023261,5.93969e-13,,,protein_coding,KCNQ1,,
rs142026308,11,2795874.0,KCNQ1,0,within,False,,,best_GxC_snps_creatinine_statins.txt,rs142026308,1.45846e-11,,,protein_coding,KCNQ1|COX6CP18,,
rs182852674,11,6876658.0,OR10A5,8722,downstream,False,,,best_GxC_snps_creatinine_statins.txt,rs182852674,4.19685e-14,,,protein_coding,OR10A5,,
rs118170511,11,17468419.0,ABCC8,0,within,False,,,best_GxC_snps_creatinine_statins.txt,rs118170511,1.32529e-11,,,protein_coding,ABCC8,,
rs113752594,11,24370352.0,None within 10kb,N/A,N/A,False,,,best_GxC_snps_creatinine_statins.txt,rs113752594,3.78187e-09,,,N/A,,,
rs72884001,11,29812307.0,CTD-3138F19.1,0,within,False,,,best_GxC_snps_creatinine_statins.txt,rs72884001,5.50286e-09,,,lincRNA,CTD-3138F19.1,,
rs118164253,11,34076742.0,CAPRIN1,0,within,False,,,best_GxC_snps_creatinine_statins.txt,rs118164253,2.27684e-08,,,protein_coding,CAPRIN1,,
rs118069068,11,42916745.0,None within 10kb,N/A,N/A,False,,,best_GxC_snps_creatinine_statins.txt,rs118069068,5.49806e-11,,,N/A,,,
rs181339071,11,48649659.0,OR4A44P,0,within,False,,,best_GxC_snps_creatinine_statins.txt,rs181339071,1.87778e-08,,,pseudogene,OR4A44P,,
rs541454688,11,49376328.0,CTD-2026G22.1,0,within,False,,,best_GxC_snps_creatinine_statins.txt,rs541454688,2.75169e-08,,,pseudogene,CTD-2026G22.1,,
rs188359950,11,49914377.0,RP11-163O19.8,0,within,False,,,best_GxC_snps_creatinine_statins.txt,rs188359950,3.42616e-08,,,pseudogene,RP11-163O19.8|OR4A1P|RP11-163O19.3,,
rs185739431,11,50256867.0,RP11-347H15.4,883,upstream,False,,,best_GxC_snps_creatinine_statins.txt,rs185739431,4.67052e-08,,,lincRNA,RP11-347H15.4|RP11-347H15.5|RP11-347H15.3|RP11-574M7.1,,
rs117054812,11,60484385.0,MS4A8,1101,downstream,False,,,best_GxC_snps_creatinine_statins.txt,rs117054812,7.44811e-09,,,protein_coding,MS4A8,,
rs72928937,11,66958943.0,KDM2A,0,within,False,,,best_GxC_snps_creatinine_statins.txt,rs72928937,2.24378e-08,,,protein_coding,KDM2A|AP001885.1,,
rs144650911,11,69690471.0,None within 10kb,N/A,N/A,False,,,best_GxC_snps_creatinine_statins.txt,rs144650911,2.99027e-11,,,N/A,,,
rs116939234,11,78206700.0,NARS2,0,within,False,,,best_GxC_snps_creatinine_statins.txt,rs116939234,2.30288e-09,,,protein_coding,NARS2,,
rs77822592,11,78599182.0,TENM4,0,within,False,,,best_GxC_snps_creatinine_statins.txt,rs77822592,4.71361e-08,,,protein_coding,TENM4,,
rs72937934,11,80694217.0,None within 10kb,N/A,N/A,False,,,best_GxC_snps_creatinine_statins.txt,rs72937934,4.45081e-10,,,N/A,,,
rs75891980,11,93879832.0,PANX1,0,within,False,,,best_GxC_snps_creatinine_statins.txt,rs75891980,1.09594e-08,,,protein_coding,PANX1,,
rs11214631,11,98148444.0,None within 10kb,N/A,N/A,False,,,best_GxC_snps_creatinine_statins.txt,rs11214631,1.76984e-11,,,N/A,,,
rs61894293,11,104327322.0,RP11-886D15.1,0,within,False,,,best_GxC_snps_creatinine_statins.txt,rs61894293,2.57494e-08,,,lincRNA,RP11-886D15.1,,
rs45447701,11,104866887.0,CASP5,0,within,False,,,best_GxC_snps_creatinine_statins.txt,rs45447701,3.59284e-10,,,protein_coding,CASP5,,
rs117869373,11,108074248.0,NPAT,0,within,False,,,best_GxC_snps_creatinine_statins.txt,rs117869373,1.98538e-08,,,protein_coding,NPAT,,
rs2514119,11,108717748.0,DDX10,0,within,False,,,best_GxC_snps_creatinine_statins.txt,rs2514119,1.79632e-08,,,protein_coding,DDX10,,
rs117568071,11,116483821.0,None within 10kb,N/A,N/A,False,,,best_GxC_snps_creatinine_statins.txt,rs117568071,4.79318e-08,,,N/A,,,
rs7125685,11,129257530.0,BARX2,0,within,False,,,best_GxC_snps_creatinine_statins.txt,rs7125685,3.89562e-08,,,protein_coding,BARX2,,
rs112583162,11,129971094.0,APLP2,0,within,False,,,best_GxC_snps_creatinine_statins.txt,rs112583162,1.75924e-08,,,protein_coding,APLP2,,
rs78939119,11,131151525.0,AP002856.5,0,within,False,,,best_GxC_snps_creatinine_statins.txt,rs78939119,5.83551e-12,,,lincRNA,AP002856.5,,
rs61903467,11,131855201.0,NTM,0,within,False,,,best_GxC_snps_creatinine_statins.txt,rs61903467,3.98059e-09,,,protein_coding,NTM|RP11-697E14.2,,
rs74862545,12,4365572.0,CCND2-AS1,0,within,False,,,best_GxC_snps_creatinine_statins.txt,rs74862545,2.61281e-08,,,antisense,CCND2-AS1|CCND2-AS2,,
rs117448100,12,4463726.0,C12orf5,1388,downstream,False,,,best_GxC_snps_creatinine_statins.txt,rs117448100,3.80732e-13,,,protein_coding,C12orf5,,
rs12822838,12,5234665.0,None within 10kb,N/A,N/A,False,,,best_GxC_snps_creatinine_statins.txt,rs12822838,7.27957e-09,,,N/A,,,
rs11064432,12,6968741.0,USP5,0,within,False,,,best_GxC_snps_creatinine_statins.txt,rs11064432,3.32439e-08,,,protein_coding,USP5|CDCA3|TPI1,,
rs10845733,12,13427728.0,None within 10kb,N/A,N/A,False,,,best_GxC_snps_creatinine_statins.txt,rs10845733,3.72336e-08,,,N/A,,,
rs118016388,12,28662288.0,CCDC91,0,within,False,,,best_GxC_snps_creatinine_statins.txt,rs118016388,3.97747e-09,,,protein_coding,CCDC91|RNA5SP355,,
rs116981977,12,30079396.0,None within 10kb,N/A,N/A,False,,,best_GxC_snps_creatinine_statins.txt,rs116981977,3.60198e-09,,,N/A,,,
rs149369002,12,30475113.0,RP11-155I9.1,563,downstream,False,,,best_GxC_snps_creatinine_statins.txt,rs149369002,2.61011e-09,,,lincRNA,RP11-155I9.1,,
rs7973375,12,33863084.0,RP13-359K18.1,7704,upstream,False,,,best_GxC_snps_creatinine_statins.txt,rs7973375,6.75238e-09,,,pseudogene,RP13-359K18.1,,
rs80040817,12,40427022.0,SLC2A13,0,within,False,,,best_GxC_snps_creatinine_statins.txt,rs80040817,7.24287e-10,,,protein_coding,SLC2A13,,
rs150184648,12,45222417.0,NELL2,0,within,False,,,best_GxC_snps_creatinine_statins.txt,rs150184648,7.49194e-11,,,protein_coding,NELL2,,
rs139940059,12,45666043.0,ANO6,0,within,False,,,best_GxC_snps_creatinine_statins.txt,rs139940059,8.04732e-09,,,protein_coding,ANO6,,
rs57158113,12,46913791.0,None within 10kb,N/A,N/A,False,,,best_GxC_snps_creatinine_statins.txt,rs57158113,2.61934e-08,,,N/A,,,
rs146251171,12,47073275.0,RP11-66E20.2,2579,upstream,False,,,best_GxC_snps_creatinine_statins.txt,rs146251171,1.70958e-09,,,pseudogene,RP11-66E20.2,,
rs180426,12,47173662.0,SLC38A4,0,within,False,,,best_GxC_snps_creatinine_statins.txt,rs180426,1.64409e-10,,,protein_coding,SLC38A4,,
rs74333416,12,47719014.0,None within 10kb,N/A,N/A,False,,,best_GxC_snps_creatinine_statins.txt,rs74333416,6.13324e-12,,,N/A,,,
rs74868904,12,48420596.0,RP1-228P16.4,1344,downstream,False,,,best_GxC_snps_creatinine_statins.txt,rs74868904,1.02252e-10,,,antisense,RP1-228P16.4|RP1-228P16.5,,
rs147056305,12,50209869.0,NCKAP5L,0,within,False,,,best_GxC_snps_creatinine_statins.txt,rs147056305,2.40132e-08,,,protein_coding,NCKAP5L,,
rs140126675,12,51454501.0,LETMD1,294,downstream,False,,,best_GxC_snps_creatinine_statins.txt,rs140126675,1.21756e-08,,,protein_coding,LETMD1|CSRNP2,,
rs73141422,12,83882469.0,None within 10kb,N/A,N/A,False,,,best_GxC_snps_creatinine_statins.txt,rs73141422,1.88676e-10,,,N/A,,,
rs79265864,12,85264735.0,SLC6A15,0,within,False,,,best_GxC_snps_creatinine_statins.txt,rs79265864,4.78922e-08,,,protein_coding,SLC6A15,,
rs142874029,12,87475432.0,None within 10kb,N/A,N/A,False,,,best_GxC_snps_creatinine_statins.txt,rs142874029,2.93009e-15,,,N/A,,,
rs117483006,12,99395144.0,ANKS1B,0,within,False,,,best_GxC_snps_creatinine_statins.txt,rs117483006,1.14011e-10,,,protein_coding,ANKS1B,,
rs12231280,12,101981797.0,MYBPC1,0,within,False,,,best_GxC_snps_creatinine_statins.txt,rs12231280,4.64429e-15,,,protein_coding,MYBPC1,,
rs150568874,12,102875044.0,IGF1,621,downstream,False,,,best_GxC_snps_creatinine_statins.txt,rs150568874,2.34435e-08,,,protein_coding,IGF1,,
rs113115780,12,103508134.0,RP11-328J6.1,0,within,False,,,best_GxC_snps_creatinine_statins.txt,rs113115780,1.57882e-08,,,antisense,RP11-328J6.1|RNU7-184P,,
rs34866786,12,110037235.0,MVK,2168,downstream,False,,,best_GxC_snps_creatinine_statins.txt,rs34866786,1.92978e-08,,,protein_coding,MVK,,
rs138556976,12,110819513.0,ANAPC7,0,within,False,,,best_GxC_snps_creatinine_statins.txt,rs138556976,3.30081e-08,,,protein_coding,ANAPC7|RP11-478C19.2,,
rs111411011,12,113526951.0,DTX1,0,within,False,,,best_GxC_snps_creatinine_statins.txt,rs111411011,1.20081e-08,,,protein_coding,DTX1|RASAL1,,
rs117197973,12,119856550.0,RP11-768F21.1,0,within,False,,,best_GxC_snps_creatinine_statins.txt,rs117197973,4.77756e-10,,,lincRNA,RP11-768F21.1|CCDC60,,
rs185560888,12,120684845.0,PXN,0,within,False,,,best_GxC_snps_creatinine_statins.txt,rs185560888,1.56862e-09,,,protein_coding,PXN|RPS20P31,,
rs74923836,12,128084264.0,RP11-351O2.1,4,downstream,False,,,best_GxC_snps_creatinine_statins.txt,rs74923836,1.46945e-08,,,lincRNA,RP11-351O2.1,,
rs74756123,12,132153792.0,RPS6P21,1001,downstream,False,,,best_GxC_snps_creatinine_statins.txt,rs74756123,2.33378e-08,,,pseudogene,RPS6P21|RP11-495K9.6|RNA5SP377,,
rs185967297,12,133310784.0,ANKLE2,0,within,True,Likely benign,not provided,best_GxC_snps_creatinine_statins.txt,rs185967297,2.94781e-09,,,protein_coding,ANKLE2,1192831.0,
rs11841026,13,21013176.0,CRYL1,0,within,False,,,best_GxC_snps_creatinine_statins.txt,rs11841026,4.80033e-10,,,protein_coding,CRYL1|MIR4499,,
rs35083651,13,21454666.0,XPO4,0,within,False,,,best_GxC_snps_creatinine_statins.txt,rs35083651,2.32959e-11,,,protein_coding,XPO4,,
rs117565564,13,26914767.0,CDK8,0,within,False,,,best_GxC_snps_creatinine_statins.txt,rs117565564,1.31663e-11,,,protein_coding,CDK8,,
rs1323970,13,28199797.0,POLR1D,0,within,False,,,best_GxC_snps_creatinine_statins.txt,rs1323970,5.35498e-10,,,protein_coding,POLR1D|LNX2,,
rs11616899,13,29241460.0,POMP,0,within,False,,,best_GxC_snps_creatinine_statins.txt,rs11616899,2.63814e-09,,,protein_coding,POMP,,
rs9550365,13,31386952.0,LINC00398,2170,downstream,False,,,best_GxC_snps_creatinine_statins.txt,rs9550365,4.71916e-09,,,lincRNA,LINC00398,,
rs145006987,13,32876569.0,ZAR1L,1268,upstream,False,,,best_GxC_snps_creatinine_statins.txt,rs145006987,8.07067e-09,,,protein_coding,ZAR1L|RP11-37E23.5|FRY,,
rs185101144,13,52870535.0,TPTE2P2,0,within,False,,,best_GxC_snps_creatinine_statins.txt,rs185101144,5.27097e-11,,,pseudogene,TPTE2P2|RP11-248G5.8,,
rs73205889,13,61677193.0,None within 10kb,N/A,N/A,False,,,best_GxC_snps_creatinine_statins.txt,rs73205889,8.55228e-09,,,N/A,,,
rs77801567,13,66140408.0,None within 10kb,N/A,N/A,False,,,best_GxC_snps_creatinine_statins.txt,rs77801567,1.63447e-09,,,N/A,,,
rs181210380,13,68136644.0,None within 10kb,N/A,N/A,False,,,best_GxC_snps_creatinine_statins.txt,rs181210380,1.64722e-08,,,N/A,,,
rs146713463,13,71322715.0,None within 10kb,N/A,N/A,False,,,best_GxC_snps_creatinine_statins.txt,rs146713463,3.87465e-09,,,N/A,,,
rs151077087,13,71387064.0,None within 10kb,N/A,N/A,False,,,best_GxC_snps_creatinine_statins.txt,rs151077087,8.48272e-10,,,N/A,,,
rs34053895,13,71547393.0,None within 10kb,N/A,N/A,False,,,best_GxC_snps_creatinine_statins.txt,rs34053895,2.65889e-10,,,N/A,,,
rs11838850,13,72937788.0,None within 10kb,N/A,N/A,False,,,best_GxC_snps_creatinine_statins.txt,rs11838850,1.04301e-09,,,N/A,,,
rs150133681,13,73662242.0,None within 10kb,N/A,N/A,False,,,best_GxC_snps_creatinine_statins.txt,rs150133681,4.16364e-08,,,N/A,,,
rs143636154,13,79114217.0,RNF219-AS1,0,within,False,,,best_GxC_snps_creatinine_statins.txt,rs143636154,3.51993e-08,,,antisense,RNF219-AS1,,
rs183496393,13,82128858.0,None within 10kb,N/A,N/A,False,,,best_GxC_snps_creatinine_statins.txt,rs183496393,2.06487e-09,,,N/A,,,
rs139370708,13,84518615.0,None within 10kb,N/A,N/A,False,,,best_GxC_snps_creatinine_statins.txt,rs139370708,1.83251e-08,,,N/A,,,
rs71440126,13,85077731.0,None within 10kb,N/A,N/A,False,,,best_GxC_snps_creatinine_statins.txt,rs71440126,1.04055e-08,,,N/A,,,
rs74875391,13,93419780.0,GPC5,0,within,False,,,best_GxC_snps_creatinine_statins.txt,rs74875391,3.1028e-09,,,protein_coding,GPC5,,
rs140771527,13,95376934.0,SOX21-AS1,8434,downstream,False,,,best_GxC_snps_creatinine_statins.txt,rs140771527,3.79771e-11,,,lincRNA,SOX21-AS1,,
rs181306248,13,98766724.0,None within 10kb,N/A,N/A,False,,,best_GxC_snps_creatinine_statins.txt,rs181306248,1.33379e-09,,,N/A,,,
rs17785251,13,99649118.0,DOCK9,0,within,False,,,best_GxC_snps_creatinine_statins.txt,rs17785251,4.15907e-08,,,protein_coding,DOCK9,,
rs185771215,13,102038469.0,NALCN,0,within,False,,,best_GxC_snps_creatinine_statins.txt,rs185771215,3.99395e-13,,,protein_coding,NALCN,,
rs76822956,13,106941318.0,None within 10kb,N/A,N/A,False,,,best_GxC_snps_creatinine_statins.txt,rs76822956,3.09961e-10,,,N/A,,,
rs1926517,13,109276241.0,MYO16,0,within,False,,,best_GxC_snps_creatinine_statins.txt,rs1926517,2.17151e-09,,,protein_coding,MYO16,,
rs78427732,13,111989857.0,TEX29,0,within,False,,,best_GxC_snps_creatinine_statins.txt,rs78427732,1.78503e-10,,,protein_coding,TEX29,,
rs60297956,13,112734462.0,RP11-450H6.3,3401,upstream,False,,,best_GxC_snps_creatinine_statins.txt,rs60297956,4.01132e-09,,,lincRNA,RP11-450H6.3|SOX1,,
rs8000285,13,113495397.0,ATP11A,0,within,False,,,best_GxC_snps_creatinine_statins.txt,rs8000285,7.64918e-15,,,protein_coding,ATP11A,,
rs117710401,13,114972793.0,None within 10kb,N/A,N/A,False,,,best_GxC_snps_creatinine_statins.txt,rs117710401,1.78298e-08,,,N/A,,,
rs79199571,14,21498575.0,NDRG2,0,within,False,,,best_GxC_snps_creatinine_statins.txt,rs79199571,8.9041e-09,,,protein_coding,NDRG2|TPPP2|AL161668.5|RP11-998D10.1|RNASE13,,
rs149802271,14,21590855.0,RP11-998D10.4,5993,downstream,False,,,best_GxC_snps_creatinine_statins.txt,rs149802271,1.40151e-10,,,lincRNA,RP11-998D10.4|RNU6-252P|RP11-998D10.5,,
rs117652559,14,29134290.0,BTF3P2,8157,upstream,False,,,best_GxC_snps_creatinine_statins.txt,rs117652559,3.41155e-08,,,pseudogene,BTF3P2,,
rs941746,14,32904928.0,AKAP6,0,within,False,,,best_GxC_snps_creatinine_statins.txt,rs941746,2.56623e-08,,,protein_coding,AKAP6|RN7SL660P,,
rs7159903,14,32937567.0,AKAP6,0,within,False,,,best_GxC_snps_creatinine_statins.txt,rs7159903,9.85598e-10,,,protein_coding,AKAP6,,
rs117856915,14,32942131.0,AKAP6,0,within,False,,,best_GxC_snps_creatinine_statins.txt,rs117856915,2.81991e-08,,,protein_coding,AKAP6,,
rs56381608,14,48272674.0,RP11-476J6.1,1270,downstream,False,,,best_GxC_snps_creatinine_statins.txt,rs56381608,1.82142e-08,,,pseudogene,RP11-476J6.1|LINC00648,,
rs151237199,14,52054581.0,FRMD6-AS2,0,within,False,,,best_GxC_snps_creatinine_statins.txt,rs151237199,1.045e-10,,,lincRNA,FRMD6-AS2|FRMD6,,
rs28608139,14,57205490.0,RP11-1085N6.3,8237,downstream,False,,,best_GxC_snps_creatinine_statins.txt,rs28608139,7.82939e-10,,,protein_coding,RP11-1085N6.3,,
rs140266323,14,68416095.0,RAD51B,0,within,False,,,best_GxC_snps_creatinine_statins.txt,rs140266323,1.08763e-10,,,protein_coding,RAD51B,,
rs376739990,14,70943506.0,RP11-486O13.4,0,within,False,,,best_GxC_snps_creatinine_statins.txt,rs376739990,7.94029e-10,,,lincRNA,RP11-486O13.4|ADAM20P1|AL357153.1,,
rs141884078,14,74948108.0,NPC2,0,within,False,,,best_GxC_snps_creatinine_statins.txt,rs141884078,7.46655e-09,,,protein_coding,NPC2|MIR4709|RAP1AP|RP3-449M8.6|RP3-449M8.9,,
rs181481943,14,79852722.0,NRXN3,0,within,False,,,best_GxC_snps_creatinine_statins.txt,rs181481943,4.70588e-09,,,protein_coding,NRXN3,,
rs147254011,14,96477543.0,RP11-241N4.2,8278,upstream,False,,,best_GxC_snps_creatinine_statins.txt,rs147254011,4.76662e-08,,,pseudogene,RP11-241N4.2,,
rs116182737,14,102369649.0,PPP2R5C,0,within,False,,,best_GxC_snps_creatinine_statins.txt,rs116182737,4.33235e-08,,,protein_coding,PPP2R5C,,
rs76178639,15,24140456.0,None within 10kb,N/A,N/A,False,,,best_GxC_snps_creatinine_statins.txt,rs76178639,6.95378e-12,,,N/A,,,
rs117093571,15,27368847.0,GABRG3,0,within,False,,,best_GxC_snps_creatinine_statins.txt,rs117093571,2.66193e-10,,,protein_coding,GABRG3,,
rs117283881,15,29263279.0,APBA2,0,within,False,,,best_GxC_snps_creatinine_statins.txt,rs117283881,1.08925e-09,,,protein_coding,APBA2|RP13-126C7.1,,
rs72703125,15,29797245.0,FAM189A1,0,within,False,,,best_GxC_snps_creatinine_statins.txt,rs72703125,5.0850199999999993e-20,,,protein_coding,FAM189A1,,
rs79555420,15,33685147.0,RYR3,0,within,False,,,best_GxC_snps_creatinine_statins.txt,rs79555420,8.52071e-09,,,protein_coding,RYR3,,
rs187400744,15,35136837.0,RP11-83J16.3,4501,upstream,False,,,best_GxC_snps_creatinine_statins.txt,rs187400744,1.41972e-10,,,pseudogene,RP11-83J16.3,,
rs72737196,15,39323778.0,RP11-624L4.1,0,within,False,,,best_GxC_snps_creatinine_statins.txt,rs72737196,3.19836e-13,,,antisense,RP11-624L4.1|RP11-62C7.2,,
rs80308000,15,41092886.0,DNAJC17,0,within,False,,,best_GxC_snps_creatinine_statins.txt,rs80308000,9.6809e-11,,,protein_coding,DNAJC17|ZFYVE19,,
15:48712338_TGAGA_T,,,Position unknown,N/A,N/A,False,,,best_GxC_snps_creatinine_statins.txt,15:48712338_TGAGA_T,7.65466e-12,,,N/A,,,404 Client Error: Not Found. for url: https://myvariant.info/v1/variant/15:48712338_TGAGA_T?fields=clinvar.rcv.clinical_significance%2Cclinvar.rcv.conditions.name%2Cclinvar.variant_id&assembly=hg19
rs72741654,15,61614338.0,RP11-507B12.2,0,within,False,,,best_GxC_snps_creatinine_statins.txt,rs72741654,1.13957e-08,,,lincRNA,RP11-507B12.2,,
rs149573055,15,61996709.0,RP11-507B12.1,0,within,False,,,best_GxC_snps_creatinine_statins.txt,rs149573055,8.90716e-13,,,lincRNA,RP11-507B12.1,,
rs12915540,15,66459053.0,MEGF11,0,within,False,,,best_GxC_snps_creatinine_statins.txt,rs12915540,2.03684e-09,,,protein_coding,MEGF11,,
rs8039547,15,66510311.0,MEGF11,0,within,False,,,best_GxC_snps_creatinine_statins.txt,rs8039547,1.12184e-13,,,protein_coding,MEGF11,,
15:67260287_AGAGAG_A,,,Position unknown,N/A,N/A,False,,,best_GxC_snps_creatinine_statins.txt,15:67260287_AGAGAG_A,1.49227e-11,,,N/A,,,404 Client Error: Not Found. for url: https://myvariant.info/v1/variant/15:67260287_AGAGAG_A?fields=clinvar.rcv.clinical_significance%2Cclinvar.rcv.conditions.name%2Cclinvar.variant_id&assembly=hg19
rs9635372,15,71764830.0,THSD4,0,within,False,,,best_GxC_snps_creatinine_statins.txt,rs9635372,3.82411e-09,,,protein_coding,THSD4|AC108861.1,,
15:75345743_CATG_C,,,Position unknown,N/A,N/A,False,,,best_GxC_snps_creatinine_statins.txt,15:75345743_CATG_C,1.34699e-10,,,N/A,,,404 Client Error: Not Found. for url: https://myvariant.info/v1/variant/15:75345743_CATG_C?fields=clinvar.rcv.clinical_significance%2Cclinvar.rcv.conditions.name%2Cclinvar.variant_id&assembly=hg19
rs75368772,15,86962482.0,AGBL1,0,within,False,,,best_GxC_snps_creatinine_statins.txt,rs75368772,1.14529e-11,,,protein_coding,AGBL1,,
rs2585223,15,100880888.0,ADAMTS17,0,within,False,,,best_GxC_snps_creatinine_statins.txt,rs2585223,1.28981e-08,,,protein_coding,ADAMTS17|SPATA41,,
rs144177257,16,5266295.0,RP11-382N13.2,0,within,False,,,best_GxC_snps_creatinine_statins.txt,rs144177257,9.59065e-10,,,lincRNA,RP11-382N13.2|RP11-382N13.6,,
rs117866671,16,9440115.0,RP11-243A14.1,9330,upstream,False,,,best_GxC_snps_creatinine_statins.txt,rs117866671,2.5449e-08,,,lincRNA,RP11-243A14.1,,
rs8049496,16,12840617.0,CTD-2583P5.1,0,within,False,,,best_GxC_snps_creatinine_statins.txt,rs8049496,8.49261e-13,,,antisense,CTD-2583P5.1|CPPED1,,
rs140106534,16,15715860.0,C16orf45,0,within,False,,,best_GxC_snps_creatinine_statins.txt,rs140106534,3.42169e-08,,,protein_coding,C16orf45|KIAA0430,,
rs112180696,16,26089162.0,HS3ST4,0,within,False,,,best_GxC_snps_creatinine_statins.txt,rs112180696,1.29079e-08,,,protein_coding,HS3ST4,,
rs11150606,16,31099011.0,PRSS53,0,within,False,,,best_GxC_snps_creatinine_statins.txt,rs11150606,8.54553e-10,,,protein_coding,PRSS53|RP11-196G11.1|VKORC1|ZNF646,,
rs77940473,16,51290816.0,None within 10kb,N/A,N/A,False,,,best_GxC_snps_creatinine_statins.txt,rs77940473,2.32475e-09,,,N/A,,,
rs58476720,16,57021203.0,NLRC5,2194,upstream,False,,,best_GxC_snps_creatinine_statins.txt,rs58476720,2.10984e-08,,,protein_coding,NLRC5|CETP,,
rs118019316,16,65779623.0,None within 10kb,N/A,N/A,False,,,best_GxC_snps_creatinine_statins.txt,rs118019316,2.86038e-08,,,N/A,,,
rs140946413,16,68720324.0,HSPE1P5,0,within,False,,,best_GxC_snps_creatinine_statins.txt,rs140946413,1.93233e-08,,,pseudogene,HSPE1P5|CDH3,,
rs183378186,16,80539695.0,RP11-525K10.3,0,within,False,,,best_GxC_snps_creatinine_statins.txt,rs183378186,4.47794e-09,,,antisense,RP11-525K10.3,,
rs72806631,16,84481979.0,ATP2C2,0,within,False,,,best_GxC_snps_creatinine_statins.txt,rs72806631,2.56415e-08,,,protein_coding,ATP2C2,,
rs77807576,16,85561400.0,None within 10kb,N/A,N/A,False,,,best_GxC_snps_creatinine_statins.txt,rs77807576,6.85239e-12,,,N/A,,,
rs34561138,16,86480355.0,None within 10kb,N/A,N/A,False,,,best_GxC_snps_creatinine_statins.txt,rs34561138,9.06445e-09,,,N/A,,,
rs117716574,16,87158583.0,C16orf95,0,within,False,,,best_GxC_snps_creatinine_statins.txt,rs117716574,1.58547e-09,,,protein_coding,C16orf95,,
rs61762271,17,1326656.0,CRK,0,within,False,,,best_GxC_snps_creatinine_statins.txt,rs61762271,1.0627e-08,,,protein_coding,CRK|RP11-818O24.3,,
rs148904742,17,3080152.0,CTD-2309O5.3,0,within,False,,,best_GxC_snps_creatinine_statins.txt,rs148904742,7.26433e-09,,,lincRNA,CTD-2309O5.3,,
rs138959040,17,4500387.0,SMTNL2,0,within,False,,,best_GxC_snps_creatinine_statins.txt,rs138959040,4.95354e-08,,,protein_coding,SMTNL2,,
rs62072695,17,5327973.0,RPAIN,0,within,False,,,best_GxC_snps_creatinine_statins.txt,rs62072695,4.38128e-11,,,protein_coding,RPAIN|CTC-524C5.2|NUP88|C1QBP,,
rs12952134,17,12788050.0,ARHGAP44,0,within,False,,,best_GxC_snps_creatinine_statins.txt,rs12952134,4.47624e-08,,,protein_coding,ARHGAP44,,
rs7225570,17,13488795.0,HS3ST3A1,0,within,False,,,best_GxC_snps_creatinine_statins.txt,rs7225570,1.03948e-09,,,protein_coding,HS3ST3A1,,
rs61749867,17,26861877.0,RP11-192H23.4,0,within,True,Benign|Likely benign|Benign/Likely benign,"not provided|T-cell immunodeficiency, congenital alopecia, and nail dystrophy|not specified",best_GxC_snps_creatinine_statins.txt,rs61749867,1.45396e-09,,,protein_coding,RP11-192H23.4|FOXN1,322430.0,
rs140247886,17,36167477.0,AC091199.1,4718,downstream,False,,,best_GxC_snps_creatinine_statins.txt,rs140247886,2.08442e-11,,,lincRNA,AC091199.1,,
rs11079885,17,48083846.0,RP11-1094H24.3,0,within,False,,,best_GxC_snps_creatinine_statins.txt,rs11079885,1.58595e-08,,,lincRNA,RP11-1094H24.3,,
rs35375219,17,50217857.0,CA10,0,within,False,,,best_GxC_snps_creatinine_statins.txt,rs35375219,6.5079e-09,,,protein_coding,CA10,,
rs113520216,17,59408027.0,BCAS3,0,within,False,,,best_GxC_snps_creatinine_statins.txt,rs113520216,9.39681e-19,,,protein_coding,BCAS3,,
rs118076183,17,60416222.0,None within 10kb,N/A,N/A,False,,,best_GxC_snps_creatinine_statins.txt,rs118076183,2.63774e-13,,,N/A,,,
rs113253331,17,66711429.0,RP11-118B18.1,0,within,False,,,best_GxC_snps_creatinine_statins.txt,rs113253331,1.37538e-08,,,lincRNA,RP11-118B18.1,,
rs111350985,17,68607156.0,None within 10kb,N/A,N/A,False,,,best_GxC_snps_creatinine_statins.txt,rs111350985,1.03783e-08,,,N/A,,,
rs12940683,17,69402121.0,None within 10kb,N/A,N/A,False,,,best_GxC_snps_creatinine_statins.txt,rs12940683,2.99756e-09,,,N/A,,,
rs16976726,17,69538430.0,None within 10kb,N/A,N/A,False,,,best_GxC_snps_creatinine_statins.txt,rs16976726,7.54986e-09,,,N/A,,,
rs117914695,17,72150188.0,RP11-101O21.1,0,within,False,,,best_GxC_snps_creatinine_statins.txt,rs117914695,3.94078e-08,,,lincRNA,RP11-101O21.1,,
rs183331039,17,72857441.0,GRIN2C,0,within,False,,,best_GxC_snps_creatinine_statins.txt,rs183331039,1.83527e-08,,,protein_coding,GRIN2C|FDXR,,
rs146754214,17,75099957.0,SEC14L1,0,within,False,,,best_GxC_snps_creatinine_statins.txt,rs146754214,8.7919e-10,,,protein_coding,SEC14L1|AC015815.1|AC015815.7|AC015815.8|LINC00338,,
rs7209336,17,75899368.0,None within 10kb,N/A,N/A,False,,,best_GxC_snps_creatinine_statins.txt,rs7209336,3.49642e-08,,,N/A,,,
rs117837934,17,76138920.0,TMC8,0,within,False,,,best_GxC_snps_creatinine_statins.txt,rs117837934,2.24267e-08,,,protein_coding,TMC8|C17orf99,,
rs182939575,17,76252664.0,THA1P,2167,downstream,False,,,best_GxC_snps_creatinine_statins.txt,rs182939575,8.45162e-09,,,pseudogene,THA1P|RP11-219G17.4,,
rs150201528,17,79627710.0,PDE6G,0,within,False,,,best_GxC_snps_creatinine_statins.txt,rs150201528,2.80248e-08,,,protein_coding,PDE6G|OXLD1|CCDC137,,
rs111446891,18,578471.0,CETN1,1896,upstream,False,,,best_GxC_snps_creatinine_statins.txt,rs111446891,1.64535e-19,,,protein_coding,CETN1|RN7SKP146,,
rs488985,18,7463302.0,None within 10kb,N/A,N/A,False,,,best_GxC_snps_creatinine_statins.txt,rs488985,1.73564e-09,,,N/A,,,
rs118128500,18,13684716.0,FAM210A,0,within,False,,,best_GxC_snps_creatinine_statins.txt,rs118128500,4.09093e-08,,,protein_coding,FAM210A,,
rs113843468,18,18901047.0,GREB1L,0,within,False,,,best_GxC_snps_creatinine_statins.txt,rs113843468,1.11526e-09,,,protein_coding,GREB1L|RP11-296E23.2,,
rs117153606,18,21536851.0,RP11-403A21.1,867,upstream,False,,,best_GxC_snps_creatinine_statins.txt,rs117153606,3.56778e-09,,,lincRNA,RP11-403A21.1|LAMA3,,
rs45567131,18,22895288.0,ZNF521,0,within,False,,,best_GxC_snps_creatinine_statins.txt,rs45567131,1.83619e-08,,,protein_coding,ZNF521,,
rs184080068,18,30995426.0,CCDC178,0,within,False,,,best_GxC_snps_creatinine_statins.txt,rs184080068,9.28494e-09,,,protein_coding,CCDC178,,
rs188993871,18,31743382.0,NOL4,0,within,False,,,best_GxC_snps_creatinine_statins.txt,rs188993871,8.47148e-11,,,protein_coding,NOL4,,
rs2000749,18,32001497.0,None within 10kb,N/A,N/A,False,,,best_GxC_snps_creatinine_statins.txt,rs2000749,1.16123e-09,,,N/A,,,
rs75581131,18,43298035.0,RP11-116O18.3,0,within,False,,,best_GxC_snps_creatinine_statins.txt,rs75581131,1.71618e-10,,,antisense,RP11-116O18.3|SLC14A1,,
rs112635802,18,52640969.0,None within 10kb,N/A,N/A,False,,,best_GxC_snps_creatinine_statins.txt,rs112635802,1.38276e-08,,,N/A,,,
rs79449710,18,59090675.0,CDH20,0,within,False,,,best_GxC_snps_creatinine_statins.txt,rs79449710,1.57792e-16,,,protein_coding,CDH20,,
rs9957062,18,63655622.0,None within 10kb,N/A,N/A,False,,,best_GxC_snps_creatinine_statins.txt,rs9957062,1.52943e-08,,,N/A,,,
rs11663087,18,66275772.0,None within 10kb,N/A,N/A,False,,,best_GxC_snps_creatinine_statins.txt,rs11663087,1.25431e-10,,,N/A,,,
rs76583601,18,72058258.0,FAUP1,726,downstream,False,,,best_GxC_snps_creatinine_statins.txt,rs76583601,2.54887e-08,,,pseudogene,FAUP1,,
rs147597059,18,73294793.0,None within 10kb,N/A,N/A,False,,,best_GxC_snps_creatinine_statins.txt,rs147597059,1.18886e-08,,,N/A,,,
rs11874188,18,74346279.0,RP11-111H3.3,0,within,False,,,best_GxC_snps_creatinine_statins.txt,rs11874188,2.94681e-09,,,lincRNA,RP11-111H3.3|LINC00683,,
rs117245628,18,76784650.0,None within 10kb,N/A,N/A,False,,,best_GxC_snps_creatinine_statins.txt,rs117245628,7.54096e-11,,,N/A,,,
rs114366518,19,1540714.0,PLK5,5259,downstream,False,,,best_GxC_snps_creatinine_statins.txt,rs114366518,2.83827e-08,,,protein_coding,PLK5,,
rs7249350,19,3762253.0,MRPL54,409,upstream,False,,,best_GxC_snps_creatinine_statins.txt,rs7249350,1.37906e-08,,,protein_coding,MRPL54|APBA3|AC005954.3|AC005954.4|RAX2,,
rs118060698,19,13401347.0,CACNA1A,0,within,False,,,best_GxC_snps_creatinine_statins.txt,rs118060698,4.1598e-09,,,protein_coding,CACNA1A,,
rs117625830,19,19184326.0,SLC25A42,0,within,False,,,best_GxC_snps_creatinine_statins.txt,rs117625830,7.75302e-13,,,protein_coding,SLC25A42,,
rs192426657,19,29339492.0,None within 10kb,N/A,N/A,False,,,best_GxC_snps_creatinine_statins.txt,rs192426657,1.49308e-09,,,N/A,,,
rs11669822,19,29635128.0,None within 10kb,N/A,N/A,False,,,best_GxC_snps_creatinine_statins.txt,rs11669822,2.53624e-08,,,N/A,,,
rs77118040,19,42222835.0,CEACAM5,0,within,False,,,best_GxC_snps_creatinine_statins.txt,rs77118040,4.55673e-08,,,protein_coding,CEACAM5|CEA,,
19:46285989_CAAG_C,,,Position unknown,N/A,N/A,False,,,best_GxC_snps_creatinine_statins.txt,19:46285989_CAAG_C,2.2347e-11,,,N/A,,,404 Client Error: Not Found. for url: https://myvariant.info/v1/variant/19:46285989_CAAG_C?fields=clinvar.rcv.clinical_significance%2Cclinvar.rcv.conditions.name%2Cclinvar.variant_id&assembly=hg19
rs144474252,19,47682540.0,SAE1,0,within,False,,,best_GxC_snps_creatinine_statins.txt,rs144474252,4.15292e-10,,,protein_coding,SAE1,,
rs2248949,19,50882169.0,NR1H2,0,within,False,,,best_GxC_snps_creatinine_statins.txt,rs2248949,3.9625e-09,,,protein_coding,NR1H2|POLD1|CTB-191K22.6,,
rs45554634,19,52003090.0,SIGLEC12,0,within,False,,,best_GxC_snps_creatinine_statins.txt,rs45554634,3.72048e-10,,,protein_coding,SIGLEC12|CTD-3073N11.7|SIGLEC27P|CEACAM18,,
rs139286441,20,7362974.0,None within 10kb,N/A,N/A,False,,,best_GxC_snps_creatinine_statins.txt,rs139286441,1.63702e-08,,,N/A,,,
rs112068702,20,7489721.0,None within 10kb,N/A,N/A,False,,,best_GxC_snps_creatinine_statins.txt,rs112068702,4.05896e-08,,,N/A,,,
rs6088176,20,31905387.0,BPIFB5P,0,within,False,,,best_GxC_snps_creatinine_statins.txt,rs6088176,6.522e-10,,,pseudogene,BPIFB5P|BPIFB1,,
rs113837463,20,34336087.0,RPF2P1,4649,upstream,False,,,best_GxC_snps_creatinine_statins.txt,rs113837463,5.86313e-11,,,pseudogene,RPF2P1|RBM39,,
rs73170890,20,55338085.0,None within 10kb,N/A,N/A,False,,,best_GxC_snps_creatinine_statins.txt,rs73170890,6.94519e-09,,,N/A,,,
rs6099703,20,56223061.0,PMEPA1,387,upstream,False,,,best_GxC_snps_creatinine_statins.txt,rs6099703,5.23117e-09,,,protein_coding,PMEPA1,,
rs115346469,20,60224963.0,CDH4,0,within,False,,,best_GxC_snps_creatinine_statins.txt,rs115346469,6.1119e-09,,,protein_coding,CDH4,,
rs4046567,21,15275534.0,SNX18P13,2747,upstream,False,,,best_GxC_snps_creatinine_statins.txt,rs4046567,1.23451e-08,,,pseudogene,SNX18P13|ANKRD20A11P,,
rs191863,21,18589808.0,NEK4P1,6143,downstream,False,,,best_GxC_snps_creatinine_statins.txt,rs191863,2.71491e-08,,,pseudogene,NEK4P1,,
rs73339414,21,24107977.0,None within 10kb,N/A,N/A,False,,,best_GxC_snps_creatinine_statins.txt,rs73339414,8.25265e-09,,,N/A,,,
rs138060234,21,24275975.0,None within 10kb,N/A,N/A,False,,,best_GxC_snps_creatinine_statins.txt,rs138060234,2.54684e-09,,,N/A,,,
rs9977026,21,37065073.0,RUNX1,0,within,False,,,best_GxC_snps_creatinine_statins.txt,rs9977026,1.46283e-10,,,protein_coding,RUNX1,,
rs140978654,21,40254937.0,AF064858.6,0,within,False,,,best_GxC_snps_creatinine_statins.txt,rs140978654,2.58194e-08,,,lincRNA,AF064858.6|AP001043.1,,
rs8127155,21,40525127.0,None within 10kb,N/A,N/A,False,,,best_GxC_snps_creatinine_statins.txt,rs8127155,4.99693e-08,,,N/A,,,
rs74719525,22,27143626.0,CTA-211A9.5,0,within,False,,,best_GxC_snps_creatinine_statins.txt,rs74719525,2.06765e-09,,,lincRNA,CTA-211A9.5,,
rs117573249,22,28831248.0,TTC28,0,within,False,,,best_GxC_snps_creatinine_statins.txt,rs117573249,7.46227e-11,,,protein_coding,TTC28,,
rs34320195,22,37262753.0,CTA-833B7.2,0,within,False,,,best_GxC_snps_creatinine_statins.txt,rs34320195,1.41794e-09,,,antisense,CTA-833B7.2|NCF4,,
rs117315686,22,44673393.0,KIAA1644,0,within,False,,,best_GxC_snps_creatinine_statins.txt,rs117315686,1.15651e-10,,,protein_coding,KIAA1644,,
rs139748626,22,50949407.0,NCAPH2,0,within,False,,,best_GxC_snps_creatinine_statins.txt,rs139748626,4.35006e-08,,,protein_coding,NCAPH2|LMF2,,
rs148366970,19,21963620.0,RP11-420K14.8,0,within,False,,,best_GxC_snps_monocyte_count_statins.txt,rs148366970,6.38633e-09,,,lincRNA,RP11-420K14.8,,
rs55730499,6,161005610.0,LPA,0,within,False,,,best_GxC_snps_triglycerides_statins.txt,rs55730499,2.05167e-10,,,protein_coding,LPA,,
rs174574,11,61600342.0,FADS2,0,within,False,,,best_GxC_snps_triglycerides_statins.txt,rs174574,6.8434e-11,,,protein_coding,FADS2|FADS1,,
rs12740374,1,109817590.0,CELSR2,0,within,True,association,Low density lipoprotein cholesterol level quantitative trait locus 6 (LDLCQ6),best_GxC_snps_apolipoprotein_b_0_sex.txt,rs12740374,4.24628e-09,,,protein_coding,CELSR2|PSRC1,7081.0,
rs72848053,6,36974793.0,FGD2,0,within,False,,,best_GxC_snps_apolipoprotein_b_0_sex.txt,rs72848053,2.58931e-08,,,protein_coding,FGD2,,
rs58542926,19,19379549.0,AC138430.4,0,within,False,,,best_GxC_snps_apolipoprotein_b_0_sex.txt,rs58542926,2.65927e-21,,,processed_transcript,AC138430.4|TM6SF2|HAPLN4|SUGP1,,
rs16996148,19,19658472.0,CILP2,1004,downstream,False,,,best_GxC_snps_apolipoprotein_b_0_sex.txt,rs16996148,2.50608e-15,,,protein_coding,CILP2,,
rs429358,19,45411941.0,APOE,0,within,True,risk factor|drug response|Likely pathogenic|Conflicting interpretations of pathogenicity; other; risk factor|Uncertain significance|not provided|Pathogenic/Established risk allele|association|Pathogenic,"Alzheimer disease 2 (AD2)|Warfarin response|Alzheimer disease|Familial hypercholesterolemia|not specified|Lipoprotein glomerulopathy (LPG)|APOE5 VARIANT|Alzheimer disease 4 (AD4)|Primary degenerative dementia of the Alzheimer type, presenile onset|not provided|Familial type 3 hyperlipoproteinemia|APOE4(-)-FREIBURG",best_GxC_snps_apolipoprotein_b_0_sex.txt,rs429358,4.37176e-12,,,protein_coding,APOE|TOMM40|APOC1,441269.0,
rs1065853,19,45413233.0,APOE,583,downstream,False,,,best_GxC_snps_apolipoprotein_b_0_sex.txt,rs1065853,1.3164400000000002e-26,,,protein_coding,APOE|APOC1|TOMM40,,
rs112343889,1,238116066.0,MTND5P18,1230,downstream,False,,,best_GxC_snps_arm_fat-free_mass_left_statins.txt,rs112343889,5.42499e-09,,,pseudogene,MTND5P18|MTND6P15|RP11-193H5.5|MTRNR2L11,,
rs34947693,2,11317756.0,PQLC3,0,within,False,,,best_GxC_snps_arm_fat-free_mass_left_statins.txt,rs34947693,4.62323e-08,,,protein_coding,PQLC3|ROCK2,,
rs74882377,2,28305413.0,BRE,0,within,False,,,best_GxC_snps_arm_fat-free_mass_left_statins.txt,rs74882377,1.06891e-08,,,protein_coding,BRE,,
rs11052455,12,9843170.0,CLEC2D,0,within,False,,,best_GxC_snps_arm_fat-free_mass_left_statins.txt,rs11052455,1.91296e-10,,,protein_coding,CLEC2D|RP11-75L1.2,,
rs183421879,15,33133208.0,FMN1,0,within,False,,,best_GxC_snps_arm_fat-free_mass_left_statins.txt,rs183421879,2.23156e-15,,,protein_coding,FMN1|RP11-758N13.3,,
rs117414017,15,33352471.0,FMN1,0,within,False,,,best_GxC_snps_arm_fat-free_mass_left_statins.txt,rs117414017,6.53513e-09,,,protein_coding,FMN1,,
rs35471880,1,881918.0,NOC2L,0,within,False,,,best_GxC_snps_cystatin_c_statins.txt,rs35471880,4.2672e-08,,,protein_coding,NOC2L|SAMD11,,
rs61780503,1,31522217.0,PUM1,0,within,False,,,best_GxC_snps_cystatin_c_statins.txt,rs61780503,4.295e-08,,,protein_coding,PUM1|RP11-201O14.2,,
rs77883160,1,52121900.0,OSBPL9,0,within,False,,,best_GxC_snps_cystatin_c_statins.txt,rs77883160,3.39887e-08,,,protein_coding,OSBPL9,,
rs149852872,1,99141839.0,SNX7,0,within,False,,,best_GxC_snps_cystatin_c_statins.txt,rs149852872,1.94947e-08,,,protein_coding,SNX7,,
rs189630147,1,100670077.0,DBT,0,within,False,,,best_GxC_snps_cystatin_c_statins.txt,rs189630147,8.18679e-09,,,protein_coding,DBT|RP11-305E17.7|BRI3P1,,
rs76308898,1,162010373.0,RP11-227F8.2,1016,downstream,False,,,best_GxC_snps_cystatin_c_statins.txt,rs76308898,1.90365e-08,,,lincRNA,RP11-227F8.2,,
rs111428027,1,222088216.0,RP11-815M8.1,0,within,False,,,best_GxC_snps_cystatin_c_statins.txt,rs111428027,3.64706e-08,,,lincRNA,RP11-815M8.1,,
rs116664951,1,239109773.0,None within 10kb,N/A,N/A,False,,,best_GxC_snps_cystatin_c_statins.txt,rs116664951,1.52839e-12,,,N/A,,,
rs7581677,2,388870.0,AC105393.1,0,within,False,,,best_GxC_snps_cystatin_c_statins.txt,rs7581677,3.17491e-08,,,lincRNA,AC105393.1,,
rs186899420,2,18496476.0,KCNS3,0,within,False,,,best_GxC_snps_cystatin_c_statins.txt,rs186899420,3.4281e-10,,,protein_coding,KCNS3,,
rs142035456,2,42470932.0,EML4,0,within,False,,,best_GxC_snps_cystatin_c_statins.txt,rs142035456,3.90726e-08,,,protein_coding,EML4,,
rs192945419,2,42775180.0,MTA3,0,within,False,,,best_GxC_snps_cystatin_c_statins.txt,rs192945419,1.82756e-08,,,protein_coding,MTA3,,
rs79953241,2,47477786.0,AC073283.4,0,within,False,,,best_GxC_snps_cystatin_c_statins.txt,rs79953241,3.51837e-10,,,lincRNA,AC073283.4,,
rs144796762,2,50721769.0,NRXN1,0,within,False,,,best_GxC_snps_cystatin_c_statins.txt,rs144796762,1.15159e-08,,,protein_coding,NRXN1,,
rs7583838,2,53836290.0,GPR75-ASB3,0,within,False,,,best_GxC_snps_cystatin_c_statins.txt,rs7583838,3.1098e-09,,,protein_coding,GPR75-ASB3,,
rs72813935,2,58712420.0,LINC01122,0,within,False,,,best_GxC_snps_cystatin_c_statins.txt,rs72813935,2.62585e-08,,,lincRNA,LINC01122,,
rs143357487,2,74210080.0,DGUOK-AS1,1512,downstream,False,,,best_GxC_snps_cystatin_c_statins.txt,rs143357487,3.32634e-09,,,antisense,DGUOK-AS1|AC073046.25|RP11-711M9.1,,
rs113447196,2,85638935.0,CAPG,0,within,False,,,best_GxC_snps_cystatin_c_statins.txt,rs113447196,4.53596e-11,,,protein_coding,CAPG|SH2D6,,
2:115940619_GCACACATGCA_G,,,Position unknown,N/A,N/A,False,,,best_GxC_snps_cystatin_c_statins.txt,2:115940619_GCACACATGCA_G,2.01105e-08,,,N/A,,,404 Client Error: Not Found. for url: https://myvariant.info/v1/variant/2:115940619_GCACACATGCA_G?fields=clinvar.rcv.clinical_significance%2Cclinvar.rcv.conditions.name%2Cclinvar.variant_id&assembly=hg19
rs116517678,3,8814143.0,CAV3,0,within,False,,,best_GxC_snps_cystatin_c_statins.txt,rs116517678,1.59908e-09,,,protein_coding,CAV3|hsa-mir-548ba|OXTR|RAD18,,
rs75894323,3,29906822.0,RBMS3,0,within,False,,,best_GxC_snps_cystatin_c_statins.txt,rs75894323,6.85904e-09,,,protein_coding,RBMS3,,
rs112801164,3,30273860.0,None within 10kb,N/A,N/A,False,,,best_GxC_snps_cystatin_c_statins.txt,rs112801164,6.02616e-10,,,N/A,,,
rs115525526,3,74523225.0,CNTN3,0,within,False,,,best_GxC_snps_cystatin_c_statins.txt,rs115525526,9.22526e-11,,,protein_coding,CNTN3,,
rs141320463,3,78195941.0,None within 10kb,N/A,N/A,False,,,best_GxC_snps_cystatin_c_statins.txt,rs141320463,4.61976e-11,,,N/A,,,
rs142495292,3,119755887.0,GSK3B,0,within,False,,,best_GxC_snps_cystatin_c_statins.txt,rs142495292,6.90287e-11,,,protein_coding,GSK3B|RP11-767L7.2|RP11-767L7.1,,
rs186678950,3,189143759.0,None within 10kb,N/A,N/A,False,,,best_GxC_snps_cystatin_c_statins.txt,rs186678950,1.89241e-08,,,N/A,,,
rs144876877,4,9790220.0,SLC2A9,0,within,False,,,best_GxC_snps_cystatin_c_statins.txt,rs144876877,4.44271e-09,,,protein_coding,SLC2A9|RNA5SP154|DRD5,,
rs143657299,4,19340741.0,RP11-3J1.1,0,within,False,,,best_GxC_snps_cystatin_c_statins.txt,rs143657299,3.21287e-11,,,lincRNA,RP11-3J1.1,,
rs114416888,4,20997560.0,KCNIP4,0,within,False,,,best_GxC_snps_cystatin_c_statins.txt,rs114416888,5.07017e-09,,,protein_coding,KCNIP4,,
rs73239343,4,36684247.0,None within 10kb,N/A,N/A,False,,,best_GxC_snps_cystatin_c_statins.txt,rs73239343,4.34001e-08,,,N/A,,,
rs76247318,4,63325323.0,None within 10kb,N/A,N/A,False,,,best_GxC_snps_cystatin_c_statins.txt,rs76247318,4.62745e-08,,,N/A,,,
rs10866136,4,64532234.0,None within 10kb,N/A,N/A,False,,,best_GxC_snps_cystatin_c_statins.txt,rs10866136,1.15462e-08,,,N/A,,,
rs76683104,4,139656075.0,None within 10kb,N/A,N/A,False,,,best_GxC_snps_cystatin_c_statins.txt,rs76683104,7.203e-09,,,N/A,,,
rs151226489,5,43581540.0,NNT-AS1,0,within,False,,,best_GxC_snps_cystatin_c_statins.txt,rs151226489,3.5064e-08,,,antisense,NNT-AS1|CTD-2210P15.2,,
rs79859092,5,96150510.0,CTD-2260A17.2,0,within,False,,,best_GxC_snps_cystatin_c_statins.txt,rs79859092,6.2352e-11,,,protein_coding,CTD-2260A17.2|ERAP1|CTD-2260A17.3,,
rs115296745,5,124958445.0,None within 10kb,N/A,N/A,False,,,best_GxC_snps_cystatin_c_statins.txt,rs115296745,5.83995e-11,,,N/A,,,
rs11743130,5,135559645.0,TRPC7,0,within,False,,,best_GxC_snps_cystatin_c_statins.txt,rs11743130,1.49295e-08,,,protein_coding,TRPC7|TRPC7-AS1,,
rs77457270,5,149709264.0,ARSI,0,within,False,,,best_GxC_snps_cystatin_c_statins.txt,rs77457270,6.28156e-09,,,protein_coding,ARSI,,
rs79146596,5,156119383.0,SGCD,0,within,False,,,best_GxC_snps_cystatin_c_statins.txt,rs79146596,1.59613e-08,,,protein_coding,SGCD,,
rs74501670,5,174134882.0,None within 10kb,N/A,N/A,False,,,best_GxC_snps_cystatin_c_statins.txt,rs74501670,7.76318e-09,,,N/A,,,
rs7757494,6,10850468.0,TMEM14B,0,within,False,,,best_GxC_snps_cystatin_c_statins.txt,rs7757494,1.39601e-09,,,protein_coding,TMEM14B|SYCP2L|RP11-637O19.3,,
rs7747220,6,19013357.0,None within 10kb,N/A,N/A,False,,,best_GxC_snps_cystatin_c_statins.txt,rs7747220,7.18194e-09,,,N/A,,,
rs116232405,6,19558294.0,RP1-167F1.2,0,within,False,,,best_GxC_snps_cystatin_c_statins.txt,rs116232405,2.28988e-08,,,antisense,RP1-167F1.2,,
rs7765353,6,27384602.0,MCFD2P1,8827,downstream,False,,,best_GxC_snps_cystatin_c_statins.txt,rs7765353,5.38853e-10,,,pseudogene,MCFD2P1|RP1-153G14.4,,
rs1264429,6,30565101.0,ABCF1,145,downstream,False,,,best_GxC_snps_cystatin_c_statins.txt,rs1264429,7.50644e-09,,,protein_coding,ABCF1|PPP1R10,,
rs9370027,6,51304633.0,None within 10kb,N/A,N/A,False,,,best_GxC_snps_cystatin_c_statins.txt,rs9370027,7.55834e-10,,,N/A,,,
rs79799947,6,143026115.0,None within 10kb,N/A,N/A,False,,,best_GxC_snps_cystatin_c_statins.txt,rs79799947,4.66008e-09,,,N/A,,,
rs193184345,7,3548194.0,SDK1,0,within,False,,,best_GxC_snps_cystatin_c_statins.txt,rs193184345,1.25163e-08,,,protein_coding,SDK1,,
rs191676161,7,3822724.0,SDK1,0,within,False,,,best_GxC_snps_cystatin_c_statins.txt,rs191676161,7.46053e-09,,,protein_coding,SDK1,,
rs17141893,7,19790873.0,TMEM196,0,within,False,,,best_GxC_snps_cystatin_c_statins.txt,rs17141893,8.52455e-09,,,protein_coding,TMEM196,,
rs12666009,7,25228411.0,AC004129.7,68,downstream,False,,,best_GxC_snps_cystatin_c_statins.txt,rs12666009,1.80716e-08,,,pseudogene,AC004129.7|C7orf31,,
rs185649286,7,44859995.0,PPIA,0,within,False,,,best_GxC_snps_cystatin_c_statins.txt,rs185649286,3.98458e-08,,,protein_coding,PPIA|H2AFV,,
rs12530739,7,78846831.0,MAGI2,0,within,False,,,best_GxC_snps_cystatin_c_statins.txt,rs12530739,1.30758e-09,,,protein_coding,MAGI2,,
rs17862217,7,90143280.0,CDK14,0,within,False,,,best_GxC_snps_cystatin_c_statins.txt,rs17862217,2.77793e-08,,,protein_coding,CDK14|CLDN12|CTB-13L3.1,,
rs77219352,7,95206690.0,PDK4,6121,upstream,False,,,best_GxC_snps_cystatin_c_statins.txt,rs77219352,4.56983e-08,,,protein_coding,PDK4,,
rs749478153,7,136739076.0,hsa-mir-490,0,within,False,,,best_GxC_snps_cystatin_c_statins.txt,rs749478153,1.37334e-09,,,antisense,hsa-mir-490,,404 Client Error: Not Found. for url: https://myvariant.info/v1/variant/rs749478153?fields=clinvar.rcv.clinical_significance%2Cclinvar.rcv.conditions.name%2Cclinvar.variant_id&assembly=hg19
rs75827649,8,55052263.0,MRPL15,0,within,False,,,best_GxC_snps_cystatin_c_statins.txt,rs75827649,2.41952e-08,,,protein_coding,MRPL15,,
rs116938738,8,75513135.0,RP11-758M4.1,0,within,False,,,best_GxC_snps_cystatin_c_statins.txt,rs116938738,5.29654e-10,,,protein_coding,RP11-758M4.1|RP11-730G20.2|RP11-730G20.1,,
rs77808330,8,101615160.0,SNX31,0,within,False,,,best_GxC_snps_cystatin_c_statins.txt,rs77808330,2.62709e-08,,,protein_coding,SNX31,,
rs79918005,8,138371648.0,None within 10kb,N/A,N/A,False,,,best_GxC_snps_cystatin_c_statins.txt,rs79918005,1.23386e-08,,,N/A,,,
rs75238113,9,12413334.0,None within 10kb,N/A,N/A,False,,,best_GxC_snps_cystatin_c_statins.txt,rs75238113,1.79714e-08,,,N/A,,,
rs34778324,9,32987594.0,APTX,0,within,True,Benign|Benign/Likely benign,"not provided|Ataxia, early-onset, with oculomotor apraxia and hypoalbuminemia (EAOH)|not specified",best_GxC_snps_cystatin_c_statins.txt,rs34778324,2.11037e-08,,,protein_coding,APTX|TCEA1P4,136414.0,
rs11140524,9,86935701.0,SLC28A3,0,within,False,,,best_GxC_snps_cystatin_c_statins.txt,rs11140524,1.99178e-08,,,protein_coding,SLC28A3,,
rs79779234,9,112546223.0,PALM2,0,within,False,,,best_GxC_snps_cystatin_c_statins.txt,rs79779234,9.29025e-10,,,protein_coding,PALM2|PALM2-AKAP2|AKAP2,,
rs79653069,9,138901990.0,NACC2,0,within,False,,,best_GxC_snps_cystatin_c_statins.txt,rs79653069,8.39801e-09,,,protein_coding,NACC2,,
rs74379289,10,6244885.0,PFKFB3,0,within,False,,,best_GxC_snps_cystatin_c_statins.txt,rs74379289,1.72052e-08,,,protein_coding,PFKFB3|RP11-414H17.5,,
rs78296982,10,10009246.0,None within 10kb,N/A,N/A,False,,,best_GxC_snps_cystatin_c_statins.txt,rs78296982,1.20044e-08,,,N/A,,,
rs146646157,10,13246038.0,MCM10,0,within,False,,,best_GxC_snps_cystatin_c_statins.txt,rs146646157,1.44522e-08,,,protein_coding,MCM10,,
rs77059741,10,50373738.0,C10orf128,0,within,False,,,best_GxC_snps_cystatin_c_statins.txt,rs77059741,6.44512e-09,,,protein_coding,C10orf128,,
rs10887752,10,89526348.0,ATAD1,0,within,False,,,best_GxC_snps_cystatin_c_statins.txt,rs10887752,2.01001e-08,,,protein_coding,ATAD1,,
rs12778970,10,110530702.0,RP11-655H13.2,0,within,False,,,best_GxC_snps_cystatin_c_statins.txt,rs12778970,3.23129e-08,,,lincRNA,RP11-655H13.2,,
rs182852674,11,6876658.0,OR10A5,8722,downstream,False,,,best_GxC_snps_cystatin_c_statins.txt,rs182852674,2.65497e-08,,,protein_coding,OR10A5,,
rs117753203,11,77676132.0,INTS4,0,within,False,,,best_GxC_snps_cystatin_c_statins.txt,rs117753203,2.47702e-11,,,protein_coding,INTS4,,
rs147526880,11,78092520.0,RP11-452H21.1,0,within,False,,,best_GxC_snps_cystatin_c_statins.txt,rs147526880,2.71173e-08,,,antisense,RP11-452H21.1|GAB2|RP11-452H21.2,,
rs74332668,11,78170439.0,NARS2,0,within,False,,,best_GxC_snps_cystatin_c_statins.txt,rs74332668,2.10356e-09,,,protein_coding,NARS2,,
rs881956,12,3293491.0,TSPAN9,0,within,False,,,best_GxC_snps_cystatin_c_statins.txt,rs881956,6.00945e-09,,,protein_coding,TSPAN9,,
rs10845733,12,13427728.0,None within 10kb,N/A,N/A,False,,,best_GxC_snps_cystatin_c_statins.txt,rs10845733,2.70758e-09,,,N/A,,,
rs150184648,12,45222417.0,NELL2,0,within,False,,,best_GxC_snps_cystatin_c_statins.txt,rs150184648,2.73056e-08,,,protein_coding,NELL2,,
rs12721376,12,48283693.0,RP11-89H19.1,0,within,False,,,best_GxC_snps_cystatin_c_statins.txt,rs12721376,8.29582e-09,,,antisense,RP11-89H19.1|VDR,,
rs116848097,12,49922824.0,SPATS2,1619,downstream,False,,,best_GxC_snps_cystatin_c_statins.txt,rs116848097,1.13149e-10,,,protein_coding,SPATS2,,
rs11169919,12,52224863.0,RP11-923I11.4,0,within,False,,,best_GxC_snps_cystatin_c_statins.txt,rs11169919,1.9258e-10,,,lincRNA,RP11-923I11.4|RP11-923I11.7,,
rs17192030,12,90090397.0,ATP2B1,0,within,False,,,best_GxC_snps_cystatin_c_statins.txt,rs17192030,2.31138e-09,,,protein_coding,ATP2B1,,
12:99114754_GA_G,,,Position unknown,N/A,N/A,False,,,best_GxC_snps_cystatin_c_statins.txt,12:99114754_GA_G,2.04296e-08,,,N/A,,,404 Client Error: Not Found. for url: https://myvariant.info/v1/variant/12:99114754_GA_G?fields=clinvar.rcv.clinical_significance%2Cclinvar.rcv.conditions.name%2Cclinvar.variant_id&assembly=hg19
rs113115780,12,103508134.0,RP11-328J6.1,0,within,False,,,best_GxC_snps_cystatin_c_statins.txt,rs113115780,3.47572e-09,,,antisense,RP11-328J6.1|RNU7-184P,,
rs111411011,12,113526951.0,DTX1,0,within,False,,,best_GxC_snps_cystatin_c_statins.txt,rs111411011,8.46806e-09,,,protein_coding,DTX1|RASAL1,,
rs144189193,12,130545131.0,RP11-474D1.2,9739,upstream,False,,,best_GxC_snps_cystatin_c_statins.txt,rs144189193,2.83112e-08,,,lincRNA,RP11-474D1.2,,
rs77252514,13,22458709.0,LINC00424,9004,downstream,False,,,best_GxC_snps_cystatin_c_statins.txt,rs77252514,2.51901e-08,,,processed_transcript,LINC00424,,
rs9318572,13,79238213.0,AL139319.1,1760,upstream,False,,,best_GxC_snps_cystatin_c_statins.txt,rs9318572,9.51059e-09,,,miRNA,AL139319.1|RNF219,,
rs8000285,13,113495397.0,ATP11A,0,within,False,,,best_GxC_snps_cystatin_c_statins.txt,rs8000285,5.48001e-09,,,protein_coding,ATP11A,,
rs201455271,13,113885262.0,CUL4A,0,within,False,,,best_GxC_snps_cystatin_c_statins.txt,rs201455271,1.28401e-08,,,protein_coding,CUL4A,,
rs117652559,14,29134290.0,BTF3P2,8157,upstream,False,,,best_GxC_snps_cystatin_c_statins.txt,rs117652559,1.21763e-08,,,pseudogene,BTF3P2,,
rs34375558,14,63774145.0,GPHB5,5404,upstream,False,,,best_GxC_snps_cystatin_c_statins.txt,rs34375558,8.05301e-09,,,processed_transcript,GPHB5|RP11-696D21.2,,
rs72703125,15,29797245.0,FAM189A1,0,within,False,,,best_GxC_snps_cystatin_c_statins.txt,rs72703125,7.21383e-09,,,protein_coding,FAM189A1,,
rs12915540,15,66459053.0,MEGF11,0,within,False,,,best_GxC_snps_cystatin_c_statins.txt,rs12915540,6.39177e-09,,,protein_coding,MEGF11,,
rs1549270,16,27947892.0,GSG1L,0,within,False,,,best_GxC_snps_cystatin_c_statins.txt,rs1549270,3.04768e-08,,,protein_coding,GSG1L,,
rs117378813,16,30884458.0,BCL7C,0,within,False,,,best_GxC_snps_cystatin_c_statins.txt,rs117378813,2.14061e-08,,,protein_coding,BCL7C|MIR4519|MIR4519|AC106782.20,,
rs184753844,17,3015220.0,OR1E3,4497,upstream,False,,,best_GxC_snps_cystatin_c_statins.txt,rs184753844,8.40877e-09,,,pseudogene,OR1E3,,
rs117185161,18,63955.0,RP11-683L23.1,0,within,False,,,best_GxC_snps_cystatin_c_statins.txt,rs117185161,1.9345e-09,,,protein_coding,RP11-683L23.1,,
rs111446891,18,578471.0,CETN1,1896,upstream,False,,,best_GxC_snps_cystatin_c_statins.txt,rs111446891,8.75053e-10,,,protein_coding,CETN1|RN7SKP146,,
rs142220488,18,11145903.0,PIEZO2,0,within,False,,,best_GxC_snps_cystatin_c_statins.txt,rs142220488,3.91819e-09,,,protein_coding,PIEZO2,,
rs141411292,18,38113525.0,None within 10kb,N/A,N/A,False,,,best_GxC_snps_cystatin_c_statins.txt,rs141411292,6.8325e-09,,,N/A,,,
rs62093285,18,49252189.0,None within 10kb,N/A,N/A,False,,,best_GxC_snps_cystatin_c_statins.txt,rs62093285,3.35373e-09,,,N/A,,,
rs77904124,18,59051654.0,CDH20,0,within,False,,,best_GxC_snps_cystatin_c_statins.txt,rs77904124,3.86231e-12,,,protein_coding,CDH20|RNU6-116P,,
rs147024374,18,64830074.0,None within 10kb,N/A,N/A,False,,,best_GxC_snps_cystatin_c_statins.txt,rs147024374,7.57649e-09,,,N/A,,,
rs11669822,19,29635128.0,None within 10kb,N/A,N/A,False,,,best_GxC_snps_cystatin_c_statins.txt,rs11669822,3.03959e-08,,,N/A,,,
rs3745450,19,55996939.0,NAT14,0,within,False,,,best_GxC_snps_cystatin_c_statins.txt,rs3745450,1.13213e-08,,,protein_coding,NAT14|ZNF628|SSC5D|CTD-2537I9.16,,
rs117004316,20,10161787.0,SNAP25-AS1,0,within,False,,,best_GxC_snps_cystatin_c_statins.txt,rs117004316,2.88276e-08,,,antisense,SNAP25-AS1|RP11-416N4.4|RP11-416N4.1,,
rs147781872,20,18115267.0,PET117,3250,upstream,False,,,best_GxC_snps_cystatin_c_statins.txt,rs147781872,1.80851e-08,,,protein_coding,PET117|CSRP2BP,,
rs6036474,20,23604414.0,CST3,4120,upstream,False,,,best_GxC_snps_cystatin_c_statins.txt,rs6036474,2.82089e-09,,,protein_coding,CST3|RP11-218C14.8,,
rs78311011,20,36071114.0,RPL7AP14,2021,upstream,False,,,best_GxC_snps_cystatin_c_statins.txt,rs78311011,7.27673e-10,,,pseudogene,RPL7AP14,,
rs4046567,21,15275534.0,SNX18P13,2747,upstream,False,,,best_GxC_snps_cystatin_c_statins.txt,rs4046567,2.73284e-09,,,pseudogene,SNX18P13|ANKRD20A11P,,
rs138060234,21,24275975.0,None within 10kb,N/A,N/A,False,,,best_GxC_snps_cystatin_c_statins.txt,rs138060234,2.81691e-08,,,N/A,,,
rs142427891,21,41568543.0,DSCAM,0,within,False,,,best_GxC_snps_cystatin_c_statins.txt,rs142427891,3.24425e-09,,,protein_coding,DSCAM,,404 Client Error: Not Found. for url: https://myvariant.info/v1/variant/rs142427891?fields=clinvar.rcv.clinical_significance%2Cclinvar.rcv.conditions.name%2Cclinvar.variant_id&assembly=hg19
rs4920107,21,43882553.0,None within 10kb,N/A,N/A,False,,,best_GxC_snps_cystatin_c_statins.txt,rs4920107,2.06875e-08,,,N/A,,,
rs58403526,21,46074091.0,TSPEAR,0,within,False,,,best_GxC_snps_cystatin_c_statins.txt,rs58403526,1.54849e-09,,,protein_coding,TSPEAR|KRTAP12-4|KRTAP12-3|KRTAP10-11,,
rs7671110,4,17874089.0,LCORL,0,within,False,,,best_GxC_snps_arm_fat-free_mass_left_sex.txt,rs7671110,2.01037e-08,,,protein_coding,LCORL,,
rs9357174,6,34181995.0,CYCSP55,5221,upstream,False,,,best_GxC_snps_arm_fat-free_mass_left_sex.txt,rs9357174,2.50053e-08,,,pseudogene,CYCSP55,,
rs41284816,13,50655989.0,DLEU2,0,within,False,,,best_GxC_snps_arm_fat-free_mass_left_sex.txt,rs41284816,4.7932e-09,,,processed_transcript,DLEU2|DLEU1,,
rs6088528,20,33156742.0,PIGU,0,within,False,,,best_GxC_snps_arm_fat-free_mass_left_sex.txt,rs6088528,2.05705e-08,,,protein_coding,PIGU|MAP1LC3A,,
rs6088618,20,33409350.0,NCOA6,0,within,False,,,best_GxC_snps_arm_fat-free_mass_left_sex.txt,rs6088618,4.95805e-08,,,protein_coding,NCOA6,,
rs143384,20,34025756.0,GDF5,0,within,False,,,best_GxC_snps_arm_fat-free_mass_left_sex.txt,rs143384,2.11179e-15,,,protein_coding,GDF5|GDF5OS,,
rs59788381,20,34312232.0,RBM39,0,within,False,,,best_GxC_snps_arm_fat-free_mass_left_sex.txt,rs59788381,4.3614e-13,,,protein_coding,RBM39|snoU13,,
rs6060750,20,34596371.0,CNBD2,0,within,False,,,best_GxC_snps_arm_fat-free_mass_left_sex.txt,rs6060750,6.10242e-10,,,protein_coding,CNBD2,,
rs2925979,16,81534790.0,CMIP,0,within,False,,,best_GxC_snps_apolipoprotein_a_sex.txt,rs2925979,3.03279e-09,,,protein_coding,CMIP,,
rs72703125,15,29797245.0,FAM189A1,0,within,False,,,best_GxC_snps_creatinine_sex.txt,rs72703125,1.76223e-08,,,protein_coding,FAM189A1,,
rs12916913,15,45503010.0,SNORA11,3636,upstream,False,,,best_GxC_snps_creatinine_sex.txt,rs12916913,6.09905e-09,,,lincRNA,SNORA11|CTD-2651B20.2|SHF,,
rs1145077,15,45683795.0,GATM,0,within,False,,,best_GxC_snps_creatinine_sex.txt,rs1145077,1.02929e-12,,,protein_coding,GATM,,
rs62059839,17,7533015.0,SHBG,0,within,False,,,best_GxC_snps_testosterone_statins.txt,rs62059839,3.14454e-13,,,protein_coding,SHBG|SAT2,,
rs11591147,1,55505647.0,PCSK9,0,within,False,,,best_GxC_snps_cholesterol_age.txt,rs11591147,6.6486e-09,,,protein_coding,PCSK9,,
rs12740374,1,109817590.0,CELSR2,0,within,True,association,Low density lipoprotein cholesterol level quantitative trait locus 6 (LDLCQ6),best_GxC_snps_cholesterol_age.txt,rs12740374,7.71032e-10,,,protein_coding,CELSR2|PSRC1,7081.0,
rs6511720,19,11202306.0,LDLR,0,within,True,Benign,"Hypercholesterolemia, familial, 1|Familial hypercholesterolemia",best_GxC_snps_cholesterol_age.txt,rs6511720,3.12854e-15,,,protein_coding,LDLR,250988.0,
rs429358,19,45411941.0,APOE,0,within,True,risk factor|drug response|Likely pathogenic|Conflicting interpretations of pathogenicity; other; risk factor|Uncertain significance|not provided|Pathogenic/Established risk allele|association|Pathogenic,"Alzheimer disease 2 (AD2)|Warfarin response|Alzheimer disease|Familial hypercholesterolemia|not specified|Lipoprotein glomerulopathy (LPG)|APOE5 VARIANT|Alzheimer disease 4 (AD4)|Primary degenerative dementia of the Alzheimer type, presenile onset|not provided|Familial type 3 hyperlipoproteinemia|APOE4(-)-FREIBURG",best_GxC_snps_cholesterol_age.txt,rs429358,5.33411e-13,,,protein_coding,APOE|TOMM40|APOC1,441269.0,
rs7412,19,45412079.0,APOE,0,within,True,drug response|Uncertain significance|no classifications from unflagged records|Likely benign; other; risk factor|Benign|Pathogenic,Warfarin response|atorvastatin response - Efficacy|not specified|not provided|Hyperlipoproteinemia due to APOE1|Familial type 3 hyperlipoproteinemia|Hypercholesterolemia,best_GxC_snps_cholesterol_age.txt,rs7412,1.38939e-17,,,protein_coding,APOE|TOMM40|APOC1,441265.0,
rs12740374,1,109817590.0,CELSR2,0,within,True,association,Low density lipoprotein cholesterol level quantitative trait locus 6 (LDLCQ6),best_GxC_snps_apolipoprotein_b_0_statins.txt,rs12740374,1.12696e-13,,,protein_coding,CELSR2|PSRC1,7081.0,
rs174564,11,61588305.0,FADS2,0,within,False,,,best_GxC_snps_apolipoprotein_b_0_statins.txt,rs174564,1.58091e-12,,,protein_coding,FADS2|FADS1|MIR1908,,
rs73015024,19,11197598.0,LDLR,2440,upstream,False,,,best_GxC_snps_apolipoprotein_b_0_statins.txt,rs73015024,2.1023e-08,,,protein_coding,LDLR,,
rs1047891,2,211540507.0,CPS1,0,within,True,Benign|risk factor,"Pulmonary hypertension, neonatal, susceptibility to (PHN)|not specified|Congenital hyperammonemia, type I|not provided|CARBAMOYL PHOSPHATE SYNTHETASE I POLYMORPHISM",best_GxC_snps_platelet_volume_sex.txt,rs1047891,4.58186e-14,,,protein_coding,CPS1,128852.0,
rs7961894,12,122365583.0,WDR66,0,within,False,,,best_GxC_snps_platelet_volume_sex.txt,rs7961894,1.96585e-17,,,protein_coding,WDR66|RP11-87C12.2|PSMD9,,
rs141297024,10,58063244.0,None within 10kb,N/A,N/A,False,,,best_GxC_snps_basophill_count_statins.txt,rs141297024,2.70075e-08,,,N/A,,,
rs9933330,16,20366810.0,UMOD,0,within,False,,,best_GxC_snps_cystatin_c_age.txt,rs9933330,1.5882300000000001e-18,,,protein_coding,UMOD|PDILT,,
rs6036474,20,23604414.0,CST3,4120,upstream,False,,,best_GxC_snps_cystatin_c_age.txt,rs6036474,9.44016e-09,,,protein_coding,CST3|RP11-218C14.8,,
rs1047891,2,211540507.0,CPS1,0,within,True,Benign|risk factor,"Pulmonary hypertension, neonatal, susceptibility to (PHN)|not specified|Congenital hyperammonemia, type I|not provided|CARBAMOYL PHOSPHATE SYNTHETASE I POLYMORPHISM",best_GxC_snps_urate_sex.txt,rs1047891,8.85506e-09,,,protein_coding,CPS1,128852.0,
rs11734220,4,9634271.0,None within 10kb,N/A,N/A,False,,,best_GxC_snps_urate_sex.txt,rs11734220,2.23606e-11,,,N/A,,,
rs148317100,4,9809224.0,SLC2A9,0,within,False,,,best_GxC_snps_urate_sex.txt,rs148317100,3.8817e-09,,,protein_coding,SLC2A9,,
rs73223788,4,9828502.0,SLC2A9,0,within,True,Benign,not provided,best_GxC_snps_urate_sex.txt,rs73223788,1.16011e-14,,,protein_coding,SLC2A9,1287628.0,
rs188796369,4,9854038.0,SLC2A9,0,within,False,,,best_GxC_snps_urate_sex.txt,rs188796369,9.06295e-43,,,protein_coding,SLC2A9,,
rs11731759,4,9872456.0,SLC2A9,0,within,False,,,best_GxC_snps_urate_sex.txt,rs11731759,9.5219e-15,,,protein_coding,SLC2A9,,
rs75181558,4,9916133.0,SLC2A9,0,within,False,,,best_GxC_snps_urate_sex.txt,rs75181558,2.37936e-16,,,protein_coding,SLC2A9|RP13-560N11.1,,
rs34213329,4,9917484.0,SLC2A9,0,within,False,,,best_GxC_snps_urate_sex.txt,rs34213329,2.48994e-16,,,protein_coding,SLC2A9|RP13-560N11.1,,
rs73225891,4,9922170.0,SLC2A9,0,within,True,Benign,"not provided|Hypouricemia, renal, 2",best_GxC_snps_urate_sex.txt,rs73225891,3.59761e-09,,,protein_coding,SLC2A9|RP13-560N11.1,350217.0,
rs7675964,4,9941434.0,SLC2A9,0,within,False,,,best_GxC_snps_urate_sex.txt,rs7675964,2.5316299999999997e-194,,,protein_coding,SLC2A9,,
rs112430423,4,10026036.0,SLC2A9,0,within,False,,,best_GxC_snps_urate_sex.txt,rs112430423,1.50819e-09,,,protein_coding,SLC2A9,,
rs148269664,4,10051246.0,SLC2A9,0,within,False,,,best_GxC_snps_urate_sex.txt,rs148269664,1.8134300000000003e-18,,,protein_coding,SLC2A9,,
rs7663448,4,10054787.0,SLC2A9,0,within,False,,,best_GxC_snps_urate_sex.txt,rs7663448,1.4764399999999998e-79,,,protein_coding,SLC2A9,,
rs117367828,4,10073371.0,RP11-448G15.3,0,within,False,,,best_GxC_snps_urate_sex.txt,rs117367828,1.26014e-16,,,sense_overlapping,RP11-448G15.3|WDR1|MIR3138,,
rs78126175,4,10124724.0,WDR1,6151,downstream,False,,,best_GxC_snps_urate_sex.txt,rs78126175,3.22993e-09,,,protein_coding,WDR1|RNA5SP155,,
rs10009765,4,10135421.0,RP11-480G3.1,9570,upstream,False,,,best_GxC_snps_urate_sex.txt,rs10009765,1.07077e-21,,,pseudogene,RP11-480G3.1,,
rs6814532,4,10154554.0,RP11-480G3.1,9275,downstream,False,,,best_GxC_snps_urate_sex.txt,rs6814532,1.55334e-37,,,pseudogene,RP11-480G3.1,,
rs11727128,4,10194891.0,AC006499.6,6556,upstream,False,,,best_GxC_snps_urate_sex.txt,rs11727128,9.07956e-10,,,pseudogene,AC006499.6,,
rs78917351,4,10208063.0,AC006499.6,5767,downstream,False,,,best_GxC_snps_urate_sex.txt,rs78917351,2.80023e-150,,,pseudogene,AC006499.6,,
rs76696560,4,10209873.0,AC006499.6,7577,downstream,False,,,best_GxC_snps_urate_sex.txt,rs76696560,9.82348e-18,,,pseudogene,AC006499.6,,
rs147728992,4,10286379.0,AC006499.3,206,upstream,False,,,best_GxC_snps_urate_sex.txt,rs147728992,3.62502e-08,,,pseudogene,AC006499.3|AC006499.2|AC006499.1,,
rs17477449,4,10313388.0,None within 10kb,N/A,N/A,False,,,best_GxC_snps_urate_sex.txt,rs17477449,2.67632e-11,,,N/A,,,
rs74453475,4,10331887.0,None within 10kb,N/A,N/A,False,,,best_GxC_snps_urate_sex.txt,rs74453475,8.86985e-16,,,N/A,,,
rs188503477,4,10334822.0,None within 10kb,N/A,N/A,False,,,best_GxC_snps_urate_sex.txt,rs188503477,4.78314e-10,,,N/A,,,
rs17420513,4,10350975.0,None within 10kb,N/A,N/A,False,,,best_GxC_snps_urate_sex.txt,rs17420513,1.0424e-61,,,N/A,,,
rs75095723,4,10352130.0,None within 10kb,N/A,N/A,False,,,best_GxC_snps_urate_sex.txt,rs75095723,6.46885e-11,,,N/A,,,
rs73224468,4,10388708.0,None within 10kb,N/A,N/A,False,,,best_GxC_snps_urate_sex.txt,rs73224468,6.47416e-16,,,N/A,,,
rs79896211,4,10431132.0,None within 10kb,N/A,N/A,False,,,best_GxC_snps_urate_sex.txt,rs79896211,1.91722e-09,,,N/A,,,
rs2012249,4,10521158.0,CLNK,0,within,False,,,best_GxC_snps_urate_sex.txt,rs2012249,1.12958e-12,,,protein_coding,CLNK,,
rs75686099,4,10547424.0,CLNK,0,within,False,,,best_GxC_snps_urate_sex.txt,rs75686099,8.62283e-09,,,protein_coding,CLNK,,
rs45499402,4,89043634.0,ABCG2,0,within,False,,,best_GxC_snps_urate_sex.txt,rs45499402,2.1001800000000003e-18,,,protein_coding,ABCG2,,
rs1976391,2,234665983.0,UGT1A8,0,within,False,,,best_GxC_snps_bilirubin_0_age.txt,rs1976391,6.9107600000000005e-28,,,protein_coding,UGT1A8|UGT1A10|UGT1A9|UGT1A7|UGT1A6|UGT1A5|UGT1A4|UGT1A3|AC114812.5|UGT1A1|AC114812.10|UGT1A2P,,
rs148982377,7,99075038.0,ZNF789,0,within,False,,,best_GxC_snps_testosterone_0_age.txt,rs148982377,1.65311e-12,,,protein_coding,ZNF789|ZNF394,,
rs45446698,7,99332948.0,CYP3A7,129,downstream,False,,,best_GxC_snps_testosterone_0_age.txt,rs45446698,2.00556e-14,,,protein_coding,CYP3A7,,
rs1260326,2,27730940.0,GCKR,0,within,False,,,best_GxC_snps_arm_fat-free_mass_avg_sex.txt,rs1260326,4.45858e-08,,,protein_coding,GCKR,,
rs9357174,6,34181995.0,CYCSP55,5221,upstream,False,,,best_GxC_snps_arm_fat-free_mass_avg_sex.txt,rs9357174,3.80491e-08,,,pseudogene,CYCSP55,,
rs2373962,7,150680977.0,KCNH2,5574,downstream,False,,,best_GxC_snps_arm_fat-free_mass_avg_sex.txt,rs2373962,2.07275e-08,,,protein_coding,KCNH2|NOS3,,
rs41284816,13,50655989.0,DLEU2,0,within,False,,,best_GxC_snps_arm_fat-free_mass_avg_sex.txt,rs41284816,1.2833e-08,,,processed_transcript,DLEU2|DLEU1,,
rs1421085,16,53800954.0,FTO,0,within,True,risk factor,"OBESITY (BMIQ14), SUSCEPTIBILITY TO",best_GxC_snps_arm_fat-free_mass_avg_sex.txt,rs1421085,7.27931e-10,,,protein_coding,FTO,217824.0,
rs143384,20,34025756.0,GDF5,0,within,False,,,best_GxC_snps_arm_fat-free_mass_avg_sex.txt,rs143384,2.46842e-15,,,protein_coding,GDF5|GDF5OS,,
rs59788381,20,34312232.0,RBM39,0,within,False,,,best_GxC_snps_arm_fat-free_mass_avg_sex.txt,rs59788381,1.92121e-13,,,protein_coding,RBM39|snoU13,,
rs6060750,20,34596371.0,CNBD2,0,within,False,,,best_GxC_snps_arm_fat-free_mass_avg_sex.txt,rs6060750,5.46293e-10,,,protein_coding,CNBD2,,
rs4646272,6,160551093.0,SLC22A1,0,within,False,,,best_GxC_snps_lipoprotein_a_0_sex.txt,rs4646272,9.4904e-10,,,protein_coding,SLC22A1,,
rs139609547,6,160899050.0,LPAL2,0,within,False,,,best_GxC_snps_lipoprotein_a_0_sex.txt,rs139609547,2.98557e-08,,,pseudogene,LPAL2,,
rs41272078,6,161010150.0,LPA,0,within,False,,,best_GxC_snps_lipoprotein_a_0_sex.txt,rs41272078,1.23857e-10,,,protein_coding,LPA,,
rs7770628,6,161018174.0,LPA,0,within,False,,,best_GxC_snps_lipoprotein_a_0_sex.txt,rs7770628,4.25603e-18,,,protein_coding,LPA,,
rs80145669,6,161022495.0,LPA,0,within,False,,,best_GxC_snps_lipoprotein_a_0_sex.txt,rs80145669,9.22662e-09,,,protein_coding,LPA,,
rs62436729,6,161210806.0,None within 10kb,N/A,N/A,False,,,best_GxC_snps_lipoprotein_a_0_sex.txt,rs62436729,4.47622e-11,,,N/A,,,
rs1106270,1,3327549.0,PRDM16,0,within,False,,,best_GxC_snps_glucose_statins.txt,rs1106270,3.39122e-08,,,protein_coding,PRDM16,,
rs74365100,1,63282546.0,ATG4C,0,within,False,,,best_GxC_snps_glucose_statins.txt,rs74365100,5.13417e-09,,,protein_coding,ATG4C,,
rs7517746,1,75316587.0,None within 10kb,N/A,N/A,False,,,best_GxC_snps_glucose_statins.txt,rs7517746,2.48786e-08,,,N/A,,,
rs116826882,1,77321451.0,None within 10kb,N/A,N/A,False,,,best_GxC_snps_glucose_statins.txt,rs116826882,1.03009e-08,,,N/A,,,
rs114632915,1,88249156.0,None within 10kb,N/A,N/A,False,,,best_GxC_snps_glucose_statins.txt,rs114632915,2.44684e-08,,,N/A,,,
rs2802031,1,90339669.0,RP11-302M6.4,0,within,False,,,best_GxC_snps_glucose_statins.txt,rs2802031,3.29864e-10,,,protein_coding,RP11-302M6.4|LRRC8D,,
rs12046215,1,94865916.0,RP11-366L18.1,6035,upstream,False,,,best_GxC_snps_glucose_statins.txt,rs12046215,2.66274e-10,,,pseudogene,RP11-366L18.1,,
rs143898943,1,96630089.0,None within 10kb,N/A,N/A,False,,,best_GxC_snps_glucose_statins.txt,rs143898943,1.26844e-08,,,N/A,,,
rs114333699,1,98156606.0,DPYD,0,within,False,,,best_GxC_snps_glucose_statins.txt,rs114333699,3.21103e-08,,,protein_coding,DPYD,,
rs116319667,1,98465840.0,MIR137HG,0,within,False,,,best_GxC_snps_glucose_statins.txt,rs116319667,1.48466e-09,,,lincRNA,MIR137HG,,
rs115939277,1,101875402.0,None within 10kb,N/A,N/A,False,,,best_GxC_snps_glucose_statins.txt,rs115939277,1.15124e-08,,,N/A,,,
rs148037814,1,107118702.0,None within 10kb,N/A,N/A,False,,,best_GxC_snps_glucose_statins.txt,rs148037814,1.47348e-10,,,N/A,,,
rs4462174,1,107857586.0,NTNG1,0,within,False,,,best_GxC_snps_glucose_statins.txt,rs4462174,1.14586e-09,,,protein_coding,NTNG1,,
rs599839,1,109822166.0,PSRC1,12,upstream,False,,,best_GxC_snps_glucose_statins.txt,rs599839,1.50139e-08,,,protein_coding,PSRC1|CELSR2,,
rs116516789,1,114485917.0,HIPK1,0,within,False,,,best_GxC_snps_glucose_statins.txt,rs116516789,4.40587e-08,,,protein_coding,HIPK1,,
rs1414272,1,117115868.0,IGSF3,1163,upstream,False,,,best_GxC_snps_glucose_statins.txt,rs1414272,2.39131e-09,,,protein_coding,IGSF3|CD58,,
rs943139,1,153163377.0,RP1-140J1.1,0,within,False,,,best_GxC_snps_glucose_statins.txt,rs943139,8.91754e-09,,,lincRNA,RP1-140J1.1,,
rs34172230,1,155586780.0,RP11-29H23.5,0,within,False,,,best_GxC_snps_glucose_statins.txt,rs34172230,2.135e-08,,,pseudogene,RP11-29H23.5|MSTO2P|MSTO1|RP11-29H23.4,,
rs115617321,1,156214733.0,PAQR6,0,within,False,,,best_GxC_snps_glucose_statins.txt,rs115617321,1.3163e-08,,,protein_coding,PAQR6|PMF1-BGLAP|BGLAP|PMF1|SMG5,,
rs10908696,1,158890247.0,None within 10kb,N/A,N/A,False,,,best_GxC_snps_glucose_statins.txt,rs10908696,6.73675e-09,,,N/A,,,
rs11806933,1,164421385.0,None within 10kb,N/A,N/A,False,,,best_GxC_snps_glucose_statins.txt,rs11806933,3.76439e-10,,,N/A,,,
rs12136645,1,167913302.0,DCAF6,0,within,False,,,best_GxC_snps_glucose_statins.txt,rs12136645,2.97833e-09,,,protein_coding,DCAF6|MPC2,,
1:171111051_CCTT_C,,,Position unknown,N/A,N/A,False,,,best_GxC_snps_glucose_statins.txt,1:171111051_CCTT_C,2.01844e-08,,,N/A,,,404 Client Error: Not Found. for url: https://myvariant.info/v1/variant/1:171111051_CCTT_C?fields=clinvar.rcv.clinical_significance%2Cclinvar.rcv.conditions.name%2Cclinvar.variant_id&assembly=hg19
rs235851,1,171591792.0,None within 10kb,N/A,N/A,False,,,best_GxC_snps_glucose_statins.txt,rs235851,9.03545e-09,,,N/A,,,
rs7549030,1,201046025.0,CACNA1S,0,within,True,Benign,not provided,best_GxC_snps_glucose_statins.txt,rs7549030,1.06798e-09,,,protein_coding,CACNA1S,1293266.0,
rs16851757,1,203490238.0,None within 10kb,N/A,N/A,False,,,best_GxC_snps_glucose_statins.txt,rs16851757,5.17645e-10,,,N/A,,,
rs141772389,1,207461354.0,RP11-6J21.2,0,within,False,,,best_GxC_snps_glucose_statins.txt,rs141772389,7.26185e-09,,,lincRNA,RP11-6J21.2,,
rs4951626,1,212780953.0,ATF3,0,within,False,,,best_GxC_snps_glucose_statins.txt,rs4951626,3.1838e-09,,,protein_coding,ATF3|RN7SL512P,,
rs75559594,1,231071413.0,TTC13,0,within,False,,,best_GxC_snps_glucose_statins.txt,rs75559594,2.49675e-08,,,protein_coding,TTC13,,
rs72760903,2,627558.0,None within 10kb,N/A,N/A,False,,,best_GxC_snps_glucose_statins.txt,rs72760903,4.7032e-09,,,N/A,,,
rs138960407,2,2755909.0,None within 10kb,N/A,N/A,False,,,best_GxC_snps_glucose_statins.txt,rs138960407,4.49217e-08,,,N/A,,,
rs3097285,2,8501162.0,LINC00299,0,within,False,,,best_GxC_snps_glucose_statins.txt,rs3097285,2.13745e-08,,,lincRNA,LINC00299,,
rs60382253,2,8814866.0,AC011747.7,0,within,False,,,best_GxC_snps_glucose_statins.txt,rs60382253,1.33987e-08,,,antisense,AC011747.7|ID2,,
rs144132018,2,10710567.0,NOL10,325,upstream,False,,,best_GxC_snps_glucose_statins.txt,rs144132018,2.46998e-10,,,protein_coding,NOL10,,
rs141996111,2,17635833.0,None within 10kb,N/A,N/A,False,,,best_GxC_snps_glucose_statins.txt,rs141996111,5.52738e-10,,,N/A,,,
rs703323,2,19489081.0,AC092594.1,0,within,False,,,best_GxC_snps_glucose_statins.txt,rs703323,2.13486e-12,,,lincRNA,AC092594.1,,
rs74629722,2,21127044.0,None within 10kb,N/A,N/A,False,,,best_GxC_snps_glucose_statins.txt,rs74629722,1.00041e-09,,,N/A,,,
rs1260326,2,27730940.0,GCKR,0,within,False,,,best_GxC_snps_glucose_statins.txt,rs1260326,7.02957e-22,,,protein_coding,GCKR,,
2:30240733_TC_T,,,Position unknown,N/A,N/A,False,,,best_GxC_snps_glucose_statins.txt,2:30240733_TC_T,3.40218e-09,,,N/A,,,404 Client Error: Not Found. for url: https://myvariant.info/v1/variant/2:30240733_TC_T?fields=clinvar.rcv.clinical_significance%2Cclinvar.rcv.conditions.name%2Cclinvar.variant_id&assembly=hg19
rs75533598,2,35752412.0,None within 10kb,N/A,N/A,False,,,best_GxC_snps_glucose_statins.txt,rs75533598,7.10245e-10,,,N/A,,,
rs4953422,2,47022163.0,None within 10kb,N/A,N/A,False,,,best_GxC_snps_glucose_statins.txt,rs4953422,5.73587e-09,,,N/A,,,
rs115826670,2,56760794.0,None within 10kb,N/A,N/A,False,,,best_GxC_snps_glucose_statins.txt,rs115826670,1.21057e-08,,,N/A,,,
rs140213368,2,57089247.0,None within 10kb,N/A,N/A,False,,,best_GxC_snps_glucose_statins.txt,rs140213368,4.85961e-08,,,N/A,,,
rs149136503,2,60050508.0,RP11-444A22.1,0,within,False,,,best_GxC_snps_glucose_statins.txt,rs149136503,2.1783e-09,,,lincRNA,RP11-444A22.1,,
rs11895381,2,60053727.0,RP11-444A22.1,0,within,False,,,best_GxC_snps_glucose_statins.txt,rs11895381,5.49977e-09,,,lincRNA,RP11-444A22.1,,
rs860214,2,64994903.0,AC007365.2,8335,upstream,False,,,best_GxC_snps_glucose_statins.txt,rs860214,2.92486e-08,,,miRNA,AC007365.2,,
rs150330685,2,65998182.0,AC074391.1,0,within,False,,,best_GxC_snps_glucose_statins.txt,rs150330685,1.20178e-08,,,lincRNA,AC074391.1,,
rs146171344,2,76881755.0,None within 10kb,N/A,N/A,False,,,best_GxC_snps_glucose_statins.txt,rs146171344,3.60109e-10,,,N/A,,,
rs116234237,2,78426298.0,None within 10kb,N/A,N/A,False,,,best_GxC_snps_glucose_statins.txt,rs116234237,3.15354e-08,,,N/A,,,
rs115780001,2,79264268.0,REG3G,8637,downstream,False,,,best_GxC_snps_glucose_statins.txt,rs115780001,7.23566e-09,,,protein_coding,REG3G,,
rs76658390,2,100794978.0,None within 10kb,N/A,N/A,False,,,best_GxC_snps_glucose_statins.txt,rs76658390,1.47777e-09,,,N/A,,,
rs72824798,2,110342215.0,SEPT10,0,within,False,,,best_GxC_snps_glucose_statins.txt,rs72824798,2.9331e-09,,,protein_coding,SEPT10,,
rs78046922,2,110359905.0,AC011753.5,0,within,False,,,best_GxC_snps_glucose_statins.txt,rs78046922,1.52186e-08,,,sense_intronic,AC011753.5|SEPT10,,
rs74340564,2,138922295.0,None within 10kb,N/A,N/A,False,,,best_GxC_snps_glucose_statins.txt,rs74340564,1.53278e-09,,,N/A,,,
2:139406498_TA_T,,,Position unknown,N/A,N/A,False,,,best_GxC_snps_glucose_statins.txt,2:139406498_TA_T,3.2597e-08,,,N/A,,,404 Client Error: Not Found. for url: https://myvariant.info/v1/variant/2:139406498_TA_T?fields=clinvar.rcv.clinical_significance%2Cclinvar.rcv.conditions.name%2Cclinvar.variant_id&assembly=hg19
rs10432345,2,142181976.0,LRP1B,0,within,False,,,best_GxC_snps_glucose_statins.txt,rs10432345,7.25995e-09,,,protein_coding,LRP1B,,
rs12466963,2,149261223.0,MBD5,0,within,False,,,best_GxC_snps_glucose_statins.txt,rs12466963,5.89137e-09,,,protein_coding,MBD5,,
rs188501150,2,159719164.0,OR7E28P,0,within,False,,,best_GxC_snps_glucose_statins.txt,rs188501150,1.51095e-08,,,pseudogene,OR7E28P|DAPL1|OR7E89P,,
rs150417670,2,160093756.0,WDSUB1,0,within,False,,,best_GxC_snps_glucose_statins.txt,rs150417670,3.72962e-08,,,protein_coding,WDSUB1|TANC1,,
rs150568624,2,160690259.0,LY75,0,within,False,,,best_GxC_snps_glucose_statins.txt,rs150568624,1.51515e-08,,,protein_coding,LY75|LY75-CD302,,
2:165513065_CA_C,,,Position unknown,N/A,N/A,False,,,best_GxC_snps_glucose_statins.txt,2:165513065_CA_C,1.21036e-10,,,N/A,,,404 Client Error: Not Found. for url: https://myvariant.info/v1/variant/2:165513065_CA_C?fields=clinvar.rcv.clinical_significance%2Cclinvar.rcv.conditions.name%2Cclinvar.variant_id&assembly=hg19
rs13001601,2,165818169.0,SLC38A11,6134,downstream,False,,,best_GxC_snps_glucose_statins.txt,rs13001601,2.27235e-10,,,protein_coding,SLC38A11,,
rs6741976,2,178884948.0,PDE11A,0,within,False,,,best_GxC_snps_glucose_statins.txt,rs6741976,5.79803e-11,,,protein_coding,PDE11A|AC011998.2|AC011998.1,,
rs1434084,2,179192592.0,OSBPL6,0,within,False,,,best_GxC_snps_glucose_statins.txt,rs1434084,4.31719e-09,,,protein_coding,OSBPL6,,
rs77348930,2,180165383.0,None within 10kb,N/A,N/A,False,,,best_GxC_snps_glucose_statins.txt,rs77348930,1.61138e-08,,,N/A,,,
rs112472598,2,207381043.0,ADAM23,0,within,False,,,best_GxC_snps_glucose_statins.txt,rs112472598,1.24167e-11,,,protein_coding,ADAM23,,
rs12988399,2,208548774.0,PPP1R14BP2,2017,downstream,False,,,best_GxC_snps_glucose_statins.txt,rs12988399,7.29238e-11,,,pseudogene,PPP1R14BP2|RNU6-664P|Y_RNA,,
rs137946923,2,221634833.0,None within 10kb,N/A,N/A,False,,,best_GxC_snps_glucose_statins.txt,rs137946923,1.97953e-13,,,N/A,,,
rs185583484,2,222477281.0,None within 10kb,N/A,N/A,False,,,best_GxC_snps_glucose_statins.txt,rs185583484,3.38418e-08,,,N/A,,,
rs7585777,2,228547823.0,SLC19A3,2103,upstream,False,,,best_GxC_snps_glucose_statins.txt,rs7585777,6.40365e-10,,,protein_coding,SLC19A3,,
rs145202972,2,232428246.0,AC104634.3,3171,downstream,False,,,best_GxC_snps_glucose_statins.txt,rs145202972,3.50463e-10,,,pseudogene,AC104634.3,,
rs13015150,2,236301506.0,None within 10kb,N/A,N/A,False,,,best_GxC_snps_glucose_statins.txt,rs13015150,1.2389e-08,,,N/A,,,
rs111282759,2,239999002.0,HDAC4,0,within,False,,,best_GxC_snps_glucose_statins.txt,rs111282759,1.91066e-11,,,protein_coding,HDAC4|AC017028.5|AC017028.9|AC017028.4|AC017028.3|AC017028.2|AC017028.10|AC017028.6|MIR4440|AC017028.8|MIR4441|AC017028.7,,
rs9873301,3,12065264.0,SYN2,0,within,False,,,best_GxC_snps_glucose_statins.txt,rs9873301,9.01052e-10,,,processed_transcript,SYN2,,
3:19436577_GCT_G,,,Position unknown,N/A,N/A,False,,,best_GxC_snps_glucose_statins.txt,3:19436577_GCT_G,1.51279e-09,,,N/A,,,404 Client Error: Not Found. for url: https://myvariant.info/v1/variant/3:19436577_GCT_G?fields=clinvar.rcv.clinical_significance%2Cclinvar.rcv.conditions.name%2Cclinvar.variant_id&assembly=hg19
rs140362057,3,27265274.0,NEK10,0,within,False,,,best_GxC_snps_glucose_statins.txt,rs140362057,4.96112e-10,,,protein_coding,NEK10|MINOS1P3,,
rs75533597,3,28941486.0,None within 10kb,N/A,N/A,False,,,best_GxC_snps_glucose_statins.txt,rs75533597,1.42612e-08,,,N/A,,,
rs6807519,3,40899921.0,RP11-761N21.1,0,within,False,,,best_GxC_snps_glucose_statins.txt,rs6807519,7.57028e-09,,,lincRNA,RP11-761N21.1,,
rs76610579,3,57965713.0,None within 10kb,N/A,N/A,False,,,best_GxC_snps_glucose_statins.txt,rs76610579,1.00832e-09,,,N/A,,,
rs4679637,3,60108413.0,FHIT,0,within,False,,,best_GxC_snps_glucose_statins.txt,rs4679637,4.13588e-09,,,protein_coding,FHIT,,
rs17062372,3,60145166.0,FHIT,0,within,False,,,best_GxC_snps_glucose_statins.txt,rs17062372,2.93074e-09,,,protein_coding,FHIT,,
rs1915992,3,61699969.0,PTPRG,0,within,False,,,best_GxC_snps_glucose_statins.txt,rs1915992,5.88198e-09,,,protein_coding,PTPRG,,
3:62696301_TGA_T,,,Position unknown,N/A,N/A,False,,,best_GxC_snps_glucose_statins.txt,3:62696301_TGA_T,4.66764e-08,,,N/A,,,404 Client Error: Not Found. for url: https://myvariant.info/v1/variant/3:62696301_TGA_T?fields=clinvar.rcv.clinical_significance%2Cclinvar.rcv.conditions.name%2Cclinvar.variant_id&assembly=hg19
rs13076104,3,66301906.0,SLC25A26,0,within,False,,,best_GxC_snps_glucose_statins.txt,rs13076104,2.60256e-14,,,protein_coding,SLC25A26,,
rs6548418,3,67300242.0,None within 10kb,N/A,N/A,False,,,best_GxC_snps_glucose_statins.txt,rs6548418,4.84745e-11,,,N/A,,,
rs35990,3,74268314.0,None within 10kb,N/A,N/A,False,,,best_GxC_snps_glucose_statins.txt,rs35990,1.11089e-08,,,N/A,,,
rs145405266,3,77685708.0,ROBO2,0,within,False,,,best_GxC_snps_glucose_statins.txt,rs145405266,4.61703e-09,,,protein_coding,ROBO2,,
rs114716851,3,100821919.0,None within 10kb,N/A,N/A,False,,,best_GxC_snps_glucose_statins.txt,rs114716851,2.79421e-08,,,N/A,,,
rs148887724,3,101266753.0,None within 10kb,N/A,N/A,False,,,best_GxC_snps_glucose_statins.txt,rs148887724,3.00775e-09,,,N/A,,,
rs62262975,3,105301024.0,ALCAM,5280,downstream,False,,,best_GxC_snps_glucose_statins.txt,rs62262975,2.25752e-08,,,protein_coding,ALCAM,,
rs11714252,3,109254174.0,None within 10kb,N/A,N/A,False,,,best_GxC_snps_glucose_statins.txt,rs11714252,1.3401e-10,,,N/A,,,
rs73201838,3,123581116.0,MYLK,0,within,False,,,best_GxC_snps_glucose_statins.txt,rs73201838,8.58683e-10,,,protein_coding,MYLK,,
rs73211877,3,133157701.0,BFSP2-AS1,0,within,False,,,best_GxC_snps_glucose_statins.txt,rs73211877,1.54383e-09,,,antisense,BFSP2-AS1|BFSP2,,
rs55948152,3,143351190.0,SLC9A9,0,within,False,,,best_GxC_snps_glucose_statins.txt,rs55948152,3.12879e-09,,,protein_coding,SLC9A9|RP11-501M7.1,,
rs9850088,3,143567690.0,SLC9A9,317,downstream,False,,,best_GxC_snps_glucose_statins.txt,rs9850088,2.23687e-09,,,protein_coding,SLC9A9|RP11-8J23.1,,
rs9884041,3,146321321.0,PLSCR5,0,within,False,,,best_GxC_snps_glucose_statins.txt,rs9884041,5.19781e-10,,,protein_coding,PLSCR5,,
rs7650631,3,152091186.0,MBNL1,0,within,False,,,best_GxC_snps_glucose_statins.txt,rs7650631,2.30524e-11,,,protein_coding,MBNL1,,
rs6769575,3,153264892.0,RP11-23D24.2,0,within,False,,,best_GxC_snps_glucose_statins.txt,rs6769575,1.17902e-10,,,processed_transcript,RP11-23D24.2,,
rs115014363,3,174948475.0,NAALADL2,0,within,False,,,best_GxC_snps_glucose_statins.txt,rs115014363,4.99258e-08,,,protein_coding,NAALADL2|NAALADL2-AS2,,
rs60237314,3,183847982.0,RP11-778D9.13,2748,upstream,False,,,best_GxC_snps_glucose_statins.txt,rs60237314,3.62288e-08,,,lincRNA,RP11-778D9.13|RP11-778D9.12|EIF2B5,,
rs11545169,3,184020542.0,EIF2B5,0,within,False,,,best_GxC_snps_glucose_statins.txt,rs11545169,1.31006e-08,,,protein_coding,EIF2B5|PSMD2|ECE2,,
rs13097676,3,184339693.0,EIF2B5,0,within,False,,,best_GxC_snps_glucose_statins.txt,rs13097676,9.81152e-10,,,protein_coding,EIF2B5,,
rs2611617,3,187631078.0,None within 10kb,N/A,N/A,False,,,best_GxC_snps_glucose_statins.txt,rs2611617,4.41772e-08,,,N/A,,,
rs7615508,3,188297155.0,LPP,0,within,False,,,best_GxC_snps_glucose_statins.txt,rs7615508,4.042e-08,,,protein_coding,LPP,,
rs75878007,3,188806546.0,TPRG1,0,within,False,,,best_GxC_snps_glucose_statins.txt,rs75878007,2.24236e-09,,,protein_coding,TPRG1,,
rs116762505,3,188902661.0,TPRG1,0,within,False,,,best_GxC_snps_glucose_statins.txt,rs116762505,9.59579e-10,,,protein_coding,TPRG1,,
rs114642883,3,189627812.0,None within 10kb,N/A,N/A,False,,,best_GxC_snps_glucose_statins.txt,rs114642883,4.28559e-14,,,N/A,,,
rs77630287,3,192248052.0,FGF12,0,within,False,,,best_GxC_snps_glucose_statins.txt,rs77630287,1.28297e-10,,,protein_coding,FGF12|snoU13|FGF12-AS3,,
rs36004285,3,194551113.0,AC090505.1,0,within,False,,,best_GxC_snps_glucose_statins.txt,rs36004285,1.21415e-08,,,lincRNA,AC090505.1,,
rs4677614,3,195318635.0,APOD,7559,downstream,False,,,best_GxC_snps_glucose_statins.txt,rs4677614,2.87387e-09,,,protein_coding,APOD,,
rs56162443,3,196746059.0,MFI2,0,within,False,,,best_GxC_snps_glucose_statins.txt,rs56162443,4.74852e-08,,,protein_coding,MFI2,,
rs35239183,4,918435.0,GAK,0,within,False,,,best_GxC_snps_glucose_statins.txt,rs35239183,3.02287e-11,,,protein_coding,GAK|TMEM175,,
rs4688991,4,6302220.0,WFS1,0,within,False,,,best_GxC_snps_glucose_statins.txt,rs4688991,3.00606e-09,,,protein_coding,WFS1,,
rs75245044,4,10042686.0,SLC2A9,0,within,False,,,best_GxC_snps_glucose_statins.txt,rs75245044,5.40694e-09,,,protein_coding,SLC2A9,,
rs138489656,4,10260547.0,AC006499.5,522,upstream,False,,,best_GxC_snps_glucose_statins.txt,rs138489656,2.26818e-08,,,pseudogene,AC006499.5|AC006499.8|AC006499.4,,
rs77461212,4,10538368.0,CLNK,0,within,False,,,best_GxC_snps_glucose_statins.txt,rs77461212,2.88971e-09,,,protein_coding,CLNK,,
rs62294090,4,21322476.0,KCNIP4,0,within,False,,,best_GxC_snps_glucose_statins.txt,rs62294090,2.49018e-08,,,protein_coding,KCNIP4|RP11-120A1.1,,
rs13139010,4,22466070.0,GPR125,0,within,False,,,best_GxC_snps_glucose_statins.txt,rs13139010,1.30148e-08,,,protein_coding,GPR125,,
rs187855752,4,33454164.0,None within 10kb,N/A,N/A,False,,,best_GxC_snps_glucose_statins.txt,rs187855752,1.5268e-08,,,N/A,,,
rs13129158,4,38010840.0,TBC1D1,0,within,False,,,best_GxC_snps_glucose_statins.txt,rs13129158,2.56766e-08,,,protein_coding,TBC1D1|MRPS33P2,,
rs111465019,4,48648145.0,FRYL,0,within,False,,,best_GxC_snps_glucose_statins.txt,rs111465019,2.96042e-08,,,protein_coding,FRYL,,
rs147409526,4,61572799.0,None within 10kb,N/A,N/A,False,,,best_GxC_snps_glucose_statins.txt,rs147409526,3.409e-08,,,N/A,,,
rs115484728,4,68758617.0,UBA6-AS1,0,within,False,,,best_GxC_snps_glucose_statins.txt,rs115484728,9.28548e-09,,,antisense,UBA6-AS1|TMPRSS11D,,
rs7673468,4,81000547.0,ANTXR2,0,within,False,,,best_GxC_snps_glucose_statins.txt,rs7673468,3.23435e-08,,,protein_coding,ANTXR2|AC097711.1,,
rs10025112,4,82472298.0,RASGEF1B,0,within,False,,,best_GxC_snps_glucose_statins.txt,rs10025112,2.38136e-12,,,protein_coding,RASGEF1B,,
rs17023779,4,96333037.0,UNC5C,0,within,False,,,best_GxC_snps_glucose_statins.txt,rs17023779,1.71283e-09,,,protein_coding,UNC5C,,
rs72686769,4,102859949.0,BANK1,0,within,False,,,best_GxC_snps_glucose_statins.txt,rs72686769,2.582e-08,,,protein_coding,BANK1,,
rs227375,4,103618023.0,MANBA,0,within,False,,,best_GxC_snps_glucose_statins.txt,rs227375,3.10798e-08,,,protein_coding,MANBA,,
rs115148233,4,113987084.0,RP11-650J17.1,0,within,False,,,best_GxC_snps_glucose_statins.txt,rs115148233,4.53337e-09,,,antisense,RP11-650J17.1|ANK2,,
rs139514092,4,128988014.0,LARP1B,0,within,False,,,best_GxC_snps_glucose_statins.txt,rs139514092,1.52592e-08,,,protein_coding,LARP1B|RP11-214O14.1,,
4:141972920_CT_C,,,Position unknown,N/A,N/A,False,,,best_GxC_snps_glucose_statins.txt,4:141972920_CT_C,1.13014e-09,,,N/A,,,404 Client Error: Not Found. for url: https://myvariant.info/v1/variant/4:141972920_CT_C?fields=clinvar.rcv.clinical_significance%2Cclinvar.rcv.conditions.name%2Cclinvar.variant_id&assembly=hg19
rs114539135,4,146281843.0,None within 10kb,N/A,N/A,False,,,best_GxC_snps_glucose_statins.txt,rs114539135,7.08948e-10,,,N/A,,,
rs79138712,4,147722621.0,TTC29,0,within,False,,,best_GxC_snps_glucose_statins.txt,rs79138712,1.58641e-08,,,protein_coding,TTC29,,
rs116645987,4,152942291.0,None within 10kb,N/A,N/A,False,,,best_GxC_snps_glucose_statins.txt,rs116645987,8.91806e-10,,,N/A,,,
rs77010203,4,156359086.0,None within 10kb,N/A,N/A,False,,,best_GxC_snps_glucose_statins.txt,rs77010203,4.09632e-08,,,N/A,,,
rs72969737,4,160359169.0,None within 10kb,N/A,N/A,False,,,best_GxC_snps_glucose_statins.txt,rs72969737,1.25593e-11,,,N/A,,,
rs112176012,4,162063179.0,None within 10kb,N/A,N/A,False,,,best_GxC_snps_glucose_statins.txt,rs112176012,1.16177e-08,,,N/A,,,
rs142405756,4,163871486.0,None within 10kb,N/A,N/A,False,,,best_GxC_snps_glucose_statins.txt,rs142405756,1.05608e-08,,,N/A,,,
rs1489955,4,178214311.0,None within 10kb,N/A,N/A,False,,,best_GxC_snps_glucose_statins.txt,rs1489955,3.43998e-09,,,N/A,,,
rs78692170,4,185842720.0,None within 10kb,N/A,N/A,False,,,best_GxC_snps_glucose_statins.txt,rs78692170,1.43259e-09,,,N/A,,,
rs7663622,4,188483773.0,RP11-565A3.2,0,within,False,,,best_GxC_snps_glucose_statins.txt,rs7663622,2.41358e-08,,,lincRNA,RP11-565A3.2,,
rs138474390,5,436711.0,AHRR,0,within,False,,,best_GxC_snps_glucose_statins.txt,rs138474390,4.67601e-08,,,protein_coding,AHRR|C5orf55|EXOC3,,
rs74852359,5,3980322.0,None within 10kb,N/A,N/A,False,,,best_GxC_snps_glucose_statins.txt,rs74852359,1.939e-09,,,N/A,,,
rs145571995,5,7923430.0,CTD-2072I24.1,975,upstream,False,,,best_GxC_snps_glucose_statins.txt,rs145571995,4.51288e-08,,,lincRNA,CTD-2072I24.1,,
rs141147308,5,10359853.0,MARCH6,0,within,False,,,best_GxC_snps_glucose_statins.txt,rs141147308,3.29102e-08,,,protein_coding,MARCH6|CTD-2256P15.2,,
rs116215437,5,26490801.0,None within 10kb,N/A,N/A,False,,,best_GxC_snps_glucose_statins.txt,rs116215437,9.83183e-12,,,N/A,,,
rs35904716,5,40468012.0,None within 10kb,N/A,N/A,False,,,best_GxC_snps_glucose_statins.txt,rs35904716,4.25209e-09,,,N/A,,,
rs112963114,5,64162977.0,CWC27,0,within,False,,,best_GxC_snps_glucose_statins.txt,rs112963114,5.28053e-09,,,protein_coding,CWC27,,
rs7715036,5,65166996.0,NLN,0,within,False,,,best_GxC_snps_glucose_statins.txt,rs7715036,4.17958e-09,,,protein_coding,NLN,,
rs1532699,5,75534570.0,SV2C,0,within,False,,,best_GxC_snps_glucose_statins.txt,rs1532699,4.74974e-08,,,protein_coding,SV2C|HMGN2P4,,
rs116302862,5,78471855.0,DMGDH,0,within,False,,,best_GxC_snps_glucose_statins.txt,rs116302862,2.50062e-10,,,protein_coding,DMGDH|RNY3P1,,
rs224853,5,81772730.0,None within 10kb,N/A,N/A,False,,,best_GxC_snps_glucose_statins.txt,rs224853,4.09573e-08,,,N/A,,,
rs13360127,5,96858776.0,RP11-1E3.1,0,within,False,,,best_GxC_snps_glucose_statins.txt,rs13360127,1.48506e-08,,,lincRNA,RP11-1E3.1,,
rs143988127,5,100300738.0,None within 10kb,N/A,N/A,False,,,best_GxC_snps_glucose_statins.txt,rs143988127,1.01553e-08,,,N/A,,,
rs191607244,5,100304413.0,None within 10kb,N/A,N/A,False,,,best_GxC_snps_glucose_statins.txt,rs191607244,3.8505e-09,,,N/A,,,
rs117673739,5,100318900.0,None within 10kb,N/A,N/A,False,,,best_GxC_snps_glucose_statins.txt,rs117673739,1.73192e-10,,,N/A,,,
rs149535409,5,100571242.0,None within 10kb,N/A,N/A,False,,,best_GxC_snps_glucose_statins.txt,rs149535409,7.20317e-12,,,N/A,,,
rs77460585,5,101123995.0,None within 10kb,N/A,N/A,False,,,best_GxC_snps_glucose_statins.txt,rs77460585,1.40498e-17,,,N/A,,,
rs6891076,5,101558769.0,None within 10kb,N/A,N/A,False,,,best_GxC_snps_glucose_statins.txt,rs6891076,1.4992e-16,,,N/A,,,
rs74566838,5,102034612.0,None within 10kb,N/A,N/A,False,,,best_GxC_snps_glucose_statins.txt,rs74566838,1.87874e-18,,,N/A,,,
rs13359274,5,102077166.0,None within 10kb,N/A,N/A,False,,,best_GxC_snps_glucose_statins.txt,rs13359274,4.9417e-08,,,N/A,,,
rs149522178,5,102235241.0,PAM,0,within,False,,,best_GxC_snps_glucose_statins.txt,rs149522178,7.55997e-09,,,protein_coding,PAM,,
rs74567345,5,102301358.0,PAM,0,within,False,,,best_GxC_snps_glucose_statins.txt,rs74567345,1.2998e-27,,,protein_coding,PAM,,
rs3756583,5,102334044.0,PAM,0,within,False,,,best_GxC_snps_glucose_statins.txt,rs3756583,3.79867e-09,,,protein_coding,PAM,,
rs149166818,5,102541383.0,PPIP5K2,0,within,False,,,best_GxC_snps_glucose_statins.txt,rs149166818,5.85997e-09,,,protein_coding,PPIP5K2,,
rs75457267,5,102658770.0,None within 10kb,N/A,N/A,False,,,best_GxC_snps_glucose_statins.txt,rs75457267,1.30889e-21,,,N/A,,,
rs189445342,5,109920774.0,TMEM232,0,within,False,,,best_GxC_snps_glucose_statins.txt,rs189445342,7.06572e-10,,,protein_coding,TMEM232,,
rs368942,5,113877409.0,RP11-492A10.1,0,within,False,,,best_GxC_snps_glucose_statins.txt,rs368942,4.17152e-08,,,antisense,RP11-492A10.1,,
rs72817147,5,114973862.0,TMED7,5173,downstream,False,,,best_GxC_snps_glucose_statins.txt,rs72817147,4.04737e-08,,,protein_coding,TMED7,,
rs148160196,5,123457131.0,None within 10kb,N/A,N/A,False,,,best_GxC_snps_glucose_statins.txt,rs148160196,1.54508e-09,,,N/A,,,
rs75373283,5,125890567.0,ALDH7A1,0,within,False,,,best_GxC_snps_glucose_statins.txt,rs75373283,5.1238e-09,,,protein_coding,ALDH7A1|RNU6-963P,,
rs148522758,5,129532456.0,None within 10kb,N/A,N/A,False,,,best_GxC_snps_glucose_statins.txt,rs148522758,1.51189e-08,,,N/A,,,
rs79033911,5,132477498.0,None within 10kb,N/A,N/A,False,,,best_GxC_snps_glucose_statins.txt,rs79033911,3.94917e-08,,,N/A,,,
rs62378402,5,140707798.0,AC005618.6,0,within,False,,,best_GxC_snps_glucose_statins.txt,rs62378402,2.87966e-08,,,lincRNA,AC005618.6|PCDHGA1|AC005618.1|TAF7,,
rs79547852,5,142850529.0,None within 10kb,N/A,N/A,False,,,best_GxC_snps_glucose_statins.txt,rs79547852,3.46802e-09,,,N/A,,,
rs2569204,5,149427010.0,HMGXB3,0,within,False,,,best_GxC_snps_glucose_statins.txt,rs2569204,1.93796e-08,,,protein_coding,HMGXB3|CSF1R,,
rs79354200,5,149601438.0,SLC6A7,0,within,False,,,best_GxC_snps_glucose_statins.txt,rs79354200,1.84045e-08,,,protein_coding,SLC6A7|CAMK2A,,
rs6892559,5,156932007.0,ADAM19,0,within,False,,,best_GxC_snps_glucose_statins.txt,rs6892559,3.38584e-09,,,protein_coding,ADAM19,,
rs190796034,5,160529693.0,None within 10kb,N/A,N/A,False,,,best_GxC_snps_glucose_statins.txt,rs190796034,4.58394e-11,,,N/A,,,
5:160798505_TG_T,,,Position unknown,N/A,N/A,False,,,best_GxC_snps_glucose_statins.txt,5:160798505_TG_T,4.67152e-09,,,N/A,,,404 Client Error: Not Found. for url: https://myvariant.info/v1/variant/5:160798505_TG_T?fields=clinvar.rcv.clinical_significance%2Cclinvar.rcv.conditions.name%2Cclinvar.variant_id&assembly=hg19
rs62396761,5,162757978.0,RP11-541P9.3,0,within,False,,,best_GxC_snps_glucose_statins.txt,rs62396761,1.82907e-08,,,antisense,RP11-541P9.3,,
rs7729998,5,169529932.0,FOXI1,2969,upstream,False,,,best_GxC_snps_glucose_statins.txt,rs7729998,7.41257e-12,,,protein_coding,FOXI1,,
rs78718790,5,172352779.0,ERGIC1,0,within,False,,,best_GxC_snps_glucose_statins.txt,rs78718790,6.83239e-09,,,protein_coding,ERGIC1,,
rs79327883,5,173060374.0,CTB-43E15.1,9148,upstream,False,,,best_GxC_snps_glucose_statins.txt,rs79327883,3.08632e-08,,,lincRNA,CTB-43E15.1,,
rs10076130,5,178620710.0,ADAMTS2,0,within,False,,,best_GxC_snps_glucose_statins.txt,rs10076130,4.04913e-10,,,protein_coding,ADAMTS2,,
rs618997,6,4158024.0,RP3-400B16.1,405,downstream,False,,,best_GxC_snps_glucose_statins.txt,rs618997,4.68935e-09,,,lincRNA,RP3-400B16.1,,
rs9504159,6,4593085.0,RP4-529N6.2,6436,upstream,False,,,best_GxC_snps_glucose_statins.txt,rs9504159,3.17452e-09,,,lincRNA,RP4-529N6.2,,
rs35485861,6,6252431.0,F13A1,0,within,False,,,best_GxC_snps_glucose_statins.txt,rs35485861,1.3061e-10,,,protein_coding,F13A1,,
6:7281453_CAGG_C,,,Position unknown,N/A,N/A,False,,,best_GxC_snps_glucose_statins.txt,6:7281453_CAGG_C,6.94838e-09,,,N/A,,,404 Client Error: Not Found. for url: https://myvariant.info/v1/variant/6:7281453_CAGG_C?fields=clinvar.rcv.clinical_significance%2Cclinvar.rcv.conditions.name%2Cclinvar.variant_id&assembly=hg19
rs78199800,6,9204882.0,None within 10kb,N/A,N/A,False,,,best_GxC_snps_glucose_statins.txt,rs78199800,3.91704e-08,,,N/A,,,
rs77104393,6,9345968.0,None within 10kb,N/A,N/A,False,,,best_GxC_snps_glucose_statins.txt,rs77104393,2.45954e-08,,,N/A,,,
rs143554021,6,17451800.0,CAP2,0,within,False,,,best_GxC_snps_glucose_statins.txt,rs143554021,2.14683e-11,,,protein_coding,CAP2,,
rs749722187,6,20405576.0,E2F3,0,within,False,,,best_GxC_snps_glucose_statins.txt,rs749722187,3.8197e-08,,,protein_coding,E2F3,,404 Client Error: Not Found. for url: https://myvariant.info/v1/variant/rs749722187?fields=clinvar.rcv.clinical_significance%2Cclinvar.rcv.conditions.name%2Cclinvar.variant_id&assembly=hg19
rs7766070,6,20686573.0,CDKAL1,0,within,False,,,best_GxC_snps_glucose_statins.txt,rs7766070,4.32979e-10,,,protein_coding,CDKAL1,,
rs1970,6,30125543.0,TRIM10,0,within,False,,,best_GxC_snps_glucose_statins.txt,rs1970,3.58417e-09,,,protein_coding,TRIM10|TRIM15|TRIM40,,
rs3130247,6,30515043.0,GNL1,0,within,False,,,best_GxC_snps_glucose_statins.txt,rs3130247,1.87088e-10,,,protein_coding,GNL1|PRR3,,
rs2517578,6,30811265.0,XXbac-BPG27H4.8,0,within,False,,,best_GxC_snps_glucose_statins.txt,rs2517578,9.38556e-10,,,lincRNA,XXbac-BPG27H4.8,,
rs3130968,6,31065071.0,None within 10kb,N/A,N/A,False,,,best_GxC_snps_glucose_statins.txt,rs3130968,1.99875e-09,,,N/A,,,
rs3093958,6,31410521.0,HCP5,0,within,False,,,best_GxC_snps_glucose_statins.txt,rs3093958,1.47401e-13,,,sense_overlapping,HCP5|LINC01149,,
rs2523651,6,31448154.0,HCP5,2871,downstream,False,,,best_GxC_snps_glucose_statins.txt,rs2523651,2.88685e-08,,,sense_overlapping,HCP5,,
rs2239704,6,31540141.0,LTA,0,within,False,,,best_GxC_snps_glucose_statins.txt,rs2239704,4.09442e-09,,,protein_coding,LTA|TNF|LTB,,
rs35364088,,,Position unknown,N/A,N/A,False,,,best_GxC_snps_glucose_statins.txt,rs35364088,1.75677e-15,,,N/A,,,404 Client Error: Not Found. for url: https://myvariant.info/v1/variant/rs35364088?fields=clinvar.rcv.clinical_significance%2Cclinvar.rcv.conditions.name%2Cclinvar.variant_id&assembly=hg19
rs115277907,6,31901090.0,C2,0,within,False,,,best_GxC_snps_glucose_statins.txt,rs115277907,1.10043e-09,,,protein_coding,C2|CFB|CFB,,
rs1150758,6,32028149.0,TNXB,0,within,False,,,best_GxC_snps_glucose_statins.txt,rs1150758,4.61447e-18,,,protein_coding,TNXB,,
rs1265762,6,32321115.0,C6orf10,0,within,False,,,best_GxC_snps_glucose_statins.txt,rs1265762,6.182e-17,,,protein_coding,C6orf10|RNU6-603P,,
6:32346463_ATTTTGTG_A,,,Position unknown,N/A,N/A,False,,,best_GxC_snps_glucose_statins.txt,6:32346463_ATTTTGTG_A,1.01721e-12,,,N/A,,,404 Client Error: Not Found. for url: https://myvariant.info/v1/variant/6:32346463_ATTTTGTG_A?fields=clinvar.rcv.clinical_significance%2Cclinvar.rcv.conditions.name%2Cclinvar.variant_id&assembly=hg19
rs3806155,6,32373378.0,BTNL2,0,within,False,,,best_GxC_snps_glucose_statins.txt,rs3806155,1.42019e-09,,,protein_coding,BTNL2,,
rs146733600,6,32573760.0,None within 10kb,N/A,N/A,False,,,best_GxC_snps_glucose_statins.txt,rs146733600,2.41275e-17,,,N/A,,,
rs9271346,6,32583468.0,None within 10kb,N/A,N/A,False,,,best_GxC_snps_glucose_statins.txt,rs9271346,1.14648e-16,,,N/A,,,
rs13207893,6,32586922.0,HLA-DQA1,9034,upstream,False,,,best_GxC_snps_glucose_statins.txt,rs13207893,4.18207e-08,,,protein_coding,HLA-DQA1,,
rs9273363,6,32626272.0,HLA-DQB1,972,upstream,False,,,best_GxC_snps_glucose_statins.txt,rs9273363,2.2865e-36,,,protein_coding,HLA-DQB1|HLA-DQB1-AS1|XXbac-BPG254F23.6,,
rs115018313,6,32710407.0,HLA-DQA2,0,within,False,,,best_GxC_snps_glucose_statins.txt,rs115018313,2.31556e-08,,,protein_coding,HLA-DQA2|MIR3135B,,
rs56098412,6,32879471.0,None within 10kb,N/A,N/A,False,,,best_GxC_snps_glucose_statins.txt,rs56098412,5.9446e-09,,,N/A,,,
rs115469976,6,32986508.0,HLA-DOA,9119,downstream,False,,,best_GxC_snps_glucose_statins.txt,rs115469976,5.61331e-10,,,protein_coding,HLA-DOA,,
rs78238190,6,33650433.0,ITPR3,0,within,False,,,best_GxC_snps_glucose_statins.txt,rs78238190,2.10112e-08,,,protein_coding,ITPR3,,
rs9369425,6,43810974.0,RP11-344J7.2,8520,upstream,False,,,best_GxC_snps_glucose_statins.txt,rs9369425,6.46932e-09,,,lincRNA,RP11-344J7.2,,
rs144646294,6,48910526.0,RP1-57E3.1,9181,upstream,False,,,best_GxC_snps_glucose_statins.txt,rs144646294,4.30151e-08,,,pseudogene,RP1-57E3.1,,
rs12212074,6,55497584.0,None within 10kb,N/A,N/A,False,,,best_GxC_snps_glucose_statins.txt,rs12212074,1.23205e-08,,,N/A,,,
rs34121059,6,68647913.0,RP11-301G19.2,3339,downstream,False,,,best_GxC_snps_glucose_statins.txt,rs34121059,4.44669e-08,,,pseudogene,RP11-301G19.2,,
rs220410,6,86869791.0,None within 10kb,N/A,N/A,False,,,best_GxC_snps_glucose_statins.txt,rs220410,1.30616e-09,,,N/A,,,
rs76040036,6,88618027.0,None within 10kb,N/A,N/A,False,,,best_GxC_snps_glucose_statins.txt,rs76040036,8.31518e-09,,,N/A,,,
6:91147028_TATATTTGCAC_T,,,Position unknown,N/A,N/A,False,,,best_GxC_snps_glucose_statins.txt,6:91147028_TATATTTGCAC_T,3.8773e-08,,,N/A,,,404 Client Error: Not Found. for url: https://myvariant.info/v1/variant/6:91147028_TATATTTGCAC_T?fields=clinvar.rcv.clinical_significance%2Cclinvar.rcv.conditions.name%2Cclinvar.variant_id&assembly=hg19
rs9321852,6,100473378.0,MCHR2-AS1,0,within,False,,,best_GxC_snps_glucose_statins.txt,rs9321852,9.6647e-10,,,antisense,MCHR2-AS1,,
rs78923490,6,102419312.0,GRIK2,0,within,False,,,best_GxC_snps_glucose_statins.txt,rs78923490,2.37258e-09,,,protein_coding,GRIK2,,
rs80131465,6,116568146.0,NT5DC1,0,within,False,,,best_GxC_snps_glucose_statins.txt,rs80131465,4.58059e-08,,,protein_coding,NT5DC1|RP3-486I3.5|TSPYL4|DSE|RP3-486I3.7,,
rs6899528,6,121473926.0,TBC1D32,0,within,False,,,best_GxC_snps_glucose_statins.txt,rs6899528,1.68878e-08,,,protein_coding,TBC1D32,,
rs3763174,6,121754786.0,GJA1,2052,upstream,False,,,best_GxC_snps_glucose_statins.txt,rs3763174,2.86214e-08,,,protein_coding,GJA1,,
rs117345930,6,127284023.0,None within 10kb,N/A,N/A,False,,,best_GxC_snps_glucose_statins.txt,rs117345930,9.94407e-10,,,N/A,,,
rs17720864,6,135508853.0,MYB,0,within,False,,,best_GxC_snps_glucose_statins.txt,rs17720864,3.19555e-08,,,protein_coding,MYB|MYB-AS1,,
rs9483892,6,136233226.0,PDE7B,0,within,False,,,best_GxC_snps_glucose_statins.txt,rs9483892,2.42539e-10,,,protein_coding,PDE7B|AL360178.1,,
rs202060915,6,149752082.0,None within 10kb,N/A,N/A,False,,,best_GxC_snps_glucose_statins.txt,rs202060915,3.81419e-09,,,N/A,,,
rs62423215,6,158020350.0,ZDHHC14,0,within,False,,,best_GxC_snps_glucose_statins.txt,rs62423215,4.34836e-09,,,protein_coding,ZDHHC14,,
rs4646272,6,160551093.0,SLC22A1,0,within,False,,,best_GxC_snps_glucose_statins.txt,rs4646272,7.22513e-09,,,protein_coding,SLC22A1,,
rs4646283,6,160581502.0,SLC22A1,1752,downstream,False,,,best_GxC_snps_glucose_statins.txt,rs4646283,6.47822e-09,,,protein_coding,SLC22A1|RP11-317M22.1,,
rs9458066,6,161368268.0,RP3-428L16.1,0,within,False,,,best_GxC_snps_glucose_statins.txt,rs9458066,8.66351e-10,,,antisense,RP3-428L16.1,,
rs6923410,6,162105755.0,PARK2,0,within,False,,,best_GxC_snps_glucose_statins.txt,rs6923410,2.25927e-08,,,protein_coding,PARK2,,
rs77970296,6,164913801.0,None within 10kb,N/A,N/A,False,,,best_GxC_snps_glucose_statins.txt,rs77970296,3.01101e-08,,,N/A,,,
rs74934372,7,2392748.0,SNX8,0,within,False,,,best_GxC_snps_glucose_statins.txt,rs74934372,7.346650000000001e-18,,,protein_coding,SNX8|EIF3B,,
rs117386880,7,9752441.0,None within 10kb,N/A,N/A,False,,,best_GxC_snps_glucose_statins.txt,rs117386880,7.59354e-13,,,N/A,,,
rs78522411,7,17717994.0,AC006482.1,1179,upstream,False,,,best_GxC_snps_glucose_statins.txt,rs78522411,1.76529e-10,,,lincRNA,AC006482.1,,
rs113248159,7,18549246.0,HDAC9,0,within,False,,,best_GxC_snps_glucose_statins.txt,rs113248159,1.72747e-08,,,protein_coding,HDAC9,,
rs1860875,7,21111643.0,None within 10kb,N/A,N/A,False,,,best_GxC_snps_glucose_statins.txt,rs1860875,3.40094e-10,,,N/A,,,
rs116855827,7,23650367.0,CCDC126,0,within,False,,,best_GxC_snps_glucose_statins.txt,rs116855827,2.97337e-09,,,protein_coding,CCDC126|FCF1P1,,
rs34830308,7,26475198.0,AC004540.5,0,within,False,,,best_GxC_snps_glucose_statins.txt,rs34830308,2.49752e-09,,,lincRNA,AC004540.5,,
rs73145059,7,75351269.0,HIP1,0,within,False,,,best_GxC_snps_glucose_statins.txt,rs73145059,9.35577e-11,,,protein_coding,HIP1,,
rs10246264,7,82347290.0,None within 10kb,N/A,N/A,False,,,best_GxC_snps_glucose_statins.txt,rs10246264,4.07376e-08,,,N/A,,,
rs568433013,7,82654060.0,PCLO,0,within,False,,,best_GxC_snps_glucose_statins.txt,rs568433013,4.48489e-08,,,protein_coding,PCLO|RNA5SP235,,
rs17687688,7,92199548.0,FAM133B,0,within,False,,,best_GxC_snps_glucose_statins.txt,rs17687688,1.44224e-09,,,protein_coding,FAM133B,,
7:106713765_CAT_C,,,Position unknown,N/A,N/A,False,,,best_GxC_snps_glucose_statins.txt,7:106713765_CAT_C,6.97688e-09,,,N/A,,,404 Client Error: Not Found. for url: https://myvariant.info/v1/variant/7:106713765_CAT_C?fields=clinvar.rcv.clinical_significance%2Cclinvar.rcv.conditions.name%2Cclinvar.variant_id&assembly=hg19
rs11974024,7,111242161.0,None within 10kb,N/A,N/A,False,,,best_GxC_snps_glucose_statins.txt,rs11974024,2.69524e-08,,,N/A,,,
rs10226133,7,120266514.0,KCND2,0,within,False,,,best_GxC_snps_glucose_statins.txt,rs10226133,4.81683e-10,,,protein_coding,KCND2,,
rs62473384,7,123689607.0,RP5-921G16.1,0,within,False,,,best_GxC_snps_glucose_statins.txt,rs62473384,1.0352e-11,,,antisense,RP5-921G16.1,,
rs1156193,7,125606073.0,None within 10kb,N/A,N/A,False,,,best_GxC_snps_glucose_statins.txt,rs1156193,3.04672e-09,,,N/A,,,
rs17867821,7,126942924.0,AC000110.1,6667,downstream,False,,,best_GxC_snps_glucose_statins.txt,rs17867821,3.27997e-10,,,pseudogene,AC000110.1,,
rs72607794,7,132607580.0,CHCHD3,0,within,False,,,best_GxC_snps_glucose_statins.txt,rs72607794,5.43037e-10,,,protein_coding,CHCHD3,,
rs12703489,7,142418600.0,TRBVB,612,upstream,False,,,best_GxC_snps_glucose_statins.txt,rs12703489,1.69637e-08,,,TR_V_pseudogene,TRBVB|TRBV27|TRBV28,,
rs74649917,7,147972008.0,CNTNAP2,0,within,False,,,best_GxC_snps_glucose_statins.txt,rs74649917,3.70652e-09,,,protein_coding,CNTNAP2,,
rs62478246,7,151508678.0,PRKAG2,0,within,False,,,best_GxC_snps_glucose_statins.txt,rs62478246,2.5567e-10,,,protein_coding,PRKAG2|RP13-452N2.1,,
rs11768534,7,152420044.0,None within 10kb,N/A,N/A,False,,,best_GxC_snps_glucose_statins.txt,rs11768534,2.48746e-08,,,N/A,,,
rs114614425,7,152437190.0,RN7SL811P,1375,downstream,False,,,best_GxC_snps_glucose_statins.txt,rs114614425,6.2729e-10,,,misc_RNA,RN7SL811P|ATP5F1P3,,
rs77146342,7,154127504.0,DPP6,0,within,False,,,best_GxC_snps_glucose_statins.txt,rs77146342,7.04975e-09,,,protein_coding,DPP6,,
rs147064146,7,156702893.0,None within 10kb,N/A,N/A,False,,,best_GxC_snps_glucose_statins.txt,rs147064146,3.41603e-08,,,N/A,,,
rs1982126,7,157744057.0,PTPRN2,0,within,False,,,best_GxC_snps_glucose_statins.txt,rs1982126,1.35559e-10,,,protein_coding,PTPRN2,,
rs147594466,8,1633011.0,DLGAP2,0,within,False,,,best_GxC_snps_glucose_statins.txt,rs147594466,7.71501e-10,,,protein_coding,DLGAP2,,
rs34243497,8,6503675.0,CTD-2541M15.1,0,within,False,,,best_GxC_snps_glucose_statins.txt,rs34243497,5.1398e-09,,,antisense,CTD-2541M15.1|CTD-2541M15.4|MCPH1,,
rs80042324,8,20958436.0,None within 10kb,N/A,N/A,False,,,best_GxC_snps_glucose_statins.txt,rs80042324,3.41315e-11,,,N/A,,,
rs78566988,8,40620306.0,ZMAT4,0,within,False,,,best_GxC_snps_glucose_statins.txt,rs78566988,1.22553e-08,,,protein_coding,ZMAT4,,
rs72647274,8,42944887.0,POMK,3771,upstream,False,,,best_GxC_snps_glucose_statins.txt,rs72647274,3.59916e-08,,,protein_coding,POMK|FNTA,,
rs7831688,8,70546219.0,SULF1,0,within,False,,,best_GxC_snps_glucose_statins.txt,rs7831688,1.37934e-08,,,protein_coding,SULF1,,
8:82646942_CAG_C,,,Position unknown,N/A,N/A,False,,,best_GxC_snps_glucose_statins.txt,8:82646942_CAG_C,1.31695e-08,,,N/A,,,404 Client Error: Not Found. for url: https://myvariant.info/v1/variant/8:82646942_CAG_C?fields=clinvar.rcv.clinical_significance%2Cclinvar.rcv.conditions.name%2Cclinvar.variant_id&assembly=hg19
rs3102490,8,96694005.0,KB-1047C11.2,0,within,False,,,best_GxC_snps_glucose_statins.txt,rs3102490,2.08972e-08,,,lincRNA,KB-1047C11.2|AC116154.1,,
rs72677906,8,101112264.0,RGS22,0,within,False,,,best_GxC_snps_glucose_statins.txt,rs72677906,3.64274e-08,,,protein_coding,RGS22,,
rs187820381,8,107120737.0,None within 10kb,N/A,N/A,False,,,best_GxC_snps_glucose_statins.txt,rs187820381,1.5886e-08,,,N/A,,,
rs62520189,8,114828145.0,None within 10kb,N/A,N/A,False,,,best_GxC_snps_glucose_statins.txt,rs62520189,6.42304e-09,,,N/A,,,
rs117424852,8,116735337.0,TRPS1,0,within,False,,,best_GxC_snps_glucose_statins.txt,rs117424852,3.27566e-11,,,protein_coding,TRPS1,,
rs117847084,8,118297705.0,None within 10kb,N/A,N/A,False,,,best_GxC_snps_glucose_statins.txt,rs117847084,1.55659e-08,,,N/A,,,
rs75828737,8,121566256.0,SNTB1,0,within,False,,,best_GxC_snps_glucose_statins.txt,rs75828737,3.99036e-08,,,protein_coding,SNTB1,,
8:122928802_TAGAG_T,,,Position unknown,N/A,N/A,False,,,best_GxC_snps_glucose_statins.txt,8:122928802_TAGAG_T,7.89129e-11,,,N/A,,,404 Client Error: Not Found. for url: https://myvariant.info/v1/variant/8:122928802_TAGAG_T?fields=clinvar.rcv.clinical_significance%2Cclinvar.rcv.conditions.name%2Cclinvar.variant_id&assembly=hg19
rs2954021,8,126482077.0,RP11-136O12.2,0,within,False,,,best_GxC_snps_glucose_statins.txt,rs2954021,3.52545e-08,,,lincRNA,RP11-136O12.2,,
rs116879941,8,130452068.0,CCDC26,0,within,False,,,best_GxC_snps_glucose_statins.txt,rs116879941,4.89663e-10,,,lincRNA,CCDC26|RP11-26E5.1,,
rs117222621,8,135197278.0,None within 10kb,N/A,N/A,False,,,best_GxC_snps_glucose_statins.txt,rs117222621,1.00263e-08,,,N/A,,,
rs76867962,8,135458877.0,None within 10kb,N/A,N/A,False,,,best_GxC_snps_glucose_statins.txt,rs76867962,3.3462e-08,,,N/A,,,
rs117652037,8,139666461.0,COL22A1,0,within,False,,,best_GxC_snps_glucose_statins.txt,rs117652037,1.38423e-10,,,protein_coding,COL22A1,,
rs78480666,9,438369.0,DOCK8,0,within,False,,,best_GxC_snps_glucose_statins.txt,rs78480666,6.48108e-10,,,protein_coding,DOCK8,,
rs7021650,9,4068298.0,GLIS3,0,within,False,,,best_GxC_snps_glucose_statins.txt,rs7021650,3.83226e-11,,,protein_coding,GLIS3|RP11-70J12.1,,
rs4742462,9,8161669.0,None within 10kb,N/A,N/A,False,,,best_GxC_snps_glucose_statins.txt,rs4742462,1.25543e-08,,,N/A,,,
rs10965247,9,22132729.0,None within 10kb,N/A,N/A,False,,,best_GxC_snps_glucose_statins.txt,rs10965247,8.4796e-14,,,N/A,,,
rs10812676,9,27858481.0,None within 10kb,N/A,N/A,False,,,best_GxC_snps_glucose_statins.txt,rs10812676,1.43718e-10,,,N/A,,,
rs76698695,9,71568318.0,PIP5K1B,0,within,False,,,best_GxC_snps_glucose_statins.txt,rs76698695,7.58702e-09,,,protein_coding,PIP5K1B,,
rs7854339,9,74301505.0,TMEM2,0,within,False,,,best_GxC_snps_glucose_statins.txt,rs7854339,2.14326e-08,,,protein_coding,TMEM2,,
rs2249890,9,75626909.0,ALDH1A1,0,within,False,,,best_GxC_snps_glucose_statins.txt,rs2249890,1.80448e-08,,,protein_coding,ALDH1A1,,
rs11143542,9,75842518.0,None within 10kb,N/A,N/A,False,,,best_GxC_snps_glucose_statins.txt,rs11143542,2.70229e-09,,,N/A,,,
rs10120908,9,86931858.0,SLC28A3,0,within,False,,,best_GxC_snps_glucose_statins.txt,rs10120908,4.37889e-08,,,protein_coding,SLC28A3,,
rs140858252,9,86968041.0,None within 10kb,N/A,N/A,False,,,best_GxC_snps_glucose_statins.txt,rs140858252,2.14277e-08,,,N/A,,,
rs117734979,9,96194123.0,RP11-165J3.5,542,downstream,False,,,best_GxC_snps_glucose_statins.txt,rs117734979,7.6313e-09,,,antisense,RP11-165J3.5|RP11-165J3.6,,
rs117737544,9,101376923.0,GABBR2,0,within,False,,,best_GxC_snps_glucose_statins.txt,rs117737544,2.30001e-08,,,protein_coding,GABBR2|SEPT7P7,,
rs118093564,9,104662605.0,None within 10kb,N/A,N/A,False,,,best_GxC_snps_glucose_statins.txt,rs118093564,1.73432e-08,,,N/A,,,
rs77803032,9,106325849.0,None within 10kb,N/A,N/A,False,,,best_GxC_snps_glucose_statins.txt,rs77803032,1.97855e-08,,,N/A,,,
rs4742955,9,108377097.0,FKTN,0,within,False,,,best_GxC_snps_glucose_statins.txt,rs4742955,2.06522e-09,,,protein_coding,FKTN,,
rs61106340,9,119520093.0,ASTN2,0,within,False,,,best_GxC_snps_glucose_statins.txt,rs61106340,7.40028e-11,,,protein_coding,ASTN2,,
rs76511072,9,119544726.0,ASTN2,0,within,False,,,best_GxC_snps_glucose_statins.txt,rs76511072,2.35807e-08,,,protein_coding,ASTN2,,
rs78861713,9,126202375.0,DENND1A,0,within,False,,,best_GxC_snps_glucose_statins.txt,rs78861713,9.02017e-10,,,protein_coding,DENND1A,,
rs184827550,9,129413261.0,LMX1B,0,within,False,,,best_GxC_snps_glucose_statins.txt,rs184827550,8.66475e-09,,,protein_coding,LMX1B|RP11-123K19.2,,
rs7024667,9,133554189.0,PRDM12,0,within,False,,,best_GxC_snps_glucose_statins.txt,rs7024667,1.25507e-08,,,protein_coding,PRDM12,,
rs117426456,9,137382736.0,None within 10kb,N/A,N/A,False,,,best_GxC_snps_glucose_statins.txt,rs117426456,3.25095e-08,,,N/A,,,
rs2989741,9,138160077.0,AL390778.1,8802,downstream,False,,,best_GxC_snps_glucose_statins.txt,rs2989741,1.54479e-10,,,protein_coding,AL390778.1,,
rs140518949,10,5835093.0,GDI2,0,within,False,,,best_GxC_snps_glucose_statins.txt,rs140518949,9.43921e-10,,,protein_coding,GDI2,,
rs7914687,10,14850552.0,None within 10kb,N/A,N/A,False,,,best_GxC_snps_glucose_statins.txt,rs7914687,1.12887e-09,,,N/A,,,
rs3858219,10,24706072.0,KIAA1217,0,within,False,,,best_GxC_snps_glucose_statins.txt,rs3858219,3.62018e-08,,,protein_coding,KIAA1217,,
rs187990455,10,29715784.0,PTCHD3P1,0,within,False,,,best_GxC_snps_glucose_statins.txt,rs187990455,3.4229e-16,,,antisense,PTCHD3P1,,
rs117223419,10,33596567.0,NRP1,0,within,False,,,best_GxC_snps_glucose_statins.txt,rs117223419,7.30519e-09,,,protein_coding,NRP1,,
rs77367678,10,48477239.0,None within 10kb,N/A,N/A,False,,,best_GxC_snps_glucose_statins.txt,rs77367678,1.16354e-08,,,N/A,,,
rs143951186,10,58400900.0,None within 10kb,N/A,N/A,False,,,best_GxC_snps_glucose_statins.txt,rs143951186,5.36251e-10,,,N/A,,,
rs12774882,10,60620866.0,RN7SKP196,8078,upstream,False,,,best_GxC_snps_glucose_statins.txt,rs12774882,9.2397e-10,,,misc_RNA,RN7SKP196,,
rs75236061,10,65229938.0,JMJD1C-AS1,3615,downstream,False,,,best_GxC_snps_glucose_statins.txt,rs75236061,1.83147e-08,,,antisense,JMJD1C-AS1|JMJD1C,,
rs17231518,10,68678461.0,CTNNA3,0,within,False,,,best_GxC_snps_glucose_statins.txt,rs17231518,1.44397e-09,,,protein_coding,CTNNA3|LRRTM3,,
rs2243895,10,79867511.0,None within 10kb,N/A,N/A,False,,,best_GxC_snps_glucose_statins.txt,rs2243895,1.70205e-10,,,N/A,,,
rs4333969,10,86540818.0,None within 10kb,N/A,N/A,False,,,best_GxC_snps_glucose_statins.txt,rs4333969,1.46849e-08,,,N/A,,,
rs147012079,10,90481917.0,LIPK,2384,upstream,False,,,best_GxC_snps_glucose_statins.txt,rs147012079,9.15017e-09,,,protein_coding,LIPK|KRT8P38,,
rs17105731,10,92873811.0,None within 10kb,N/A,N/A,False,,,best_GxC_snps_glucose_statins.txt,rs17105731,5.02316e-11,,,N/A,,,
rs12778642,10,94464307.0,Y_RNA,5949,upstream,False,,,best_GxC_snps_glucose_statins.txt,rs12778642,5.11437e-12,,,misc_RNA,Y_RNA|HHEX,,
rs1408579,10,101912194.0,ERLIN1,0,within,True,Benign,not provided,best_GxC_snps_glucose_statins.txt,rs1408579,2.67288e-08,,,protein_coding,ERLIN1|RP11-316M21.9,1293005.0,
rs7919667,10,102968878.0,None within 10kb,N/A,N/A,False,,,best_GxC_snps_glucose_statins.txt,rs7919667,1.97955e-09,,,N/A,,,
rs190903251,10,110780690.0,None within 10kb,N/A,N/A,False,,,best_GxC_snps_glucose_statins.txt,rs190903251,2.22838e-08,,,N/A,,,
rs146491165,10,111441060.0,RP11-566F5.1,261,downstream,False,,,best_GxC_snps_glucose_statins.txt,rs146491165,4.21193e-08,,,pseudogene,RP11-566F5.1,,
rs35198068,10,114754784.0,TCF7L2,0,within,False,,,best_GxC_snps_glucose_statins.txt,rs35198068,5.94128e-50,,,protein_coding,TCF7L2|RP11-139K1.2,,
rs78025551,10,114757956.0,TCF7L2,0,within,False,,,best_GxC_snps_glucose_statins.txt,rs78025551,1.03883e-10,,,protein_coding,TCF7L2,,
rs77108926,10,117362817.0,ATRNL1,0,within,False,,,best_GxC_snps_glucose_statins.txt,rs77108926,1.15637e-11,,,protein_coding,ATRNL1,,
rs1254162,10,122602137.0,WDR11-AS1,0,within,False,,,best_GxC_snps_glucose_statins.txt,rs1254162,3.76007e-09,,,antisense,WDR11-AS1|WDR11,,
rs10829817,10,132635031.0,None within 10kb,N/A,N/A,False,,,best_GxC_snps_glucose_statins.txt,rs10829817,1.11697e-08,,,N/A,,,
rs2237895,11,2857194.0,KCNQ1,0,within,False,,,best_GxC_snps_glucose_statins.txt,rs2237895,7.43763e-15,,,protein_coding,KCNQ1|KCNQ1-AS1,,
rs72859085,11,12406179.0,PARVA,0,within,False,,,best_GxC_snps_glucose_statins.txt,rs72859085,2.78513e-08,,,protein_coding,PARVA,,
rs11828021,11,15880212.0,None within 10kb,N/A,N/A,False,,,best_GxC_snps_glucose_statins.txt,rs11828021,2.00747e-11,,,N/A,,,
rs11605703,11,20662122.0,SLC6A5,0,within,False,,,best_GxC_snps_glucose_statins.txt,rs11605703,9.7175e-09,,,protein_coding,SLC6A5,,
rs74579645,11,20982770.0,NELL1,0,within,False,,,best_GxC_snps_glucose_statins.txt,rs74579645,1.72494e-08,,,protein_coding,NELL1,,
rs112932455,11,28006840.0,RP11-406D1.2,0,within,False,,,best_GxC_snps_glucose_statins.txt,rs112932455,1.55056e-08,,,lincRNA,RP11-406D1.2,,
rs12417141,11,33394702.0,None within 10kb,N/A,N/A,False,,,best_GxC_snps_glucose_statins.txt,rs12417141,2.6087e-09,,,N/A,,,
rs4755188,11,43211543.0,HNRNPKP3,0,within,False,,,best_GxC_snps_glucose_statins.txt,rs4755188,3.91899e-10,,,pseudogene,HNRNPKP3,,
rs10768997,11,43993006.0,RP11-613D13.4,0,within,False,,,best_GxC_snps_glucose_statins.txt,rs10768997,1.53662e-08,,,sense_overlapping,RP11-613D13.4,,
rs76359842,11,48673894.0,None within 10kb,N/A,N/A,False,,,best_GxC_snps_glucose_statins.txt,rs76359842,4.01467e-08,,,N/A,,,
rs61468422,11,66183248.0,RP11-867G23.10,0,within,False,,,best_GxC_snps_glucose_statins.txt,rs61468422,3.82318e-10,,,processed_transcript,RP11-867G23.10|NPAS4,,
rs80323225,11,66575695.0,C11orf80,0,within,False,,,best_GxC_snps_glucose_statins.txt,rs80323225,4.16571e-08,,,protein_coding,C11orf80,,
rs34837152,11,69967032.0,ANO1,0,within,False,,,best_GxC_snps_glucose_statins.txt,rs34837152,4.16109e-08,,,protein_coding,ANO1|RP11-805J14.3,,
rs7117789,11,81050141.0,None within 10kb,N/A,N/A,False,,,best_GxC_snps_glucose_statins.txt,rs7117789,4.57428e-08,,,N/A,,,
rs76860350,11,81842801.0,RP11-179A16.1,0,within,False,,,best_GxC_snps_glucose_statins.txt,rs76860350,3.11913e-08,,,lincRNA,RP11-179A16.1,,
rs7115348,11,82806574.0,RAB30-AS1,0,within,False,,,best_GxC_snps_glucose_statins.txt,rs7115348,5.62572e-09,,,lincRNA,RAB30-AS1|RP11-113K21.4,,
rs118128242,11,83038626.0,RP11-727A23.10,0,within,False,,,best_GxC_snps_glucose_statins.txt,rs118128242,3.77887e-08,,,antisense,RP11-727A23.10|CYCSP28,,
rs775311889,11,86796041.0,TMEM135,0,within,False,,,best_GxC_snps_glucose_statins.txt,rs775311889,4.35831e-08,,,protein_coding,TMEM135|RP11-648O15.1,,
rs139228172,11,87759718.0,None within 10kb,N/A,N/A,False,,,best_GxC_snps_glucose_statins.txt,rs139228172,6.67841e-10,,,N/A,,,
rs80089378,11,87888184.0,RAB38,0,within,False,,,best_GxC_snps_glucose_statins.txt,rs80089378,3.52862e-08,,,protein_coding,RAB38,,
11:87914913_AT_A,,,Position unknown,N/A,N/A,False,,,best_GxC_snps_glucose_statins.txt,11:87914913_AT_A,4.90576e-08,,,N/A,,,404 Client Error: Not Found. for url: https://myvariant.info/v1/variant/11:87914913_AT_A?fields=clinvar.rcv.clinical_significance%2Cclinvar.rcv.conditions.name%2Cclinvar.variant_id&assembly=hg19
rs192073245,11,98070101.0,None within 10kb,N/A,N/A,False,,,best_GxC_snps_glucose_statins.txt,rs192073245,4.34105e-08,,,N/A,,,
rs7123718,11,100645211.0,ARHGAP42,0,within,False,,,best_GxC_snps_glucose_statins.txt,rs7123718,5.16576e-09,,,protein_coding,ARHGAP42,,
rs7944909,11,103475938.0,None within 10kb,N/A,N/A,False,,,best_GxC_snps_glucose_statins.txt,rs7944909,1.72612e-08,,,N/A,,,
rs10890999,11,109340807.0,RP11-708B6.2,0,within,False,,,best_GxC_snps_glucose_statins.txt,rs10890999,1.94226e-09,,,antisense,RP11-708B6.2,,
rs77180039,11,110021260.0,ZC3H12C,0,within,False,,,best_GxC_snps_glucose_statins.txt,rs77180039,1.20051e-08,,,protein_coding,ZC3H12C,,
rs17461788,11,111077851.0,None within 10kb,N/A,N/A,False,,,best_GxC_snps_glucose_statins.txt,rs17461788,1.66601e-08,,,N/A,,,
rs7129766,11,112562092.0,None within 10kb,N/A,N/A,False,,,best_GxC_snps_glucose_statins.txt,rs7129766,6.79173e-14,,,N/A,,,
rs113419013,11,116870420.0,SIK3,0,within,False,,,best_GxC_snps_glucose_statins.txt,rs113419013,3.24819e-10,,,protein_coding,SIK3,,
rs118146772,11,120836733.0,GRIK4,0,within,False,,,best_GxC_snps_glucose_statins.txt,rs118146772,1.05519e-08,,,protein_coding,GRIK4,,
rs72552201,11,123503218.0,SCN3B,0,within,False,,,best_GxC_snps_glucose_statins.txt,rs72552201,5.80054e-11,,,protein_coding,SCN3B|GRAMD1B,,
rs56369005,11,128560276.0,FLI1,0,within,False,,,best_GxC_snps_glucose_statins.txt,rs56369005,2.60647e-08,,,protein_coding,FLI1|SENCR|RP11-744N12.3,,
rs75310467,11,129013389.0,ARHGAP32,0,within,False,,,best_GxC_snps_glucose_statins.txt,rs75310467,1.96826e-08,,,protein_coding,ARHGAP32,,
rs1527777,11,131643111.0,NTM,0,within,False,,,best_GxC_snps_glucose_statins.txt,rs1527777,3.96483e-08,,,protein_coding,NTM|RP11-651K21.1,,
rs7976156,12,292755.0,RP11-598F7.6,1190,downstream,False,,,best_GxC_snps_glucose_statins.txt,rs7976156,8.48897e-09,,,lincRNA,RP11-598F7.6|IQSEC3|SLC6A12|RP11-283I3.1,,
rs117559150,12,19138890.0,None within 10kb,N/A,N/A,False,,,best_GxC_snps_glucose_statins.txt,rs117559150,4.49147e-09,,,N/A,,,
rs4148990,12,21470606.0,SLCO1A2,0,within,False,,,best_GxC_snps_glucose_statins.txt,rs4148990,6.4474e-11,,,protein_coding,SLCO1A2,,
rs148416760,12,21953202.0,ABCC9,0,within,False,,,best_GxC_snps_glucose_statins.txt,rs148416760,4.72924e-09,,,protein_coding,ABCC9,,
rs554016,12,24488098.0,RP11-444D3.1,0,within,False,,,best_GxC_snps_glucose_statins.txt,rs554016,3.02471e-08,,,lincRNA,RP11-444D3.1,,
rs116656240,12,26347057.0,SSPN,0,within,False,,,best_GxC_snps_glucose_statins.txt,rs116656240,1.23204e-12,,,protein_coding,SSPN,,
rs7133214,12,27957533.0,RN7SKP15,1482,upstream,False,,,best_GxC_snps_glucose_statins.txt,rs7133214,4.66745e-09,,,misc_RNA,RN7SKP15|KLHL42|RP11-860B13.3,,
rs117198289,12,33418081.0,None within 10kb,N/A,N/A,False,,,best_GxC_snps_glucose_statins.txt,rs117198289,2.47637e-09,,,N/A,,,
rs11180604,12,41672945.0,PDZRN4,0,within,False,,,best_GxC_snps_glucose_statins.txt,rs11180604,1.23345e-08,,,protein_coding,PDZRN4,,
rs11170651,12,54099068.0,CALCOCO1,5835,upstream,False,,,best_GxC_snps_glucose_statins.txt,rs11170651,1.02751e-09,,,protein_coding,CALCOCO1,,
rs78784585,12,63547715.0,AVPR1A,2993,downstream,False,,,best_GxC_snps_glucose_statins.txt,rs78784585,2.70112e-08,,,protein_coding,AVPR1A,,
rs17014258,12,87255414.0,None within 10kb,N/A,N/A,False,,,best_GxC_snps_glucose_statins.txt,rs17014258,4.72062e-08,,,N/A,,,
rs11108525,12,96854943.0,RP11-510I5.4,0,within,False,,,best_GxC_snps_glucose_statins.txt,rs11108525,3.47073e-10,,,lincRNA,RP11-510I5.4,,
12:103283268_TGATA_T,,,Position unknown,N/A,N/A,False,,,best_GxC_snps_glucose_statins.txt,12:103283268_TGATA_T,3.22191e-08,,,N/A,,,404 Client Error: Not Found. for url: https://myvariant.info/v1/variant/12:103283268_TGATA_T?fields=clinvar.rcv.clinical_significance%2Cclinvar.rcv.conditions.name%2Cclinvar.variant_id&assembly=hg19
rs77096967,12,104333474.0,HSP90B1,0,within,False,,,best_GxC_snps_glucose_statins.txt,rs77096967,5.35319e-12,,,protein_coding,HSP90B1|MIR3652|RP11-642P15.1,,
rs10774887,12,117230330.0,RNFT2,0,within,False,,,best_GxC_snps_glucose_statins.txt,rs10774887,5.24446e-09,,,protein_coding,RNFT2,,
rs2727690,12,119730857.0,None within 10kb,N/A,N/A,False,,,best_GxC_snps_glucose_statins.txt,rs2727690,3.61463e-10,,,N/A,,,
rs189793373,12,122125488.0,None within 10kb,N/A,N/A,False,,,best_GxC_snps_glucose_statins.txt,rs189793373,6.38939e-09,,,N/A,,,
rs12820311,12,130566133.0,RP11-474D1.2,8903,downstream,False,,,best_GxC_snps_glucose_statins.txt,rs12820311,8.39986e-10,,,lincRNA,RP11-474D1.2,,
rs141157122,13,21847003.0,ESRRAP2,0,within,False,,,best_GxC_snps_glucose_statins.txt,rs141157122,1.22628e-08,,,pseudogene,ESRRAP2,,
rs56232276,13,24025913.0,None within 10kb,N/A,N/A,False,,,best_GxC_snps_glucose_statins.txt,rs56232276,1.48262e-08,,,N/A,,,
rs35052580,13,30976240.0,None within 10kb,N/A,N/A,False,,,best_GxC_snps_glucose_statins.txt,rs35052580,1.94052e-08,,,N/A,,,
rs73169160,13,32871600.0,RP11-37E23.5,691,upstream,False,,,best_GxC_snps_glucose_statins.txt,rs73169160,4.91184e-09,,,antisense,RP11-37E23.5|FRY|ZAR1L,,
rs77191271,13,36293730.0,None within 10kb,N/A,N/A,False,,,best_GxC_snps_glucose_statins.txt,rs77191271,1.58097e-09,,,N/A,,,
rs187573868,13,45126585.0,TSC22D1,0,within,False,,,best_GxC_snps_glucose_statins.txt,rs187573868,1.673e-09,,,protein_coding,TSC22D1,,
rs675305,13,51322188.0,DLEU7,0,within,False,,,best_GxC_snps_glucose_statins.txt,rs675305,4.2868e-09,,,protein_coding,DLEU7,,
rs4942986,13,51836846.0,FAM124A,0,within,False,,,best_GxC_snps_glucose_statins.txt,rs4942986,2.75031e-08,,,protein_coding,FAM124A,,
rs74658373,13,61736218.0,None within 10kb,N/A,N/A,False,,,best_GxC_snps_glucose_statins.txt,rs74658373,3.694e-11,,,N/A,,,
rs183609798,13,64199160.0,None within 10kb,N/A,N/A,False,,,best_GxC_snps_glucose_statins.txt,rs183609798,3.9643e-08,,,N/A,,,
rs4363749,13,64307261.0,LINC00395,0,within,False,,,best_GxC_snps_glucose_statins.txt,rs4363749,2.02638e-08,,,antisense,LINC00395|OR7E156P,,
rs359369,13,65191426.0,None within 10kb,N/A,N/A,False,,,best_GxC_snps_glucose_statins.txt,rs359369,1.14516e-08,,,N/A,,,
rs34457266,13,70186325.0,None within 10kb,N/A,N/A,False,,,best_GxC_snps_glucose_statins.txt,rs34457266,3.65039e-10,,,N/A,,,
rs9542777,13,72496589.0,RPS10P21,8273,downstream,False,,,best_GxC_snps_glucose_statins.txt,rs9542777,7.58927e-10,,,pseudogene,RPS10P21,,
rs9565107,13,75175663.0,None within 10kb,N/A,N/A,False,,,best_GxC_snps_glucose_statins.txt,rs9565107,3.73717e-09,,,N/A,,,
rs7331963,13,76512856.0,LINC00561,3588,downstream,False,,,best_GxC_snps_glucose_statins.txt,rs7331963,1.95111e-08,,,lincRNA,LINC00561,,
rs188271886,13,80543513.0,None within 10kb,N/A,N/A,False,,,best_GxC_snps_glucose_statins.txt,rs188271886,6.78055e-09,,,N/A,,,
13:80753840_TTCTC_T,,,Position unknown,N/A,N/A,False,,,best_GxC_snps_glucose_statins.txt,13:80753840_TTCTC_T,3.00432e-09,,,N/A,,,404 Client Error: Not Found. for url: https://myvariant.info/v1/variant/13:80753840_TTCTC_T?fields=clinvar.rcv.clinical_significance%2Cclinvar.rcv.conditions.name%2Cclinvar.variant_id&assembly=hg19
rs118158864,13,83308481.0,None within 10kb,N/A,N/A,False,,,best_GxC_snps_glucose_statins.txt,rs118158864,2.48478e-09,,,N/A,,,
rs185205504,13,88946468.0,None within 10kb,N/A,N/A,False,,,best_GxC_snps_glucose_statins.txt,rs185205504,4.46312e-08,,,N/A,,,
rs150336621,13,95298690.0,RNA5SP36,4961,upstream,False,,,best_GxC_snps_glucose_statins.txt,rs150336621,1.67522e-10,,,rRNA,RNA5SP36,,
rs72640790,13,95622566.0,LINC00557,8993,downstream,False,,,best_GxC_snps_glucose_statins.txt,rs72640790,6.11214e-10,,,lincRNA,LINC00557,,
rs4272894,13,96295211.0,DZIP1,0,within,False,,,best_GxC_snps_glucose_statins.txt,rs4272894,1.1612e-08,,,protein_coding,DZIP1|DNAJC3-AS1,,
rs77123238,13,100502147.0,CLYBL,0,within,False,,,best_GxC_snps_glucose_statins.txt,rs77123238,3.19318e-08,,,protein_coding,CLYBL,,
rs9513934,13,102327545.0,ITGBL1,0,within,False,,,best_GxC_snps_glucose_statins.txt,rs9513934,4.98444e-08,,,protein_coding,ITGBL1,,
rs117503177,13,103735675.0,None within 10kb,N/A,N/A,False,,,best_GxC_snps_glucose_statins.txt,rs117503177,2.68086e-10,,,N/A,,,
rs113354892,13,111489874.0,None within 10kb,N/A,N/A,False,,,best_GxC_snps_glucose_statins.txt,rs113354892,8.54057e-09,,,N/A,,,
rs10138456,14,23978240.0,NGDN,0,within,False,,,best_GxC_snps_glucose_statins.txt,rs10138456,4.05928e-08,,,protein_coding,NGDN|RP11-66N24.4,,
rs79046281,14,26957309.0,NOVA1,0,within,False,,,best_GxC_snps_glucose_statins.txt,rs79046281,1.61629e-09,,,protein_coding,NOVA1,,
rs17780306,14,40261159.0,None within 10kb,N/A,N/A,False,,,best_GxC_snps_glucose_statins.txt,rs17780306,3.52616e-08,,,N/A,,,
rs1889369,14,46807894.0,LINC00871,0,within,False,,,best_GxC_snps_glucose_statins.txt,rs1889369,6.69882e-09,,,lincRNA,LINC00871,,
rs186270019,14,49453530.0,None within 10kb,N/A,N/A,False,,,best_GxC_snps_glucose_statins.txt,rs186270019,1.93548e-10,,,N/A,,,
rs76419395,14,54347246.0,None within 10kb,N/A,N/A,False,,,best_GxC_snps_glucose_statins.txt,rs76419395,6.58946e-09,,,N/A,,,
rs74055112,14,57604967.0,OTX2-AS1,0,within,False,,,best_GxC_snps_glucose_statins.txt,rs74055112,6.83439e-09,,,antisense,OTX2-AS1,,
rs753649,14,65658455.0,None within 10kb,N/A,N/A,False,,,best_GxC_snps_glucose_statins.txt,rs753649,2.48368e-08,,,N/A,,,
rs79732256,14,78985938.0,NRXN3,0,within,False,,,best_GxC_snps_glucose_statins.txt,rs79732256,2.20578e-08,,,protein_coding,NRXN3,,
rs35445809,14,94446370.0,ASB2,3233,downstream,False,,,best_GxC_snps_glucose_statins.txt,rs35445809,1.08442e-08,,,protein_coding,ASB2,,
rs2269324,14,103468597.0,CDC42BPB,0,within,False,,,best_GxC_snps_glucose_statins.txt,rs2269324,2.50202e-08,,,protein_coding,CDC42BPB,,
rs117618513,14,103914841.0,MARK3,0,within,False,,,best_GxC_snps_glucose_statins.txt,rs117618513,2.3727e-08,,,protein_coding,MARK3,,
rs62003447,15,36324976.0,RP11-184D12.1,0,within,False,,,best_GxC_snps_glucose_statins.txt,rs62003447,4.79943e-09,,,lincRNA,RP11-184D12.1,,
rs146697790,15,61775337.0,RP11-507B12.2,0,within,False,,,best_GxC_snps_glucose_statins.txt,rs146697790,3.87706e-08,,,lincRNA,RP11-507B12.2,,
rs76669796,15,63301662.0,None within 10kb,N/A,N/A,False,,,best_GxC_snps_glucose_statins.txt,rs76669796,3.43673e-08,,,N/A,,,
rs151285353,15,67381527.0,SMAD3,0,within,False,,,best_GxC_snps_glucose_statins.txt,rs151285353,4.591e-09,,,protein_coding,SMAD3,,
15:67728500_TC_T,,,Position unknown,N/A,N/A,False,,,best_GxC_snps_glucose_statins.txt,15:67728500_TC_T,4.4231e-09,,,N/A,,,404 Client Error: Not Found. for url: https://myvariant.info/v1/variant/15:67728500_TC_T?fields=clinvar.rcv.clinical_significance%2Cclinvar.rcv.conditions.name%2Cclinvar.variant_id&assembly=hg19
rs12441129,15,70387560.0,TLE3,0,within,False,,,best_GxC_snps_glucose_statins.txt,rs12441129,2.66836e-10,,,protein_coding,TLE3,,
rs11638844,15,79231518.0,CTSH,0,within,False,,,best_GxC_snps_glucose_statins.txt,rs11638844,2.3528e-12,,,protein_coding,CTSH,,
rs79321575,15,79650244.0,TMED3,0,within,False,,,best_GxC_snps_glucose_statins.txt,rs79321575,1.12105e-08,,,protein_coding,TMED3,,
rs56042531,15,80388374.0,ZFAND6,0,within,False,,,best_GxC_snps_glucose_statins.txt,rs56042531,1.29524e-08,,,protein_coding,ZFAND6,,
rs117874797,15,85620923.0,PDE8A,0,within,False,,,best_GxC_snps_glucose_statins.txt,rs117874797,1.16446e-08,,,protein_coding,PDE8A,,
rs62020302,15,93143990.0,RP11-386M24.3,215,downstream,False,,,best_GxC_snps_glucose_statins.txt,rs62020302,1.09944e-08,,,lincRNA,RP11-386M24.3|RP11-386M24.9|RP11-386M24.6,,
rs116886521,15,96216170.0,None within 10kb,N/A,N/A,False,,,best_GxC_snps_glucose_statins.txt,rs116886521,1.00441e-08,,,N/A,,,
rs76138089,15,99610134.0,RP11-654A16.3,0,within,False,,,best_GxC_snps_glucose_statins.txt,rs76138089,8.44656e-09,,,antisense,RP11-654A16.3,,
rs13330171,16,20190597.0,None within 10kb,N/A,N/A,False,,,best_GxC_snps_glucose_statins.txt,rs13330171,2.92653e-08,,,N/A,,,
rs77188529,16,26693720.0,None within 10kb,N/A,N/A,False,,,best_GxC_snps_glucose_statins.txt,rs77188529,4.12916e-08,,,N/A,,,
rs56402147,16,27400868.0,None within 10kb,N/A,N/A,False,,,best_GxC_snps_glucose_statins.txt,rs56402147,1.49592e-08,,,N/A,,,
rs139282126,16,27832158.0,GSG1L,0,within,False,,,best_GxC_snps_glucose_statins.txt,rs139282126,3.75374e-09,,,protein_coding,GSG1L,,
rs59176040,16,55281805.0,None within 10kb,N/A,N/A,False,,,best_GxC_snps_glucose_statins.txt,rs59176040,3.55606e-09,,,N/A,,,
rs74342400,16,69893719.0,WWP2,0,within,False,,,best_GxC_snps_glucose_statins.txt,rs74342400,5.42257e-12,,,protein_coding,WWP2,,
rs7196917,16,69896527.0,WWP2,0,within,False,,,best_GxC_snps_glucose_statins.txt,rs7196917,3.80254e-09,,,protein_coding,WWP2,,
16:79182711_ACTTCTACATATATC_A,,,Position unknown,N/A,N/A,False,,,best_GxC_snps_glucose_statins.txt,16:79182711_ACTTCTACATATATC_A,2.25368e-10,,,N/A,,,404 Client Error: Not Found. for url: https://myvariant.info/v1/variant/16:79182711_ACTTCTACATATATC_A?fields=clinvar.rcv.clinical_significance%2Cclinvar.rcv.conditions.name%2Cclinvar.variant_id&assembly=hg19
rs117437685,16,79478451.0,None within 10kb,N/A,N/A,False,,,best_GxC_snps_glucose_statins.txt,rs117437685,3.79549e-09,,,N/A,,,
rs1026932,16,80412189.0,RP11-525K10.3,0,within,False,,,best_GxC_snps_glucose_statins.txt,rs1026932,1.28244e-09,,,antisense,RP11-525K10.3,,
rs17742148,16,80469653.0,RP11-525K10.3,0,within,False,,,best_GxC_snps_glucose_statins.txt,rs17742148,4.87966e-10,,,antisense,RP11-525K10.3,,
rs253143,16,83998220.0,OSGIN1,0,within,False,,,best_GxC_snps_glucose_statins.txt,rs253143,6.09394e-09,,,protein_coding,OSGIN1|NECAB2,,
rs114757806,16,85737609.0,C16orf74,0,within,False,,,best_GxC_snps_glucose_statins.txt,rs114757806,3.57864e-08,,,protein_coding,C16orf74,,
rs139379798,16,86385102.0,LINC00917,1813,downstream,False,,,best_GxC_snps_glucose_statins.txt,rs139379798,7.39425e-10,,,lincRNA,LINC00917|RP11-158I3.3,,
rs71366574,17,3661052.0,ITGAE,0,within,False,,,best_GxC_snps_glucose_statins.txt,rs71366574,1.62483e-08,,,protein_coding,ITGAE,,
rs11871409,17,5728870.0,WSCD1,0,within,False,,,best_GxC_snps_glucose_statins.txt,rs11871409,3.83208e-08,,,protein_coding,WSCD1,,
rs192845217,17,10293149.0,RP11-799N11.1,0,within,False,,,best_GxC_snps_glucose_statins.txt,rs192845217,3.05158e-08,,,antisense,RP11-799N11.1|CTC-297N7.11|MYH8,,
rs113330726,17,10532255.0,MYH3,0,within,True,Likely benign,not provided,best_GxC_snps_glucose_statins.txt,rs113330726,3.9887e-08,,,protein_coding,MYH3|CTC-297N7.11|CTC-297N7.7,1197828.0,
rs16946248,17,12473371.0,LINC00670,0,within,False,,,best_GxC_snps_glucose_statins.txt,rs16946248,4.53435e-08,,,lincRNA,LINC00670,,
rs191111884,17,29643674.0,NF1,0,within,False,,,best_GxC_snps_glucose_statins.txt,rs191111884,1.14664e-10,,,protein_coding,NF1|CTD-2370N5.3|EVI2A|EVI2B,,
rs113992024,17,33436812.0,RAD51L3-RFFL,0,within,False,,,best_GxC_snps_glucose_statins.txt,rs113992024,1.4083e-09,,,protein_coding,RAD51L3-RFFL|RAD51D,,
rs598126,17,40716520.0,COASY,0,within,False,,,best_GxC_snps_glucose_statins.txt,rs598126,1.01957e-08,,,protein_coding,COASY|RP11-400F19.8|MLX|PSMC3IP|HSD17B1|RP11-400F19.6,,
rs148386976,17,59682696.0,None within 10kb,N/A,N/A,False,,,best_GxC_snps_glucose_statins.txt,rs148386976,2.68242e-09,,,N/A,,,
rs35690568,17,63492920.0,None within 10kb,N/A,N/A,False,,,best_GxC_snps_glucose_statins.txt,rs35690568,2.12403e-10,,,N/A,,,
rs116984122,17,65380464.0,PITPNC1,0,within,False,,,best_GxC_snps_glucose_statins.txt,rs116984122,1.67777e-09,,,protein_coding,PITPNC1,,
rs35169981,17,76297326.0,None within 10kb,N/A,N/A,False,,,best_GxC_snps_glucose_statins.txt,rs35169981,1.71357e-08,,,N/A,,,
rs9901936,17,77325920.0,RBFOX3,0,within,False,,,best_GxC_snps_glucose_statins.txt,rs9901936,7.95873e-11,,,protein_coding,RBFOX3,,
rs61735692,17,80059690.0,CCDC57,0,within,False,,,best_GxC_snps_glucose_statins.txt,rs61735692,6.53251e-09,,,protein_coding,CCDC57|FASN,,
rs2033076,18,2224646.0,RP11-161I6.2,0,within,False,,,best_GxC_snps_glucose_statins.txt,rs2033076,1.181e-08,,,lincRNA,RP11-161I6.2,,
rs7227688,18,4212590.0,DLGAP1,0,within,False,,,best_GxC_snps_glucose_statins.txt,rs7227688,9.43137e-10,,,protein_coding,DLGAP1,,
rs12954762,18,5180909.0,C18orf42,0,within,False,,,best_GxC_snps_glucose_statins.txt,rs12954762,6.41747e-09,,,protein_coding,C18orf42|RP11-190I17.2,,
rs113125373,18,8011923.0,PTPRM,0,within,False,,,best_GxC_snps_glucose_statins.txt,rs113125373,3.05306e-08,,,protein_coding,PTPRM,,
rs117153803,18,28735908.0,RP11-408H20.2,0,within,False,,,best_GxC_snps_glucose_statins.txt,rs117153803,2.25755e-08,,,antisense,RP11-408H20.2|DSC1,,
rs4799760,18,31919489.0,None within 10kb,N/A,N/A,False,,,best_GxC_snps_glucose_statins.txt,rs4799760,1.00778e-08,,,N/A,,,
rs116924028,18,38517692.0,None within 10kb,N/A,N/A,False,,,best_GxC_snps_glucose_statins.txt,rs116924028,2.31134e-08,,,N/A,,,
rs117413605,18,58255175.0,None within 10kb,N/A,N/A,False,,,best_GxC_snps_glucose_statins.txt,rs117413605,2.96978e-08,,,N/A,,,
rs2040212,18,64252341.0,CDH19,0,within,False,,,best_GxC_snps_glucose_statins.txt,rs2040212,1.81225e-09,,,protein_coding,CDH19,,
rs11151867,18,71189078.0,None within 10kb,N/A,N/A,False,,,best_GxC_snps_glucose_statins.txt,rs11151867,6.04447e-09,,,N/A,,,
rs3787007,19,660657.0,RNF126,0,within,False,,,best_GxC_snps_glucose_statins.txt,rs3787007,3.69718e-09,,,protein_coding,RNF126|AC004156.3,,
rs73005538,19,8146013.0,FBN3,0,within,True,Benign,not provided|FBN3-related disorder,best_GxC_snps_glucose_statins.txt,rs73005538,2.0471e-08,,,protein_coding,FBN3,1607296.0,
rs62123353,19,8236006.0,CTD-3020H12.3,2150,upstream,False,,,best_GxC_snps_glucose_statins.txt,rs62123353,1.35407e-08,,,pseudogene,CTD-3020H12.3,,
rs7247198,19,10590508.0,KEAP1,6288,upstream,False,,,best_GxC_snps_glucose_statins.txt,rs7247198,4.498e-08,,,protein_coding,KEAP1,,
rs78532283,19,11492060.0,EPOR,0,within,False,,,best_GxC_snps_glucose_statins.txt,rs78532283,9.10975e-09,,,protein_coding,EPOR|RGL3|SWSAP1|CTD-2342J14.6,,
rs139965548,19,13020744.0,GCDH,0,within,False,,,best_GxC_snps_glucose_statins.txt,rs139965548,3.1113e-08,,,protein_coding,GCDH|SYCE2,,
rs149527142,19,14283500.0,LPHN1,0,within,False,,,best_GxC_snps_glucose_statins.txt,rs149527142,1.27171e-08,,,protein_coding,LPHN1|CTB-55O6.12,,
rs117399255,19,14545628.0,PKN1,0,within,False,,,best_GxC_snps_glucose_statins.txt,rs117399255,6.33247e-09,,,protein_coding,PKN1,,
rs11879485,19,16429743.0,CTD-2562J15.6,0,within,False,,,best_GxC_snps_glucose_statins.txt,rs11879485,4.36671e-08,,,antisense,CTD-2562J15.6|KLF2,,
rs117940099,19,38544406.0,SIPA1L3,0,within,False,,,best_GxC_snps_glucose_statins.txt,rs117940099,3.26072e-08,,,protein_coding,SIPA1L3|AC011465.1,,
rs16972718,19,39062386.0,RYR1,0,within,False,,,best_GxC_snps_glucose_statins.txt,rs16972718,1.73194e-09,,,protein_coding,RYR1,,
19:39692656_GTGTT_G,,,Position unknown,N/A,N/A,False,,,best_GxC_snps_glucose_statins.txt,19:39692656_GTGTT_G,5.55268e-09,,,N/A,,,404 Client Error: Not Found. for url: https://myvariant.info/v1/variant/19:39692656_GTGTT_G?fields=clinvar.rcv.clinical_significance%2Cclinvar.rcv.conditions.name%2Cclinvar.variant_id&assembly=hg19
rs117276962,19,40069918.0,CTB-60E11.12,4764,upstream,False,,,best_GxC_snps_glucose_statins.txt,rs117276962,6.24543e-09,,,pseudogene,CTB-60E11.12|RPS29P24,,
rs7412,19,45412079.0,APOE,0,within,True,drug response|Uncertain significance|no classifications from unflagged records|Likely benign; other; risk factor|Benign|Pathogenic,Warfarin response|atorvastatin response - Efficacy|not specified|not provided|Hyperlipoproteinemia due to APOE1|Familial type 3 hyperlipoproteinemia|Hypercholesterolemia,best_GxC_snps_glucose_statins.txt,rs7412,3.0166500000000004e-18,,,protein_coding,APOE|TOMM40|APOC1,441265.0,
rs12721051,19,45422160.0,APOC1,0,within,False,,,best_GxC_snps_glucose_statins.txt,rs12721051,1.11794e-11,,,protein_coding,APOC1|APOC1P1|APOE,,
rs7258938,19,49454793.0,BAX,3279,upstream,False,,,best_GxC_snps_glucose_statins.txt,rs7258938,9.3644e-09,,,protein_coding,BAX|DHDH,,
rs73063828,19,56673838.0,ZNF444,1576,downstream,False,,,best_GxC_snps_glucose_statins.txt,rs73063828,1.13512e-08,,,protein_coding,ZNF444,,
rs6036130,20,284074.0,ZCCHC3,3109,downstream,False,,,best_GxC_snps_glucose_statins.txt,rs6036130,4.79788e-09,,,protein_coding,ZCCHC3|AL034548.1,,
rs181639670,20,491024.0,CSNK2A1,0,within,False,,,best_GxC_snps_glucose_statins.txt,rs181639670,1.07117e-10,,,protein_coding,CSNK2A1,,
rs34251514,20,1192063.0,C20orf202,3145,downstream,False,,,best_GxC_snps_glucose_statins.txt,rs34251514,1.91836e-09,,,protein_coding,C20orf202,,
rs73897258,20,15076610.0,MACROD2,0,within,False,,,best_GxC_snps_glucose_statins.txt,rs73897258,1.36361e-10,,,protein_coding,MACROD2,,
rs75906103,20,16967730.0,U3,4052,downstream,False,,,best_GxC_snps_glucose_statins.txt,rs75906103,4.78866e-08,,,snoRNA,U3,,
rs76552500,20,35283733.0,NDRG3,0,within,False,,,best_GxC_snps_glucose_statins.txt,rs76552500,8.96789e-09,,,protein_coding,NDRG3|SLA2,,
rs1800961,20,43042364.0,HNF4A,0,within,True,Benign|Likely benign|Benign/Likely benign,Type 2 diabetes mellitus|not specified|Maturity-onset diabetes of the young type 1|not provided|Familial hyperinsulinism|Maturity onset diabetes mellitus in young (MODY)|Monogenic diabetes,best_GxC_snps_glucose_statins.txt,rs1800961,2.29584e-08,,,protein_coding,HNF4A|MIR3646,129240.0,
rs112174044,20,46125084.0,RNU6-563P,3255,downstream,False,,,best_GxC_snps_glucose_statins.txt,rs112174044,5.76688e-09,,,snRNA,RNU6-563P|NCOA3,,
rs146987054,20,48690502.0,TMEM189-UBE2V1,7159,upstream,False,,,best_GxC_snps_glucose_statins.txt,rs146987054,1.11073e-08,,,protein_coding,TMEM189-UBE2V1|UBE2V1|TMEM189,,
rs56906466,20,49693755.0,None within 10kb,N/A,N/A,False,,,best_GxC_snps_glucose_statins.txt,rs56906466,4.91039e-08,,,N/A,,,
rs2426294,20,50011467.0,NFATC2,0,within,False,,,best_GxC_snps_glucose_statins.txt,rs2426294,4.86489e-10,,,protein_coding,NFATC2,,
rs200477220,20,56770915.0,None within 10kb,N/A,N/A,False,,,best_GxC_snps_glucose_statins.txt,rs200477220,1.17261e-08,,,N/A,,,
rs7396,20,61431503.0,MRGBP,0,within,False,,,best_GxC_snps_glucose_statins.txt,rs7396,4.13531e-08,,,protein_coding,MRGBP|OGFR-AS1|OGFR,,
rs34668587,20,62769443.0,None within 10kb,N/A,N/A,False,,,best_GxC_snps_glucose_statins.txt,rs34668587,2.50882e-11,,,N/A,,,
rs9978243,21,15942311.0,SAMSN1,0,within,False,,,best_GxC_snps_glucose_statins.txt,rs9978243,4.31604e-14,,,protein_coding,SAMSN1,,
rs77541134,21,18553063.0,None within 10kb,N/A,N/A,False,,,best_GxC_snps_glucose_statins.txt,rs77541134,1.27344e-08,,,N/A,,,
21:20563724_AT_A,,,Position unknown,N/A,N/A,False,,,best_GxC_snps_glucose_statins.txt,21:20563724_AT_A,3.9444e-10,,,N/A,,,404 Client Error: Not Found. for url: https://myvariant.info/v1/variant/21:20563724_AT_A?fields=clinvar.rcv.clinical_significance%2Cclinvar.rcv.conditions.name%2Cclinvar.variant_id&assembly=hg19
rs62221676,21,28834366.0,None within 10kb,N/A,N/A,False,,,best_GxC_snps_glucose_statins.txt,rs62221676,2.20369e-08,,,N/A,,,
21:34374128_TGCA_T,,,Position unknown,N/A,N/A,False,,,best_GxC_snps_glucose_statins.txt,21:34374128_TGCA_T,1.19397e-08,,,N/A,,,404 Client Error: Not Found. for url: https://myvariant.info/v1/variant/21:34374128_TGCA_T?fields=clinvar.rcv.clinical_significance%2Cclinvar.rcv.conditions.name%2Cclinvar.variant_id&assembly=hg19
rs71318574,21,43022890.0,snoU13,1856,upstream,False,,,best_GxC_snps_glucose_statins.txt,rs71318574,1.40643e-08,,,snoRNA,snoU13,,
rs77501886,21,44788437.0,AP001046.6,1991,downstream,False,,,best_GxC_snps_glucose_statins.txt,rs77501886,1.09569e-09,,,lincRNA,AP001046.6|AP001046.5,,
rs45618234,22,17598512.0,CECR6,0,within,False,,,best_GxC_snps_glucose_statins.txt,rs45618234,1.77808e-11,,,protein_coding,CECR6|IL17RA|AC006946.15,,
rs536092689,22,20110961.0,RANBP1,0,within,False,,,best_GxC_snps_glucose_statins.txt,rs536092689,1.36782e-10,,,protein_coding,RANBP1|SNORA77|ZDHHC8|TRMT2A,,
rs5760299,22,24666835.0,SPECC1L,0,within,False,,,best_GxC_snps_glucose_statins.txt,rs5760299,1.50723e-09,,,protein_coding,SPECC1L|SPECC1L-ADORA2A|AP000354.2|POM121L9P|BCRP1,,
rs762283,22,24943582.0,GUCD1,0,within,False,,,best_GxC_snps_glucose_statins.txt,rs762283,1.32788e-12,,,protein_coding,GUCD1|SNRPD3,,
rs117432314,22,27333147.0,None within 10kb,N/A,N/A,False,,,best_GxC_snps_glucose_statins.txt,rs117432314,3.43498e-08,,,N/A,,,
rs7291941,22,32035491.0,PISD,0,within,False,,,best_GxC_snps_glucose_statins.txt,rs7291941,4.64587e-11,,,protein_coding,PISD,,
rs130628,22,37439079.0,KCTD17,8700,upstream,False,,,best_GxC_snps_glucose_statins.txt,rs130628,2.85098e-08,,,protein_coding,KCTD17,,
rs17649376,22,45993743.0,FBLN1,0,within,False,,,best_GxC_snps_glucose_statins.txt,rs17649376,2.47176e-12,,,protein_coding,FBLN1|CTA-941F9.9,,
rs5770419,22,49813502.0,C22orf34,0,within,False,,,best_GxC_snps_glucose_statins.txt,rs5770419,8.66001e-13,,,protein_coding,C22orf34,,
rs2267983,22,50698157.0,MAPK12,0,within,False,,,best_GxC_snps_glucose_statins.txt,rs2267983,1.90913e-10,,,protein_coding,MAPK12|MAPK11|HDAC10,,
rs2954021,8,126482077.0,RP11-136O12.2,0,within,False,,,best_GxC_snps_alkaline_phosphatase_sex.txt,rs2954021,2.60365e-10,,,lincRNA,RP11-136O12.2,,
rs35198068,10,114754784.0,TCF7L2,0,within,False,,,best_GxC_snps_hba1c_age.txt,rs35198068,4.83609e-09,,,protein_coding,TCF7L2|RP11-139K1.2,,
rs15285,8,19824667.0,LPL,0,within,True,Benign,"not provided|Hyperlipoproteinemia, type I",best_GxC_snps_apolipoprotein_a_0_sex.txt,rs15285,1.91666e-10,,,protein_coding,LPL,362452.0,
rs11591147,1,55505647.0,PCSK9,0,within,False,,,best_GxC_snps_apolipoprotein_b_age.txt,rs11591147,4.97923e-09,,,protein_coding,PCSK9,,
rs12740374,1,109817590.0,CELSR2,0,within,True,association,Low density lipoprotein cholesterol level quantitative trait locus 6 (LDLCQ6),best_GxC_snps_apolipoprotein_b_age.txt,rs12740374,2.29227e-08,,,protein_coding,CELSR2|PSRC1,7081.0,
19:11202194_GC_G,,,Position unknown,N/A,N/A,False,,,best_GxC_snps_apolipoprotein_b_age.txt,19:11202194_GC_G,9.8713e-14,,,N/A,,,404 Client Error: Not Found. for url: https://myvariant.info/v1/variant/19:11202194_GC_G?fields=clinvar.rcv.clinical_significance%2Cclinvar.rcv.conditions.name%2Cclinvar.variant_id&assembly=hg19
rs429358,19,45411941.0,APOE,0,within,True,risk factor|drug response|Likely pathogenic|Conflicting interpretations of pathogenicity; other; risk factor|Uncertain significance|not provided|Pathogenic/Established risk allele|association|Pathogenic,"Alzheimer disease 2 (AD2)|Warfarin response|Alzheimer disease|Familial hypercholesterolemia|not specified|Lipoprotein glomerulopathy (LPG)|APOE5 VARIANT|Alzheimer disease 4 (AD4)|Primary degenerative dementia of the Alzheimer type, presenile onset|not provided|Familial type 3 hyperlipoproteinemia|APOE4(-)-FREIBURG",best_GxC_snps_apolipoprotein_b_age.txt,rs429358,5.96935e-10,,,protein_coding,APOE|TOMM40|APOC1,441269.0,
rs1065853,19,45413233.0,APOE,583,downstream,False,,,best_GxC_snps_apolipoprotein_b_age.txt,rs1065853,2.44929e-11,,,protein_coding,APOE|APOC1|TOMM40,,
rs10766194,11,14864214.0,PDE3B,0,within,False,,,best_GxC_snps_vitamin_d_age.txt,rs10766194,5.0102e-09,,,protein_coding,PDE3B,,
7:130438531_CTTTTTT_C,,,Position unknown,N/A,N/A,False,,,best_GxC_snps_hdl_sex.txt,7:130438531_CTTTTTT_C,1.54598e-10,,,N/A,,,404 Client Error: Not Found. for url: https://myvariant.info/v1/variant/7:130438531_CTTTTTT_C?fields=clinvar.rcv.clinical_significance%2Cclinvar.rcv.conditions.name%2Cclinvar.variant_id&assembly=hg19
rs183130,16,56991363.0,AC012181.1,90,downstream,False,,,best_GxC_snps_hdl_sex.txt,rs183130,5.82859e-25,,,miRNA,AC012181.1|CETP,,
rs7203984,16,56999258.0,CETP,0,within,False,,,best_GxC_snps_hdl_sex.txt,rs7203984,1.36202e-10,,,protein_coding,CETP|AC012181.1,,
rs2925979,16,81534790.0,CMIP,0,within,False,,,best_GxC_snps_hdl_sex.txt,rs2925979,3.03309e-17,,,protein_coding,CMIP,,
rs4889341,16,81604251.0,CMIP,0,within,False,,,best_GxC_snps_hdl_sex.txt,rs4889341,1.31678e-08,,,protein_coding,CMIP,,
rs7412,19,45412079.0,APOE,0,within,True,drug response|Uncertain significance|no classifications from unflagged records|Likely benign; other; risk factor|Benign|Pathogenic,Warfarin response|atorvastatin response - Efficacy|not specified|not provided|Hyperlipoproteinemia due to APOE1|Familial type 3 hyperlipoproteinemia|Hypercholesterolemia,best_GxC_snps_hdl_sex.txt,rs7412,7.31189e-16,,,protein_coding,APOE|TOMM40|APOC1,441265.0,
rs6073958,20,44551855.0,None within 10kb,N/A,N/A,False,,,best_GxC_snps_hdl_sex.txt,rs6073958,5.7899e-15,,,N/A,,,
rs10756451,9,13096711.0,MPDZ,8992,upstream,False,,,best_GxC_snps_monocyte_count_sex.txt,rs10756451,8.96746e-09,,,protein_coding,MPDZ,,
rs28701693,14,41894122.0,None within 10kb,N/A,N/A,False,,,best_GxC_snps_monocyte_count_sex.txt,rs28701693,2.22849e-08,,,N/A,,,
rs111245654,14,88123913.0,CTD-2007A10.1,2275,downstream,False,,,best_GxC_snps_monocyte_count_sex.txt,rs111245654,2.82228e-08,,,lincRNA,CTD-2007A10.1,,
rs1047891,2,211540507.0,CPS1,0,within,True,Benign|risk factor,"Pulmonary hypertension, neonatal, susceptibility to (PHN)|not specified|Congenital hyperammonemia, type I|not provided|CARBAMOYL PHOSPHATE SYNTHETASE I POLYMORPHISM",best_GxC_snps_platelet_count_sex.txt,rs1047891,9.69709e-13,,,protein_coding,CPS1,128852.0,
rs35198068,10,114754784.0,TCF7L2,0,within,False,,,best_GxC_snps_hba1c_0_age.txt,rs35198068,3.73792e-09,,,protein_coding,TCF7L2|RP11-139K1.2,,
rs10455872,6,161010118.0,LPA,0,within,True,Benign,LIPOPROTEIN(a) POLYMORPHISM,best_GxC_snps_lipoprotein_a_age.txt,rs10455872,4.95383e-32,,,protein_coding,LPA,225938.0,
rs143843429,6,161383079.0,RP3-428L16.1,0,within,False,,,best_GxC_snps_lipoprotein_a_age.txt,rs143843429,1.93324e-12,,,antisense,RP3-428L16.1,,
rs6136670,20,19258891.0,RP5-1027G4.3,0,within,False,,,best_GxC_snps_hip_circumference_sex.txt,rs6136670,9.08599e-09,,,antisense,RP5-1027G4.3|SLC24A3,,
rs2373962,7,150680977.0,KCNH2,5574,downstream,False,,,best_GxC_snps_arm_fat-free_mass_right_sex.txt,rs2373962,5.92593e-09,,,protein_coding,KCNH2|NOS3,,
rs1351394,12,66351826.0,HMGA2,0,within,False,,,best_GxC_snps_arm_fat-free_mass_right_sex.txt,rs1351394,2.68307e-08,,,protein_coding,HMGA2|RP11-366L20.3,,
rs1421085,16,53800954.0,FTO,0,within,True,risk factor,"OBESITY (BMIQ14), SUSCEPTIBILITY TO",best_GxC_snps_arm_fat-free_mass_right_sex.txt,rs1421085,2.89466e-13,,,protein_coding,FTO,217824.0,
rs143384,20,34025756.0,GDF5,0,within,False,,,best_GxC_snps_arm_fat-free_mass_right_sex.txt,rs143384,1.93277e-14,,,protein_coding,GDF5|GDF5OS,,
rs59788381,20,34312232.0,RBM39,0,within,False,,,best_GxC_snps_arm_fat-free_mass_right_sex.txt,rs59788381,3.41708e-13,,,protein_coding,RBM39|snoU13,,
rs6060750,20,34596371.0,CNBD2,0,within,False,,,best_GxC_snps_arm_fat-free_mass_right_sex.txt,rs6060750,1.4631e-09,,,protein_coding,CNBD2,,
rs28900379,2,234654322.0,UGT1A8,0,within,False,,,best_GxC_snps_bilirubin_age.txt,rs28900379,1.60163e-11,,,protein_coding,UGT1A8|UGT1A10|UGT1A9|UGT1A7|UGT1A6|UGT1A5|UGT1A4|UGT1A3|UGT1A2P|DNAJB3|AC114812.9|AC114812.10|AC114812.5,,
rs1976391,2,234665983.0,UGT1A8,0,within,False,,,best_GxC_snps_bilirubin_age.txt,rs1976391,2.13655e-60,,,protein_coding,UGT1A8|UGT1A10|UGT1A9|UGT1A7|UGT1A6|UGT1A5|UGT1A4|UGT1A3|AC114812.5|UGT1A1|AC114812.10|UGT1A2P,,
rs11591147,1,55505647.0,PCSK9,0,within,False,,,best_GxC_snps_ldl_age.txt,rs11591147,2.21892e-10,,,protein_coding,PCSK9,,
rs12740374,1,109817590.0,CELSR2,0,within,True,association,Low density lipoprotein cholesterol level quantitative trait locus 6 (LDLCQ6),best_GxC_snps_ldl_age.txt,rs12740374,2.06365e-10,,,protein_coding,CELSR2|PSRC1,7081.0,
rs17042000,2,21422928.0,RP11-79J24.1,1160,downstream,False,,,best_GxC_snps_ldl_age.txt,rs17042000,4.36652e-08,,,pseudogene,RP11-79J24.1,,
19:11202194_GC_G,,,Position unknown,N/A,N/A,False,,,best_GxC_snps_ldl_age.txt,19:11202194_GC_G,2.14185e-15,,,N/A,,,404 Client Error: Not Found. for url: https://myvariant.info/v1/variant/19:11202194_GC_G?fields=clinvar.rcv.clinical_significance%2Cclinvar.rcv.conditions.name%2Cclinvar.variant_id&assembly=hg19
rs429358,19,45411941.0,APOE,0,within,True,risk factor|drug response|Likely pathogenic|Conflicting interpretations of pathogenicity; other; risk factor|Uncertain significance|not provided|Pathogenic/Established risk allele|association|Pathogenic,"Alzheimer disease 2 (AD2)|Warfarin response|Alzheimer disease|Familial hypercholesterolemia|not specified|Lipoprotein glomerulopathy (LPG)|APOE5 VARIANT|Alzheimer disease 4 (AD4)|Primary degenerative dementia of the Alzheimer type, presenile onset|not provided|Familial type 3 hyperlipoproteinemia|APOE4(-)-FREIBURG",best_GxC_snps_ldl_age.txt,rs429358,6.57621e-13,,,protein_coding,APOE|TOMM40|APOC1,441269.0,
rs7412,19,45412079.0,APOE,0,within,True,drug response|Uncertain significance|no classifications from unflagged records|Likely benign; other; risk factor|Benign|Pathogenic,Warfarin response|atorvastatin response - Efficacy|not specified|not provided|Hyperlipoproteinemia due to APOE1|Familial type 3 hyperlipoproteinemia|Hypercholesterolemia,best_GxC_snps_ldl_age.txt,rs7412,1.9395299999999998e-20,,,protein_coding,APOE|TOMM40|APOC1,441265.0,
rs4488996,4,69497182.0,RP11-1267H10.3,2565,downstream,False,,,best_GxC_snps_shbg_0_sex.txt,rs4488996,7.17847e-09,,,pseudogene,RP11-1267H10.3,,
rs13112099,4,69537733.0,UGT2B15,1387,downstream,False,,,best_GxC_snps_shbg_0_sex.txt,rs13112099,1.01264e-10,,,protein_coding,UGT2B15,,
rs10822161,10,65118203.0,JMJD1C,0,within,False,,,best_GxC_snps_shbg_0_sex.txt,rs10822161,7.42109e-16,,,protein_coding,JMJD1C|RP11-351O1.4,,
rs4764939,12,103522952.0,RP11-328J6.1,0,within,False,,,best_GxC_snps_shbg_0_sex.txt,rs4764939,6.80823e-20,,,antisense,RP11-328J6.1,,
rs28929474,14,94844947.0,SERPINA1,0,within,False,,,best_GxC_snps_shbg_0_sex.txt,rs28929474,2.57383e-16,,,protein_coding,SERPINA1,,
rs1142832,17,7479215.0,SENP3-EIF4A1,0,within,False,,,best_GxC_snps_shbg_0_sex.txt,rs1142832,6.16161e-11,,,processed_transcript,SENP3-EIF4A1|SNORA67|EIF4A1|SNORD10|SNORA48|CD68|SENP3|AC113189.5|MPDU1,,
rs964184,11,116648917.0,ZNF259,0,within,False,,,best_GxC_snps_ldl_0_sex.txt,rs964184,1.7055e-08,,,protein_coding,ZNF259|AP006216.11|AP006216.10|BUD13,,
rs58542926,19,19379549.0,AC138430.4,0,within,False,,,best_GxC_snps_ldl_0_sex.txt,rs58542926,6.25279e-14,,,processed_transcript,AC138430.4|TM6SF2|HAPLN4|SUGP1,,
rs16996148,19,19658472.0,CILP2,1004,downstream,False,,,best_GxC_snps_ldl_0_sex.txt,rs16996148,1.47899e-10,,,protein_coding,CILP2,,
rs429358,19,45411941.0,APOE,0,within,True,risk factor|drug response|Likely pathogenic|Conflicting interpretations of pathogenicity; other; risk factor|Uncertain significance|not provided|Pathogenic/Established risk allele|association|Pathogenic,"Alzheimer disease 2 (AD2)|Warfarin response|Alzheimer disease|Familial hypercholesterolemia|not specified|Lipoprotein glomerulopathy (LPG)|APOE5 VARIANT|Alzheimer disease 4 (AD4)|Primary degenerative dementia of the Alzheimer type, presenile onset|not provided|Familial type 3 hyperlipoproteinemia|APOE4(-)-FREIBURG",best_GxC_snps_ldl_0_sex.txt,rs429358,1.23834e-19,,,protein_coding,APOE|TOMM40|APOC1,441269.0,
rs7412,19,45412079.0,APOE,0,within,True,drug response|Uncertain significance|no classifications from unflagged records|Likely benign; other; risk factor|Benign|Pathogenic,Warfarin response|atorvastatin response - Efficacy|not specified|not provided|Hyperlipoproteinemia due to APOE1|Familial type 3 hyperlipoproteinemia|Hypercholesterolemia,best_GxC_snps_ldl_0_sex.txt,rs7412,1.23159e-38,,,protein_coding,APOE|TOMM40|APOC1,441265.0,
rs142331282,2,11041994.0,None within 10kb,N/A,N/A,False,,,best_GxC_snps_lymphocyte_count_age.txt,rs142331282,5.12314e-10,,,N/A,,,
rs138974280,6,20274889.0,RP11-239H6.2,0,within,False,,,best_GxC_snps_lymphocyte_count_age.txt,rs138974280,1.24984e-09,,,antisense,RP11-239H6.2,,
rs16998073,4,81184341.0,FGF5,3412,upstream,False,,,best_GxC_snps_diastolicbp_auto_age.txt,rs16998073,4.1208e-09,,,protein_coding,FGF5,,
rs149685821,1,151584415.0,RP11-404E16.1,99,upstream,False,,,best_GxC_snps_lymphocyte_count_statins.txt,rs149685821,5.56225e-12,,,antisense,RP11-404E16.1|SNX27,,
rs78443154,2,159103208.0,CCDC148,0,within,False,,,best_GxC_snps_lymphocyte_count_statins.txt,rs78443154,4.43089e-08,,,protein_coding,CCDC148,,
rs141513646,2,173738018.0,RAPGEF4,0,within,False,,,best_GxC_snps_lymphocyte_count_statins.txt,rs141513646,3.35046e-08,,,protein_coding,RAPGEF4,,
rs148381416,3,20156112.0,KAT2B,0,within,False,,,best_GxC_snps_lymphocyte_count_statins.txt,rs148381416,5.78141e-10,,,protein_coding,KAT2B,,
rs3733080,3,53912191.0,ACTR8,0,within,False,,,best_GxC_snps_lymphocyte_count_statins.txt,rs3733080,4.85431e-08,,,protein_coding,ACTR8|AC012467.1|SELK,,
rs78010658,3,174263225.0,NAALADL2,0,within,False,,,best_GxC_snps_lymphocyte_count_statins.txt,rs78010658,6.96329e-10,,,protein_coding,NAALADL2,,
rs183865550,4,152316238.0,None within 10kb,N/A,N/A,False,,,best_GxC_snps_lymphocyte_count_statins.txt,rs183865550,2.06678e-08,,,N/A,,,
rs13139693,4,157965262.0,None within 10kb,N/A,N/A,False,,,best_GxC_snps_lymphocyte_count_statins.txt,rs13139693,1.61285e-09,,,N/A,,,
rs182464297,4,164692410.0,MARCH1,0,within,False,,,best_GxC_snps_lymphocyte_count_statins.txt,rs182464297,3.81257e-08,,,protein_coding,MARCH1,,
rs115329530,6,23631684.0,None within 10kb,N/A,N/A,False,,,best_GxC_snps_lymphocyte_count_statins.txt,rs115329530,1.27292e-08,,,N/A,,,
rs12787696,11,74288920.0,POLD3,0,within,False,,,best_GxC_snps_lymphocyte_count_statins.txt,rs12787696,6.10842e-09,,,protein_coding,POLD3,,
rs113732980,12,109661436.0,ACACB,0,within,False,,,best_GxC_snps_lymphocyte_count_statins.txt,rs113732980,8.38883e-09,,,protein_coding,ACACB,,
rs117283467,15,92306910.0,None within 10kb,N/A,N/A,False,,,best_GxC_snps_lymphocyte_count_statins.txt,rs117283467,2.71572e-12,,,N/A,,,
rs72752806,15,99322797.0,IGF1R,0,within,False,,,best_GxC_snps_lymphocyte_count_statins.txt,rs72752806,1.23951e-10,,,protein_coding,IGF1R|MIR4714,,
rs11591147,1,55505647.0,PCSK9,0,within,False,,,best_GxC_snps_apolipoprotein_b_0_age.txt,rs11591147,6.55329e-11,,,protein_coding,PCSK9,,
rs12740374,1,109817590.0,CELSR2,0,within,True,association,Low density lipoprotein cholesterol level quantitative trait locus 6 (LDLCQ6),best_GxC_snps_apolipoprotein_b_0_age.txt,rs12740374,4.10713e-09,,,protein_coding,CELSR2|PSRC1,7081.0,
19:11202194_GC_G,,,Position unknown,N/A,N/A,False,,,best_GxC_snps_apolipoprotein_b_0_age.txt,19:11202194_GC_G,1.75638e-17,,,N/A,,,404 Client Error: Not Found. for url: https://myvariant.info/v1/variant/19:11202194_GC_G?fields=clinvar.rcv.clinical_significance%2Cclinvar.rcv.conditions.name%2Cclinvar.variant_id&assembly=hg19
rs429358,19,45411941.0,APOE,0,within,True,risk factor|drug response|Likely pathogenic|Conflicting interpretations of pathogenicity; other; risk factor|Uncertain significance|not provided|Pathogenic/Established risk allele|association|Pathogenic,"Alzheimer disease 2 (AD2)|Warfarin response|Alzheimer disease|Familial hypercholesterolemia|not specified|Lipoprotein glomerulopathy (LPG)|APOE5 VARIANT|Alzheimer disease 4 (AD4)|Primary degenerative dementia of the Alzheimer type, presenile onset|not provided|Familial type 3 hyperlipoproteinemia|APOE4(-)-FREIBURG",best_GxC_snps_apolipoprotein_b_0_age.txt,rs429358,1.14637e-13,,,protein_coding,APOE|TOMM40|APOC1,441269.0,
rs1065853,19,45413233.0,APOE,583,downstream,False,,,best_GxC_snps_apolipoprotein_b_0_age.txt,rs1065853,5.34175e-21,,,protein_coding,APOE|APOC1|TOMM40,,
rs174564,11,61588305.0,FADS2,0,within,False,,,best_GxC_snps_apolipoprotein_b_statins.txt,rs174564,4.80453e-14,,,protein_coding,FADS2|FADS1|MIR1908,,
rs73015024,19,11197598.0,LDLR,2440,upstream,False,,,best_GxC_snps_apolipoprotein_b_statins.txt,rs73015024,1.10009e-17,,,protein_coding,LDLR,,
rs58542926,19,19379549.0,AC138430.4,0,within,False,,,best_GxC_snps_apolipoprotein_b_statins.txt,rs58542926,1.94749e-08,,,processed_transcript,AC138430.4|TM6SF2|HAPLN4|SUGP1,,
rs519113,19,45376284.0,PVRL2,0,within,False,,,best_GxC_snps_apolipoprotein_b_statins.txt,rs519113,9.72661e-13,,,protein_coding,PVRL2|CTB-129P6.4,,
rs6859,19,45382034.0,PVRL2,0,within,False,,,best_GxC_snps_apolipoprotein_b_statins.txt,rs6859,2.1779e-14,,,protein_coding,PVRL2|CTB-129P6.4,,
rs405509,19,45408836.0,APOE,175,upstream,True,drug response,Warfarin response,best_GxC_snps_apolipoprotein_b_statins.txt,rs405509,6.56577e-10,,,protein_coding,APOE|TOMM40|APOC1,619951.0,
rs429358,19,45411941.0,APOE,0,within,True,risk factor|drug response|Likely pathogenic|Conflicting interpretations of pathogenicity; other; risk factor|Uncertain significance|not provided|Pathogenic/Established risk allele|association|Pathogenic,"Alzheimer disease 2 (AD2)|Warfarin response|Alzheimer disease|Familial hypercholesterolemia|not specified|Lipoprotein glomerulopathy (LPG)|APOE5 VARIANT|Alzheimer disease 4 (AD4)|Primary degenerative dementia of the Alzheimer type, presenile onset|not provided|Familial type 3 hyperlipoproteinemia|APOE4(-)-FREIBURG",best_GxC_snps_apolipoprotein_b_statins.txt,rs429358,3.79323e-31,,,protein_coding,APOE|TOMM40|APOC1,441269.0,
rs1065853,19,45413233.0,APOE,583,downstream,False,,,best_GxC_snps_apolipoprotein_b_statins.txt,rs1065853,2.6626e-31,,,protein_coding,APOE|APOC1|TOMM40,,
rs9933330,16,20366810.0,UMOD,0,within,False,,,best_GxC_snps_creatinine_age.txt,rs9933330,1.41681e-12,,,protein_coding,UMOD|PDILT,,
rs2980875,8,126481747.0,RP11-136O12.2,0,within,False,,,best_GxC_snps_gamma_glutamyltransferase_sex.txt,rs2980875,1.49365e-12,,,lincRNA,RP11-136O12.2,,
rs3859862,22,24997070.0,SNRPD3,0,within,False,,,best_GxC_snps_gamma_glutamyltransferase_sex.txt,rs3859862,1.46449e-14,,,protein_coding,SNRPD3|GGT1|AP000356.2|FAM211B,,
rs73821381,4,33619206.0,None within 10kb,N/A,N/A,False,,,best_GxC_snps_alanine_aminotrans_statins.txt,rs73821381,1.52222e-08,,,N/A,,,
rs954680,2,64913045.0,SERTAD2,0,within,False,,,best_GxC_snps_shbg_sex.txt,rs954680,1.27773e-09,,,protein_coding,SERTAD2,,
rs7015,7,97920623.0,BRI3,0,within,False,,,best_GxC_snps_shbg_sex.txt,rs7015,2.5554e-09,,,protein_coding,BRI3|BAIAP2L1,,
rs4764939,12,103522952.0,RP11-328J6.1,0,within,False,,,best_GxC_snps_shbg_sex.txt,rs4764939,1.57884e-26,,,antisense,RP11-328J6.1,,
rs36012880,14,24881986.0,NYNRIN,0,within,False,,,best_GxC_snps_shbg_sex.txt,rs36012880,1.53579e-08,,,protein_coding,NYNRIN,,
rs56332871,15,96714816.0,NR2F2-AS1,0,within,False,,,best_GxC_snps_shbg_sex.txt,rs56332871,2.34815e-08,,,antisense,NR2F2-AS1|RP11-327J17.2,,
rs2925979,16,81534790.0,CMIP,0,within,False,,,best_GxC_snps_shbg_sex.txt,rs2925979,1.42341e-09,,,protein_coding,CMIP,,
rs4151122,17,7342682.0,RP11-104H15.7,0,within,False,,,best_GxC_snps_shbg_sex.txt,rs4151122,8.23056e-22,,,processed_transcript,RP11-104H15.7|RP11-104H15.8|FGF11|RP11-104H15.10|TMEM102|RP11-104H15.9|CHRNB1,,
rs4968200,17,7448457.0,TNFSF12,3751,upstream,False,,,best_GxC_snps_shbg_sex.txt,rs4968200,8.46949e-12,,,protein_coding,TNFSF12|TNFSF12-TNFSF13|Y_RNA,,
rs4246413,17,7461469.0,TNFSF12,0,within,False,,,best_GxC_snps_shbg_sex.txt,rs4246413,3.15455e-08,,,protein_coding,TNFSF12|TNFSF12-TNFSF13|TNFSF13|SENP3|SENP3-EIF4A1,,
17:7463644_TCAA_T,,,Position unknown,N/A,N/A,False,,,best_GxC_snps_shbg_sex.txt,17:7463644_TCAA_T,1.0192e-17,,,N/A,,,404 Client Error: Not Found. for url: https://myvariant.info/v1/variant/17:7463644_TCAA_T?fields=clinvar.rcv.clinical_significance%2Cclinvar.rcv.conditions.name%2Cclinvar.variant_id&assembly=hg19
rs12944954,17,7485131.0,SNORA67,0,within,False,,,best_GxC_snps_shbg_sex.txt,rs12944954,8.40933e-31,,,processed_transcript,SNORA67|CD68|AC113189.5|MPDU1|EIF4A1|SENP3-EIF4A1|SNORD10|SOX15|SNORA48|FXR2|SENP3,,
rs858517,17,7534271.0,SHBG,0,within,False,,,best_GxC_snps_shbg_sex.txt,rs858517,1.36638e-08,,,protein_coding,SHBG|SAT2,,
rs727428,17,7537792.0,SHBG,1092,downstream,False,,,best_GxC_snps_shbg_sex.txt,rs727428,4.90038e-54,,,protein_coding,SHBG|SAT2,,
rs1642793,17,7575564.0,TP53,0,within,False,,,best_GxC_snps_shbg_sex.txt,rs1642793,6.1832e-10,,,protein_coding,TP53,,
rs17886028,17,7582720.0,TP53,0,within,False,,,best_GxC_snps_shbg_sex.txt,rs17886028,2.38877e-13,,,protein_coding,TP53|RP11-199F11.2|WRAP53,,
rs11652508,17,7629723.0,DNAH2,0,within,False,,,best_GxC_snps_shbg_sex.txt,rs11652508,1.84408e-09,,,protein_coding,DNAH2,,
rs75904857,17,47370449.0,ZNF652,0,within,False,,,best_GxC_snps_shbg_sex.txt,rs75904857,7.546570000000001e-24,,,protein_coding,ZNF652,,
rs12952581,17,47448346.0,RP11-81K2.1,0,within,False,,,best_GxC_snps_shbg_sex.txt,rs12952581,1.82297e-08,,,protein_coding,RP11-81K2.1|RP11-1079K10.3|RP11-1079K10.2|ZNF652,,
rs5749082,22,30770603.0,CCDC157,0,within,False,,,best_GxC_snps_shbg_sex.txt,rs5749082,2.94682e-08,,,protein_coding,CCDC157|RP1-130H16.16|RNF215,,
rs11590868,1,7833951.0,VAMP3,0,within,False,,,best_GxC_snps_testosterone_0_sex.txt,rs11590868,2.62376e-10,,,protein_coding,VAMP3|RP3-467L1.6|CAMTA1,,
rs182050989,1,27262545.0,NUDC,0,within,False,,,best_GxC_snps_testosterone_0_sex.txt,rs182050989,3.67535e-11,,,protein_coding,NUDC,,
1:101751451_AC_A,,,Position unknown,N/A,N/A,False,,,best_GxC_snps_testosterone_0_sex.txt,1:101751451_AC_A,4.70274e-19,,,N/A,,,404 Client Error: Not Found. for url: https://myvariant.info/v1/variant/1:101751451_AC_A?fields=clinvar.rcv.clinical_significance%2Cclinvar.rcv.conditions.name%2Cclinvar.variant_id&assembly=hg19
rs6683153,1,101759464.0,None within 10kb,N/A,N/A,False,,,best_GxC_snps_testosterone_0_sex.txt,rs6683153,4.2967e-08,,,N/A,,,
rs569421885,1,179276743.0,SOAT1,0,within,False,,,best_GxC_snps_testosterone_0_sex.txt,rs569421885,2.06224e-16,,,protein_coding,SOAT1,,404 Client Error: Not Found. for url: https://myvariant.info/v1/variant/rs569421885?fields=clinvar.rcv.clinical_significance%2Cclinvar.rcv.conditions.name%2Cclinvar.variant_id&assembly=hg19
rs12999558,2,12553355.0,AC096559.1,0,within,False,,,best_GxC_snps_testosterone_0_sex.txt,rs12999558,1.54029e-09,,,lincRNA,AC096559.1|RNU6-843P,,
rs3771240,2,20412686.0,SDC1,0,within,False,,,best_GxC_snps_testosterone_0_sex.txt,rs3771240,9.11508e-12,,,protein_coding,SDC1,,
rs77781418,2,31508999.0,AL121657.4,4629,upstream,False,,,best_GxC_snps_testosterone_0_sex.txt,rs77781418,2.89005e-11,,,pseudogene,AL121657.4,,
rs113017476,2,31989359.0,None within 10kb,N/A,N/A,False,,,best_GxC_snps_testosterone_0_sex.txt,rs113017476,2.3476699999999998e-20,,,N/A,,,
rs62142079,2,32178752.0,MEMO1,0,within,False,,,best_GxC_snps_testosterone_0_sex.txt,rs62142079,1.8239e-14,,,protein_coding,MEMO1|DPY30,,
rs72796869,2,32381964.0,SPAST,0,within,True,Benign,Hereditary spastic paraplegia 4,best_GxC_snps_testosterone_0_sex.txt,rs72796869,1.68233e-16,,,protein_coding,SPAST|RP11-563N4.1|SLC30A6,335881.0,
rs72800804,2,32681099.0,BIRC6,0,within,False,,,best_GxC_snps_testosterone_0_sex.txt,rs72800804,4.70557e-16,,,protein_coding,BIRC6,,
rs112472423,2,32980398.0,TTC27,0,within,False,,,best_GxC_snps_testosterone_0_sex.txt,rs112472423,1.80362e-13,,,protein_coding,TTC27,,
rs3827536,2,111920741.0,BCL2L11,0,within,False,,,best_GxC_snps_testosterone_0_sex.txt,rs3827536,1.00038e-17,,,protein_coding,BCL2L11,,
2:111989743_GA_G,,,Position unknown,N/A,N/A,False,,,best_GxC_snps_testosterone_0_sex.txt,2:111989743_GA_G,4.46951e-11,,,N/A,,,404 Client Error: Not Found. for url: https://myvariant.info/v1/variant/2:111989743_GA_G?fields=clinvar.rcv.clinical_significance%2Cclinvar.rcv.conditions.name%2Cclinvar.variant_id&assembly=hg19
rs11683361,2,112380559.0,None within 10kb,N/A,N/A,False,,,best_GxC_snps_testosterone_0_sex.txt,rs11683361,8.50001e-10,,,N/A,,,
rs775281360,3,14422177.0,None within 10kb,N/A,N/A,False,,,best_GxC_snps_testosterone_0_sex.txt,rs775281360,4.82024e-10,,,N/A,,,404 Client Error: Not Found. for url: https://myvariant.info/v1/variant/rs775281360?fields=clinvar.rcv.clinical_significance%2Cclinvar.rcv.conditions.name%2Cclinvar.variant_id&assembly=hg19
rs2472682,3,119532652.0,NR1I2,0,within,False,,,best_GxC_snps_testosterone_0_sex.txt,rs2472682,7.31065e-09,,,protein_coding,NR1I2|GSK3B,,
rs334564,3,119787022.0,GSK3B,0,within,False,,,best_GxC_snps_testosterone_0_sex.txt,rs334564,1.99155e-09,,,protein_coding,GSK3B,,
rs4456810,3,136402153.0,STAG1,0,within,False,,,best_GxC_snps_testosterone_0_sex.txt,rs4456810,1.39982e-08,,,protein_coding,STAG1,,
rs13137188,4,69351336.0,TMPRSS11E,0,within,False,,,best_GxC_snps_testosterone_0_sex.txt,rs13137188,1.51904e-09,,,protein_coding,TMPRSS11E,,
rs2603151,4,69367872.0,TMPRSS11E,4550,downstream,False,,,best_GxC_snps_testosterone_0_sex.txt,rs2603151,1.58636e-10,,,protein_coding,TMPRSS11E|UGT2B29P,,
rs34187424,4,69497276.0,RP11-1267H10.3,2659,downstream,False,,,best_GxC_snps_testosterone_0_sex.txt,rs34187424,1.77488e-10,,,pseudogene,RP11-1267H10.3,,
rs11735092,4,88226231.0,HSD17B13,0,within,False,,,best_GxC_snps_testosterone_0_sex.txt,rs11735092,1.3232e-09,,,protein_coding,HSD17B13|MIR5705,,
rs7668764,4,109067898.0,LEF1,0,within,False,,,best_GxC_snps_testosterone_0_sex.txt,rs7668764,8.75365e-09,,,protein_coding,LEF1,,
rs6453294,5,76488655.0,None within 10kb,N/A,N/A,False,,,best_GxC_snps_testosterone_0_sex.txt,rs6453294,3.09115e-08,,,N/A,,,
rs6899983,6,31758931.0,VARS,0,within,False,,,best_GxC_snps_testosterone_0_sex.txt,rs6899983,5.38555e-09,,,protein_coding,VARS|LSM2,,
rs7774739,6,32009301.0,CYP21A2,0,within,False,,,best_GxC_snps_testosterone_0_sex.txt,rs7774739,3.61656e-09,,,protein_coding,CYP21A2|TNXB|C4B-AS1|C4B,,
rs794614,6,119284884.0,RP11-351A11.1,0,within,False,,,best_GxC_snps_testosterone_0_sex.txt,rs794614,1.38559e-15,,,antisense,RP11-351A11.1|FAM184A,,
rs796078827,6,127157704.0,None within 10kb,N/A,N/A,False,,,best_GxC_snps_testosterone_0_sex.txt,rs796078827,4.52193e-10,,,N/A,,,404 Client Error: Not Found. for url: https://myvariant.info/v1/variant/rs796078827?fields=clinvar.rcv.clinical_significance%2Cclinvar.rcv.conditions.name%2Cclinvar.variant_id&assembly=hg19
rs1057868,7,75615006.0,POR,0,within,True,Benign|Benign/Likely benign,Congenital adrenal hyperplasia due to cytochrome P450 oxidoreductase deficiency|not provided|Classic congenital adrenal hyperplasia due to 21-hydroxylase deficiency|not specified,best_GxC_snps_testosterone_0_sex.txt,rs1057868,4.73664e-09,,,protein_coding,POR|TMEM120A,256840.0,
rs116928828,7,98831324.0,MYH16,5093,upstream,False,,,best_GxC_snps_testosterone_0_sex.txt,rs116928828,2.74858e-09,,,pseudogene,MYH16,,
rs11769461,7,98877267.0,MYH16,0,within,False,,,best_GxC_snps_testosterone_0_sex.txt,rs11769461,4.5225e-19,,,pseudogene,MYH16,,
7:98930537_TG_T,,,Position unknown,N/A,N/A,False,,,best_GxC_snps_testosterone_0_sex.txt,7:98930537_TG_T,7.7343e-11,,,N/A,,,404 Client Error: Not Found. for url: https://myvariant.info/v1/variant/7:98930537_TG_T?fields=clinvar.rcv.clinical_significance%2Cclinvar.rcv.conditions.name%2Cclinvar.variant_id&assembly=hg19
rs60577432,7,99017281.0,PTCD1,0,within,False,,,best_GxC_snps_testosterone_0_sex.txt,rs60577432,2.62554e-09,,,protein_coding,PTCD1|BUD31|ATP5J2-PTCD1|snoU13,,
rs148982377,7,99075038.0,ZNF789,0,within,False,,,best_GxC_snps_testosterone_0_sex.txt,rs148982377,4.5858200000000005e-141,,,protein_coding,ZNF789|ZNF394,,
rs45446698,7,99332948.0,CYP3A7,129,downstream,False,,,best_GxC_snps_testosterone_0_sex.txt,rs45446698,4.30387e-159,,,protein_coding,CYP3A7,,
rs117430166,7,99827531.0,GATS,0,within,False,,,best_GxC_snps_testosterone_0_sex.txt,rs117430166,2.92875e-33,,,pseudogene,GATS|GATS|PVRIG|STAG3|AC005071.1,,
rs13235951,7,100087459.0,NYAP1,0,within,False,,,best_GxC_snps_testosterone_0_sex.txt,rs13235951,3.3331e-18,,,protein_coding,NYAP1|AC092849.1,,
rs1038626,7,137797477.0,AKR1D1,0,within,False,,,best_GxC_snps_testosterone_0_sex.txt,rs1038626,7.9769e-11,,,protein_coding,AKR1D1|snoU13|RCC2P3,,
rs6471570,8,143957405.0,GML,0,within,False,,,best_GxC_snps_testosterone_0_sex.txt,rs6471570,1.96934e-16,,,protein_coding,GML|CYP11B1,,
rs1864357,9,114812743.0,SUSD1,0,within,False,,,best_GxC_snps_testosterone_0_sex.txt,rs1864357,1.65412e-14,,,protein_coding,SUSD1,,
rs17134158,10,5065166.0,AKR1C2,4943,downstream,False,,,best_GxC_snps_testosterone_0_sex.txt,rs17134158,2.62781e-18,,,protein_coding,AKR1C2,,
rs1171617,10,61467182.0,SLC16A9,0,within,False,,,best_GxC_snps_testosterone_0_sex.txt,rs1171617,3.39182e-14,,,protein_coding,SLC16A9,,
rs10822161,10,65118203.0,JMJD1C,0,within,False,,,best_GxC_snps_testosterone_0_sex.txt,rs10822161,5.73114e-23,,,protein_coding,JMJD1C|RP11-351O1.4,,
rs3847327,10,65382328.0,REEP3,0,within,False,,,best_GxC_snps_testosterone_0_sex.txt,rs3847327,1.83888e-11,,,protein_coding,REEP3,,
rs12267557,10,67245692.0,None within 10kb,N/A,N/A,False,,,best_GxC_snps_testosterone_0_sex.txt,rs12267557,9.90269e-09,,,N/A,,,
rs1994721,11,29204531.0,RP11-466I1.1,0,within,False,,,best_GxC_snps_testosterone_0_sex.txt,rs1994721,4.50456e-11,,,lincRNA,RP11-466I1.1,,
rs75859219,11,62913676.0,SLC22A10,0,within,False,,,best_GxC_snps_testosterone_0_sex.txt,rs75859219,1.1501e-12,,,protein_coding,SLC22A10|SLC22A24,,
rs7944040,11,68101356.0,LRP5,0,within,False,,,best_GxC_snps_testosterone_0_sex.txt,rs7944040,6.74222e-10,,,protein_coding,LRP5,,
rs56196860,12,2908330.0,RP4-816N1.6,0,within,False,,,best_GxC_snps_testosterone_0_sex.txt,rs56196860,2.57952e-77,,,antisense,RP4-816N1.6|RP4-816N1.7|FKBP4|CBX3P4,,
rs199795230,12,21365694.0,SLCO1B1,0,within,False,,,best_GxC_snps_testosterone_0_sex.txt,rs199795230,4.82548e-21,,,protein_coding,SLCO1B1,,
rs10841766,12,21385248.0,SLCO1B1,0,within,False,,,best_GxC_snps_testosterone_0_sex.txt,rs10841766,1.12309e-10,,,protein_coding,SLCO1B1,,
rs17696736,12,112486818.0,NAA25,0,within,False,,,best_GxC_snps_testosterone_0_sex.txt,rs17696736,1.5929e-09,,,protein_coding,NAA25,,
rs631660,13,22317923.0,None within 10kb,N/A,N/A,False,,,best_GxC_snps_testosterone_0_sex.txt,rs631660,7.82193e-18,,,N/A,,,
rs28929474,14,94844947.0,SERPINA1,0,within,False,,,best_GxC_snps_testosterone_0_sex.txt,rs28929474,1.1976900000000001e-33,,,protein_coding,SERPINA1,,
rs72731412,15,40329613.0,SRP14,0,within,False,,,best_GxC_snps_testosterone_0_sex.txt,rs72731412,2.19866e-08,,,protein_coding,SRP14|EIF2AK4|SRP14-AS1,,
rs4924415,15,40366562.0,RP11-521C20.2,843,upstream,False,,,best_GxC_snps_testosterone_0_sex.txt,rs4924415,4.71474e-21,,,lincRNA,RP11-521C20.2|SRP14-AS1,,
rs2304645,15,40716253.0,IVD,0,within,False,,,best_GxC_snps_testosterone_0_sex.txt,rs2304645,2.86199e-11,,,protein_coding,IVD,,
rs113023713,15,75903925.0,SNUPN,0,within,False,,,best_GxC_snps_testosterone_0_sex.txt,rs113023713,9.35546e-09,,,protein_coding,SNUPN,,
rs4464040,15,79840557.0,None within 10kb,N/A,N/A,False,,,best_GxC_snps_testosterone_0_sex.txt,rs4464040,3.22815e-10,,,N/A,,,
rs7201098,16,81559216.0,CMIP,0,within,False,,,best_GxC_snps_testosterone_0_sex.txt,rs7201098,6.927870000000001e-18,,,protein_coding,CMIP,,
rs12931242,16,81604778.0,CMIP,0,within,False,,,best_GxC_snps_testosterone_0_sex.txt,rs12931242,9.97089e-09,,,protein_coding,CMIP,,
rs3174744,17,7322245.0,NLGN2,0,within,False,,,best_GxC_snps_testosterone_0_sex.txt,rs3174744,8.361940000000001e-23,,,protein_coding,NLGN2|RP11-104H15.7|SPEM1|C17orf74,,
rs77294902,17,7452078.0,TNFSF12,130,upstream,False,,,best_GxC_snps_testosterone_0_sex.txt,rs77294902,1.14289e-75,,,protein_coding,TNFSF12|TNFSF12-TNFSF13|TNFSF13,,
rs142700143,17,7462658.0,TNFSF12,0,within,False,,,best_GxC_snps_testosterone_0_sex.txt,rs142700143,9.28489e-12,,,protein_coding,TNFSF12|TNFSF12-TNFSF13|TNFSF13|SENP3|SENP3-EIF4A1,,
rs12944954,17,7485131.0,SNORA67,0,within,False,,,best_GxC_snps_testosterone_0_sex.txt,rs12944954,5.77795e-28,,,processed_transcript,SNORA67|CD68|AC113189.5|MPDU1|EIF4A1|SENP3-EIF4A1|SNORD10|SOX15|SNORA48|FXR2|SENP3,,
17:7493904_AAGCCC_A,,,Position unknown,N/A,N/A,False,,,best_GxC_snps_testosterone_0_sex.txt,17:7493904_AAGCCC_A,4.4475e-12,,,N/A,,,404 Client Error: Not Found. for url: https://myvariant.info/v1/variant/17:7493904_AAGCCC_A?fields=clinvar.rcv.clinical_significance%2Cclinvar.rcv.conditions.name%2Cclinvar.variant_id&assembly=hg19
rs62059837,17,7527946.0,SHBG,0,within,False,,,best_GxC_snps_testosterone_0_sex.txt,rs62059837,1.58072e-19,,,protein_coding,SHBG|SAT2|FXR2,,
rs62059839,17,7533015.0,SHBG,0,within,False,,,best_GxC_snps_testosterone_0_sex.txt,rs62059839,1.34717e-81,,,protein_coding,SHBG|SAT2,,
rs117613045,17,7558895.0,ATP1B2,0,within,False,,,best_GxC_snps_testosterone_0_sex.txt,rs117613045,3.43635e-08,,,protein_coding,ATP1B2|TP53,,
rs1042522,17,7579472.0,TP53,0,within,False,,,best_GxC_snps_testosterone_0_sex.txt,rs1042522,1.47029e-32,,,protein_coding,TP53|RP11-199F11.2|WRAP53,,
rs55662831,17,7630193.0,DNAH2,0,within,False,,,best_GxC_snps_testosterone_0_sex.txt,rs55662831,4.46086e-15,,,protein_coding,DNAH2,,
rs72841430,17,7767378.0,LSMD1,0,within,False,,,best_GxC_snps_testosterone_0_sex.txt,rs72841430,1.77504e-09,,,protein_coding,LSMD1|CYB5D1|TMEM88|KDM6B,,
rs34931250,17,66879927.0,ABCA8,0,within,False,,,best_GxC_snps_testosterone_0_sex.txt,rs34931250,1.70623e-08,,,protein_coding,ABCA8,,
rs35693284,18,71897147.0,RP11-669I1.1,0,within,False,,,best_GxC_snps_testosterone_0_sex.txt,rs35693284,3.08144e-10,,,lincRNA,RP11-669I1.1|RN7SL551P,,
rs117327231,18,71916636.0,CYB5A,3894,upstream,False,,,best_GxC_snps_testosterone_0_sex.txt,rs117327231,1.7596e-24,,,protein_coding,CYB5A|RP11-669I1.1,,
rs7238515,18,71957219.0,CYB5A,0,within,False,,,best_GxC_snps_testosterone_0_sex.txt,rs7238515,2.32946e-20,,,protein_coding,CYB5A,,
rs58852827,19,10453009.0,ICAM3,2510,downstream,False,,,best_GxC_snps_testosterone_0_sex.txt,rs58852827,4.47932e-13,,,protein_coding,ICAM3|TYK2|RAVER1,,
rs1889237,20,48905978.0,RP11-290F20.1,3279,upstream,False,,,best_GxC_snps_testosterone_0_sex.txt,rs1889237,1.61969e-09,,,lincRNA,RP11-290F20.1|RP11-290F20.3,,
rs913671,20,48906772.0,RP11-290F20.1,2485,upstream,False,,,best_GxC_snps_testosterone_0_sex.txt,rs913671,3.81317e-08,,,lincRNA,RP11-290F20.1,,
rs17612942,6,32620999.0,HLA-DQA1,6160,downstream,False,,,best_GxC_snps_urate_statins.txt,rs17612942,1.57618e-08,,,protein_coding,HLA-DQA1|HLA-DQB1|HLA-DQB1-AS1|XXbac-BPG254F23.6,,
rs80091464,6,43466599.0,TJAP1,0,within,False,,,best_GxC_snps_urate_statins.txt,rs80091464,1.13219e-08,,,protein_coding,TJAP1|LRRC73,,
rs738409,22,44324727.0,PNPLA3,0,within,False,,,best_GxC_snps_urate_statins.txt,rs738409,2.26715e-09,,,protein_coding,PNPLA3,,
rs35830321,16,20353028.0,UMOD,0,within,False,,,best_GxC_snps_urea_age.txt,rs35830321,1.60984e-10,,,protein_coding,UMOD,,
rs75985777,5,127308986.0,CTC-228N24.3,0,within,False,,,best_GxC_snps_gamma_glutamyltransferase_statins.txt,rs75985777,1.50472e-08,,,lincRNA,CTC-228N24.3,,
rs76245856,6,82570133.0,RP11-379B8.1,0,within,False,,,best_GxC_snps_gamma_glutamyltransferase_statins.txt,rs76245856,2.63139e-08,,,lincRNA,RP11-379B8.1,,
rs144663231,7,124434734.0,None within 10kb,N/A,N/A,False,,,best_GxC_snps_gamma_glutamyltransferase_statins.txt,rs144663231,1.95303e-08,,,N/A,,,
rs11624282,14,103567290.0,EXOC3L4,0,within,False,,,best_GxC_snps_gamma_glutamyltransferase_statins.txt,rs11624282,9.39151e-09,,,protein_coding,EXOC3L4|RP11-736N17.8,,
rs74793290,17,38916070.0,KRT25,4486,downstream,False,,,best_GxC_snps_gamma_glutamyltransferase_statins.txt,rs74793290,9.01595e-09,,,protein_coding,KRT25|KRT26,,
rs62226675,21,35306141.0,LINC00649,0,within,False,,,best_GxC_snps_gamma_glutamyltransferase_statins.txt,rs62226675,3.19704e-08,,,antisense,LINC00649,,
rs3859862,22,24997070.0,SNRPD3,0,within,False,,,best_GxC_snps_gamma_glutamyltransferase_statins.txt,rs3859862,6.21545e-10,,,protein_coding,SNRPD3|GGT1|AP000356.2|FAM211B,,
rs727428,17,7537792.0,SHBG,1092,downstream,False,,,best_GxC_snps_shbg_statins.txt,rs727428,1.16244e-08,,,protein_coding,SHBG|SAT2,,
rs738409,22,44324727.0,PNPLA3,0,within,False,,,best_GxC_snps_aspartate_aminotrans_sex.txt,rs738409,8.80179e-10,,,protein_coding,PNPLA3,,
rs10455872,6,161010118.0,LPA,0,within,True,Benign,LIPOPROTEIN(a) POLYMORPHISM,best_GxC_snps_cholesterol_sex.txt,rs10455872,2.94168e-08,,,protein_coding,LPA,225938.0,
rs58542926,19,19379549.0,AC138430.4,0,within,False,,,best_GxC_snps_cholesterol_sex.txt,rs58542926,5.27659e-15,,,processed_transcript,AC138430.4|TM6SF2|HAPLN4|SUGP1,,
rs16996148,19,19658472.0,CILP2,1004,downstream,False,,,best_GxC_snps_cholesterol_sex.txt,rs16996148,2.01353e-11,,,protein_coding,CILP2,,
rs429358,19,45411941.0,APOE,0,within,True,risk factor|drug response|Likely pathogenic|Conflicting interpretations of pathogenicity; other; risk factor|Uncertain significance|not provided|Pathogenic/Established risk allele|association|Pathogenic,"Alzheimer disease 2 (AD2)|Warfarin response|Alzheimer disease|Familial hypercholesterolemia|not specified|Lipoprotein glomerulopathy (LPG)|APOE5 VARIANT|Alzheimer disease 4 (AD4)|Primary degenerative dementia of the Alzheimer type, presenile onset|not provided|Familial type 3 hyperlipoproteinemia|APOE4(-)-FREIBURG",best_GxC_snps_cholesterol_sex.txt,rs429358,2.30665e-16,,,protein_coding,APOE|TOMM40|APOC1,441269.0,
rs7412,19,45412079.0,APOE,0,within,True,drug response|Uncertain significance|no classifications from unflagged records|Likely benign; other; risk factor|Benign|Pathogenic,Warfarin response|atorvastatin response - Efficacy|not specified|not provided|Hyperlipoproteinemia due to APOE1|Familial type 3 hyperlipoproteinemia|Hypercholesterolemia,best_GxC_snps_cholesterol_sex.txt,rs7412,1.07536e-31,,,protein_coding,APOE|TOMM40|APOC1,441265.0,
rs10889334,1,62957199.0,DOCK7,0,within,False,,,best_GxC_snps_triglycerides_sex.txt,rs10889334,3.83192e-13,,,protein_coding,DOCK7,,
rs1260326,2,27730940.0,GCKR,0,within,False,,,best_GxC_snps_triglycerides_sex.txt,rs1260326,2.43105e-09,,,protein_coding,GCKR,,
rs328,8,19819724.0,LPL,0,within,False,,,best_GxC_snps_triglycerides_sex.txt,rs328,1.48853e-20,,,protein_coding,LPL,,
rs6586891,8,19914598.0,None within 10kb,N/A,N/A,False,,,best_GxC_snps_triglycerides_sex.txt,rs6586891,4.38574e-09,,,N/A,,,
rs2954027,8,126485294.0,RP11-136O12.2,0,within,False,,,best_GxC_snps_triglycerides_sex.txt,rs2954027,2.48258e-16,,,lincRNA,RP11-136O12.2,,
rs964184,11,116648917.0,ZNF259,0,within,False,,,best_GxC_snps_triglycerides_sex.txt,rs964184,3.32828e-47,,,protein_coding,ZNF259|AP006216.11|AP006216.10|BUD13,,
rs5130,11,116703146.0,APOC3,0,within,False,,,best_GxC_snps_triglycerides_sex.txt,rs5130,2.99197e-09,,,protein_coding,APOC3|APOA1|APOA1-AS|APOA4,,
rs12366015,11,116990851.0,AP000936.5,954,downstream,False,,,best_GxC_snps_triglycerides_sex.txt,rs12366015,6.39431e-09,,,pseudogene,AP000936.5,,
rs2925979,16,81534790.0,CMIP,0,within,False,,,best_GxC_snps_triglycerides_sex.txt,rs2925979,4.28128e-09,,,protein_coding,CMIP,,
rs58542926,19,19379549.0,AC138430.4,0,within,False,,,best_GxC_snps_triglycerides_sex.txt,rs58542926,5.87324e-17,,,processed_transcript,AC138430.4|TM6SF2|HAPLN4|SUGP1,,
rs17216525,19,19662220.0,CILP2,4752,downstream,False,,,best_GxC_snps_triglycerides_sex.txt,rs17216525,6.8581e-13,,,protein_coding,CILP2,,
rs7254892,19,45389596.0,CTB-129P6.4,0,within,False,,,best_GxC_snps_triglycerides_sex.txt,rs7254892,1.88981e-08,,,antisense,CTB-129P6.4|PVRL2|TOMM40,,
rs483082,19,45416178.0,APOC1,1326,upstream,False,,,best_GxC_snps_triglycerides_sex.txt,rs483082,3.97714e-26,,,protein_coding,APOC1|APOE|TOMM40,,
rs174576,11,61603510.0,FADS2,0,within,False,,,best_GxC_snps_cholesterol_statins.txt,rs174576,7.68407e-14,,,protein_coding,FADS2|FADS1,,
rs11542916,19,10694720.0,AP1M2,0,within,False,,,best_GxC_snps_cholesterol_statins.txt,rs11542916,3.96043e-08,,,protein_coding,AP1M2,,
rs6511720,19,11202306.0,LDLR,0,within,True,Benign,"Hypercholesterolemia, familial, 1|Familial hypercholesterolemia",best_GxC_snps_cholesterol_statins.txt,rs6511720,2.42954e-21,,,protein_coding,LDLR,250988.0,
rs519113,19,45376284.0,PVRL2,0,within,False,,,best_GxC_snps_cholesterol_statins.txt,rs519113,8.93346e-10,,,protein_coding,PVRL2|CTB-129P6.4,,
rs6859,19,45382034.0,PVRL2,0,within,False,,,best_GxC_snps_cholesterol_statins.txt,rs6859,4.56754e-09,,,protein_coding,PVRL2|CTB-129P6.4,,
rs405509,19,45408836.0,APOE,175,upstream,True,drug response,Warfarin response,best_GxC_snps_cholesterol_statins.txt,rs405509,1.95423e-09,,,protein_coding,APOE|TOMM40|APOC1,619951.0,
rs429358,19,45411941.0,APOE,0,within,True,risk factor|drug response|Likely pathogenic|Conflicting interpretations of pathogenicity; other; risk factor|Uncertain significance|not provided|Pathogenic/Established risk allele|association|Pathogenic,"Alzheimer disease 2 (AD2)|Warfarin response|Alzheimer disease|Familial hypercholesterolemia|not specified|Lipoprotein glomerulopathy (LPG)|APOE5 VARIANT|Alzheimer disease 4 (AD4)|Primary degenerative dementia of the Alzheimer type, presenile onset|not provided|Familial type 3 hyperlipoproteinemia|APOE4(-)-FREIBURG",best_GxC_snps_cholesterol_statins.txt,rs429358,1.00675e-25,,,protein_coding,APOE|TOMM40|APOC1,441269.0,
rs7412,19,45412079.0,APOE,0,within,True,drug response|Uncertain significance|no classifications from unflagged records|Likely benign; other; risk factor|Benign|Pathogenic,Warfarin response|atorvastatin response - Efficacy|not specified|not provided|Hyperlipoproteinemia due to APOE1|Familial type 3 hyperlipoproteinemia|Hypercholesterolemia,best_GxC_snps_cholesterol_statins.txt,rs7412,1.61948e-36,,,protein_coding,APOE|TOMM40|APOC1,441265.0,
rs174576,11,61603510.0,FADS2,0,within,False,,,best_GxC_snps_ldl_statins.txt,rs174576,3.59932e-14,,,protein_coding,FADS2|FADS1,,
rs12317268,12,21352541.0,SLCO1B1,0,within,False,,,best_GxC_snps_ldl_statins.txt,rs12317268,1.27361e-08,,,protein_coding,SLCO1B1,,
rs6511720,19,11202306.0,LDLR,0,within,True,Benign,"Hypercholesterolemia, familial, 1|Familial hypercholesterolemia",best_GxC_snps_ldl_statins.txt,rs6511720,2.2340100000000002e-23,,,protein_coding,LDLR,250988.0,
rs519113,19,45376284.0,PVRL2,0,within,False,,,best_GxC_snps_ldl_statins.txt,rs519113,6.3961e-13,,,protein_coding,PVRL2|CTB-129P6.4,,
rs6859,19,45382034.0,PVRL2,0,within,False,,,best_GxC_snps_ldl_statins.txt,rs6859,4.35458e-13,,,protein_coding,PVRL2|CTB-129P6.4,,
rs405509,19,45408836.0,APOE,175,upstream,True,drug response,Warfarin response,best_GxC_snps_ldl_statins.txt,rs405509,7.27782e-11,,,protein_coding,APOE|TOMM40|APOC1,619951.0,
rs429358,19,45411941.0,APOE,0,within,True,risk factor|drug response|Likely pathogenic|Conflicting interpretations of pathogenicity; other; risk factor|Uncertain significance|not provided|Pathogenic/Established risk allele|association|Pathogenic,"Alzheimer disease 2 (AD2)|Warfarin response|Alzheimer disease|Familial hypercholesterolemia|not specified|Lipoprotein glomerulopathy (LPG)|APOE5 VARIANT|Alzheimer disease 4 (AD4)|Primary degenerative dementia of the Alzheimer type, presenile onset|not provided|Familial type 3 hyperlipoproteinemia|APOE4(-)-FREIBURG",best_GxC_snps_ldl_statins.txt,rs429358,3.5008999999999997e-32,,,protein_coding,APOE|TOMM40|APOC1,441269.0,
rs1065853,19,45413233.0,APOE,583,downstream,False,,,best_GxC_snps_ldl_statins.txt,rs1065853,4.5764599999999996e-45,,,protein_coding,APOE|APOC1|TOMM40,,
rs17049035,1,219248660.0,None within 10kb,N/A,N/A,False,,,best_GxC_snps_whradjbmi_zhu_sex.txt,rs17049035,2.11909e-08,,,N/A,,,
rs12747505,1,219618035.0,RP11-95P13.1,2051,downstream,False,,,best_GxC_snps_whradjbmi_zhu_sex.txt,rs12747505,2.76629e-14,,,lincRNA,RP11-95P13.1,,
1:219650836_TC_T,,,Position unknown,N/A,N/A,False,,,best_GxC_snps_whradjbmi_zhu_sex.txt,1:219650836_TC_T,7.87851e-25,,,N/A,,,404 Client Error: Not Found. for url: https://myvariant.info/v1/variant/1:219650836_TC_T?fields=clinvar.rcv.clinical_significance%2Cclinvar.rcv.conditions.name%2Cclinvar.variant_id&assembly=hg19
rs10184004,2,165508389.0,COBLL1,1745,upstream,False,,,best_GxC_snps_whradjbmi_zhu_sex.txt,rs10184004,1.7601399999999997e-51,,,protein_coding,COBLL1,,
rs115631825,2,165559101.0,COBLL1,0,within,False,,,best_GxC_snps_whradjbmi_zhu_sex.txt,rs115631825,1.1706e-08,,,protein_coding,COBLL1,,
rs10221833,2,165577164.0,COBLL1,0,within,False,,,best_GxC_snps_whradjbmi_zhu_sex.txt,rs10221833,1.82221e-22,,,protein_coding,COBLL1,,
rs12692751,2,165762009.0,SLC38A11,0,within,False,,,best_GxC_snps_whradjbmi_zhu_sex.txt,rs12692751,5.15987e-13,,,protein_coding,SLC38A11|RNA5SP111,,
rs6804173,3,12291417.0,GSTM5P1,7883,upstream,False,,,best_GxC_snps_whradjbmi_zhu_sex.txt,rs6804173,2.7882e-08,,,pseudogene,GSTM5P1,,
rs709157,3,12462024.0,PPARG,0,within,False,,,best_GxC_snps_whradjbmi_zhu_sex.txt,rs709157,1.81188e-09,,,protein_coding,PPARG,,
rs9872031,3,12496461.0,None within 10kb,N/A,N/A,False,,,best_GxC_snps_whradjbmi_zhu_sex.txt,rs9872031,4.49741e-12,,,N/A,,,
rs2371767,3,64718258.0,ADAMTS9-AS2,0,within,False,,,best_GxC_snps_whradjbmi_zhu_sex.txt,rs2371767,8.77262e-19,,,antisense,ADAMTS9-AS2,,
rs9808900,3,129329813.0,PLXND1,4152,downstream,False,,,best_GxC_snps_whradjbmi_zhu_sex.txt,rs9808900,2.72696e-10,,,protein_coding,PLXND1,,
rs4450871,4,4990298.0,None within 10kb,N/A,N/A,False,,,best_GxC_snps_whradjbmi_zhu_sex.txt,rs4450871,4.3885e-09,,,N/A,,,
rs6532079,4,89686573.0,FAM13A,0,within,False,,,best_GxC_snps_whradjbmi_zhu_sex.txt,rs6532079,1.93553e-09,,,protein_coding,FAM13A,,
rs72614904,,,Position unknown,N/A,N/A,False,,,best_GxC_snps_whradjbmi_zhu_sex.txt,rs72614904,2.62425e-11,,,N/A,,,404 Client Error: Not Found. for url: https://myvariant.info/v1/variant/rs72614904?fields=clinvar.rcv.clinical_significance%2Cclinvar.rcv.conditions.name%2Cclinvar.variant_id&assembly=hg19
rs28514678,4,89768821.0,FAM13A,0,within,False,,,best_GxC_snps_whradjbmi_zhu_sex.txt,rs28514678,3.37367e-08,,,protein_coding,FAM13A,,
rs3936510,5,55860866.0,AC022431.2,0,within,False,,,best_GxC_snps_whradjbmi_zhu_sex.txt,rs3936510,4.67018e-14,,,protein_coding,AC022431.2,,
rs6877025,5,118692612.0,TNFAIP8,0,within,False,,,best_GxC_snps_whradjbmi_zhu_sex.txt,rs6877025,4.677e-11,,,protein_coding,TNFAIP8,,
rs78114378,6,34194268.0,CYCSP55,6425,downstream,False,,,best_GxC_snps_whradjbmi_zhu_sex.txt,rs78114378,7.14859e-11,,,pseudogene,CYCSP55,,
rs11967262,6,43760327.0,VEGFA,6103,downstream,False,,,best_GxC_snps_whradjbmi_zhu_sex.txt,rs11967262,1.78128e-23,,,protein_coding,VEGFA,,
rs6458350,6,43789616.0,None within 10kb,N/A,N/A,False,,,best_GxC_snps_whradjbmi_zhu_sex.txt,rs6458350,4.03965e-09,,,N/A,,,
rs577721086,6,127440047.0,RSPO3,0,within,False,,,best_GxC_snps_whradjbmi_zhu_sex.txt,rs577721086,2.08229e-33,,,protein_coding,RSPO3,,
rs1967685,6,127452426.0,RSPO3,0,within,False,,,best_GxC_snps_whradjbmi_zhu_sex.txt,rs1967685,1.7144e-17,,,protein_coding,RSPO3,,
rs679582,6,139831180.0,None within 10kb,N/A,N/A,False,,,best_GxC_snps_whradjbmi_zhu_sex.txt,rs679582,4.04418e-16,,,N/A,,,
rs12666961,7,25895685.0,None within 10kb,N/A,N/A,False,,,best_GxC_snps_whradjbmi_zhu_sex.txt,rs12666961,3.97507e-09,,,N/A,,,
rs1534696,7,26397239.0,SNX10,0,within,False,,,best_GxC_snps_whradjbmi_zhu_sex.txt,rs1534696,2.26506e-17,,,protein_coding,SNX10,,
7:130438531_CTTTTTT_C,,,Position unknown,N/A,N/A,False,,,best_GxC_snps_whradjbmi_zhu_sex.txt,7:130438531_CTTTTTT_C,3.33268e-18,,,N/A,,,404 Client Error: Not Found. for url: https://myvariant.info/v1/variant/7:130438531_CTTTTTT_C?fields=clinvar.rcv.clinical_significance%2Cclinvar.rcv.conditions.name%2Cclinvar.variant_id&assembly=hg19
rs1561105,8,23610799.0,RP11-175E9.1,0,within,False,,,best_GxC_snps_whradjbmi_zhu_sex.txt,rs1561105,1.28542e-09,,,antisense,RP11-175E9.1,,
rs2980860,8,126485337.0,RP11-136O12.2,0,within,False,,,best_GxC_snps_whradjbmi_zhu_sex.txt,rs2980860,2.34635e-08,,,lincRNA,RP11-136O12.2,,
rs71468663,11,64018105.0,PLCB3,890,upstream,False,,,best_GxC_snps_whradjbmi_zhu_sex.txt,rs71468663,5.26096e-11,,,protein_coding,PLCB3|RP11-783K16.13|RP11-783K16.5|PPP1R14B|FKBP2,,
rs718314,12,26453283.0,RP11-283G6.4,0,within,False,,,best_GxC_snps_whradjbmi_zhu_sex.txt,rs718314,1.45413e-13,,,antisense,RP11-283G6.4|RP11-283G6.5|SSPN,,
rs12369179,12,122963550.0,ZCCHC8,0,within,False,,,best_GxC_snps_whradjbmi_zhu_sex.txt,rs12369179,6.56443e-12,,,protein_coding,ZCCHC8,,
rs580063,12,123206340.0,HCAR1,0,within,False,,,best_GxC_snps_whradjbmi_zhu_sex.txt,rs580063,4.86352e-11,,,protein_coding,HCAR1|RP11-324E6.9|HCAR3|RP11-324E6.6,,
rs11060344,12,123329101.0,HIP1R,0,within,False,,,best_GxC_snps_whradjbmi_zhu_sex.txt,rs11060344,4.79837e-11,,,protein_coding,HIP1R,,
rs75759977,12,123757504.0,CDK2AP1,623,downstream,False,,,best_GxC_snps_whradjbmi_zhu_sex.txt,rs75759977,1.17161e-08,,,protein_coding,CDK2AP1|RNA5SP375,,
rs7962448,12,124272076.0,DNAH10,0,within,False,,,best_GxC_snps_whradjbmi_zhu_sex.txt,rs7962448,8.28214e-10,,,protein_coding,DNAH10,,
rs111534340,12,124378965.0,DNAH10,0,within,False,,,best_GxC_snps_whradjbmi_zhu_sex.txt,rs111534340,1.95718e-08,,,protein_coding,DNAH10,,
rs7133378,12,124409502.0,DNAH10,0,within,False,,,best_GxC_snps_whradjbmi_zhu_sex.txt,rs7133378,1.96449e-20,,,protein_coding,DNAH10|CCDC92|RP11-380L11.4|DNAH10OS,,
rs863750,12,124505444.0,FAM101A,0,within,False,,,best_GxC_snps_whradjbmi_zhu_sex.txt,rs863750,1.62428e-14,,,protein_coding,FAM101A|ZNF664,,
rs11057457,12,124605086.0,FAM101A,0,within,False,,,best_GxC_snps_whradjbmi_zhu_sex.txt,rs11057457,1.08517e-08,,,protein_coding,FAM101A,,
rs2925979,16,81534790.0,CMIP,0,within,False,,,best_GxC_snps_whradjbmi_zhu_sex.txt,rs2925979,8.330949999999999e-20,,,protein_coding,CMIP,,
rs62070804,17,27889643.0,ABHD15,0,within,False,,,best_GxC_snps_whradjbmi_zhu_sex.txt,rs62070804,3.47136e-10,,,protein_coding,ABHD15|RP11-68I3.2|TP53I13|RP11-68I3.4,,
rs1588278,17,68476429.0,None within 10kb,N/A,N/A,False,,,best_GxC_snps_whradjbmi_zhu_sex.txt,rs1588278,1.47177e-11,,,N/A,,,
rs3810068,18,2846499.0,EMILIN2,529,upstream,False,,,best_GxC_snps_whradjbmi_zhu_sex.txt,rs3810068,4.9019e-10,,,protein_coding,EMILIN2,,
rs12454712,18,60845884.0,BCL2,0,within,False,,,best_GxC_snps_whradjbmi_zhu_sex.txt,rs12454712,4.72051e-08,,,protein_coding,BCL2,,
rs745455,20,51705811.0,TSHZ2,0,within,False,,,best_GxC_snps_whradjbmi_zhu_sex.txt,rs745455,6.31928e-09,,,protein_coding,TSHZ2|RN7SKP184,,
rs174583,11,61609750.0,FADS2,0,within,False,,,best_GxC_snps_ldl_0_statins.txt,rs174583,3.41722e-13,,,protein_coding,FADS2,,
rs12819994,12,21334369.0,SLCO1B1,0,within,False,,,best_GxC_snps_ldl_0_statins.txt,rs12819994,3.19889e-09,,,protein_coding,SLCO1B1|RP11-125O5.2,,
rs2954027,8,126485294.0,RP11-136O12.2,0,within,False,,,best_GxC_snps_alanine_aminotrans_sex.txt,rs2954027,3.2728e-10,,,lincRNA,RP11-136O12.2,,
rs3747207,22,44324855.0,PNPLA3,0,within,False,,,best_GxC_snps_alanine_aminotrans_sex.txt,rs3747207,6.67171e-12,,,protein_coding,PNPLA3,,
rs183130,16,56991363.0,AC012181.1,90,downstream,False,,,best_GxC_snps_hdl_statins.txt,rs183130,2.39656e-08,,,miRNA,AC012181.1|CETP,,
rs429358,19,45411941.0,APOE,0,within,True,risk factor|drug response|Likely pathogenic|Conflicting interpretations of pathogenicity; other; risk factor|Uncertain significance|not provided|Pathogenic/Established risk allele|association|Pathogenic,"Alzheimer disease 2 (AD2)|Warfarin response|Alzheimer disease|Familial hypercholesterolemia|not specified|Lipoprotein glomerulopathy (LPG)|APOE5 VARIANT|Alzheimer disease 4 (AD4)|Primary degenerative dementia of the Alzheimer type, presenile onset|not provided|Familial type 3 hyperlipoproteinemia|APOE4(-)-FREIBURG",best_GxC_snps_hdl_statins.txt,rs429358,2.25499e-08,,,protein_coding,APOE|TOMM40|APOC1,441269.0,
